volume	chapter_code	chapter_title	status	legacy_source_status	mapped_rule_count	canonical_path	next_action
I	I/01	Scalars, Vectors and Linear Combinations	PLANNED	LEGACY_SOURCE_IDENTIFIED	9	books/vol01_linear_algebra/chapters/ch01_scalars_vectors_and_linear_combinations/chapter.tex	MAP_AND_REWRITE
I	I/02	Subspaces, Span and Linear Independence	PLANNED	LEGACY_SOURCE_IDENTIFIED	3	books/vol01_linear_algebra/chapters/ch02_subspaces_span_and_linear_independence/chapter.tex	MAP_AND_REWRITE
I	I/03	Bases and Dimension	PLANNED	LEGACY_SOURCE_IDENTIFIED	3	books/vol01_linear_algebra/chapters/ch03_bases_and_dimension/chapter.tex	MAP_AND_REWRITE
I	I/04	Coordinates and Change of Basis	PLANNED	LEGACY_SOURCE_IDENTIFIED	3	books/vol01_linear_algebra/chapters/ch04_coordinates_and_change_of_basis/chapter.tex	MAP_AND_REWRITE
I	I/05	Linear Transformations	PLANNED	LEGACY_SOURCE_IDENTIFIED	3	books/vol01_linear_algebra/chapters/ch05_linear_transformations/chapter.tex	MAP_AND_REWRITE
I	I/06	Kernels, Images and Isomorphisms	PLANNED	LEGACY_SOURCE_IDENTIFIED	3	books/vol01_linear_algebra/chapters/ch06_kernels_images_and_isomorphisms/chapter.tex	MAP_AND_REWRITE
I	I/07	Matrix Representation of Linear Maps	PLANNED	LEGACY_SOURCE_IDENTIFIED	3	books/vol01_linear_algebra/chapters/ch07_matrix_representation_of_linear_maps/chapter.tex	MAP_AND_REWRITE
I	I/08	Determinants and Trace	PLANNED	LEGACY_SOURCE_IDENTIFIED	3	books/vol01_linear_algebra/chapters/ch08_determinants_and_trace/chapter.tex	MAP_AND_REWRITE
I	I/09	Eigenvalues and Eigenvectors	PLANNED	LEGACY_SOURCE_IDENTIFIED	4	books/vol01_linear_algebra/chapters/ch09_eigenvalues_and_eigenvectors/chapter.tex	MAP_AND_REWRITE
I	I/10	Invariant Subspaces and Triangularization	PLANNED	LEGACY_SOURCE_IDENTIFIED	3	books/vol01_linear_algebra/chapters/ch10_invariant_subspaces_and_triangularization/chapter.tex	MAP_AND_REWRITE
I	I/11	Diagonalization and Minimal Polynomials	PLANNED	LEGACY_SOURCE_IDENTIFIED	3	books/vol01_linear_algebra/chapters/ch11_diagonalization_and_minimal_polynomials/chapter.tex	MAP_AND_REWRITE
I	I/12	Canonical Forms	PLANNED	LEGACY_SOURCE_IDENTIFIED	3	books/vol01_linear_algebra/chapters/ch12_canonical_forms/chapter.tex	MAP_AND_REWRITE
I	I/13	Inner Products and Orthogonality	PLANNED	LEGACY_SOURCE_IDENTIFIED	3	books/vol01_linear_algebra/chapters/ch13_inner_products_and_orthogonality/chapter.tex	MAP_AND_REWRITE
I	I/14	Gram–Schmidt and Orthogonal Projection	PLANNED	LEGACY_SOURCE_IDENTIFIED	3	books/vol01_linear_algebra/chapters/ch14_gram_schmidt_and_orthogonal_projection/chapter.tex	MAP_AND_REWRITE
I	I/15	Orthogonal and Unitary Operators	PLANNED	LEGACY_SOURCE_IDENTIFIED	3	books/vol01_linear_algebra/chapters/ch15_orthogonal_and_unitary_operators/chapter.tex	MAP_AND_REWRITE
I	I/16	The Spectral Theorem	PLANNED	LEGACY_SOURCE_IDENTIFIED	3	books/vol01_linear_algebra/chapters/ch16_the_spectral_theorem/chapter.tex	MAP_AND_REWRITE
I	I/17	Quadratic Forms	PLANNED	LEGACY_SOURCE_IDENTIFIED	3	books/vol01_linear_algebra/chapters/ch17_quadratic_forms/chapter.tex	MAP_AND_REWRITE
I	I/18	Singular-Value Decomposition	PLANNED	LEGACY_SOURCE_IDENTIFIED	3	books/vol01_linear_algebra/chapters/ch18_singular_value_decomposition/chapter.tex	MAP_AND_REWRITE
II	II/01	The Real Number System and Completeness	PLANNED	LEGACY_SOURCE_IDENTIFIED	7	books/vol02_real_analysis/chapters/ch01_the_real_number_system_and_completeness/chapter.tex	MAP_AND_REWRITE
II	II/02	Euclidean and Normed Spaces	PLANNED	LEGACY_SOURCE_IDENTIFIED	3	books/vol02_real_analysis/chapters/ch02_euclidean_and_normed_spaces/chapter.tex	MAP_AND_REWRITE
II	II/03	Sequences and Cauchy Sequences	PLANNED	LEGACY_SOURCE_IDENTIFIED	6	books/vol02_real_analysis/chapters/ch03_sequences_and_cauchy_sequences/chapter.tex	MAP_AND_REWRITE
II	II/04	Open and Closed Sets	PLANNED	LEGACY_SOURCE_IDENTIFIED	11	books/vol02_real_analysis/chapters/ch04_open_and_closed_sets/chapter.tex	MAP_AND_REWRITE
II	II/05	Metric Spaces and Continuity	PLANNED	LEGACY_SOURCE_IDENTIFIED	9	books/vol02_real_analysis/chapters/ch05_metric_spaces_and_continuity/chapter.tex	MAP_AND_REWRITE
II	II/06	Compactness	PLANNED	LEGACY_SOURCE_IDENTIFIED	13	books/vol02_real_analysis/chapters/ch06_compactness/chapter.tex	MAP_AND_REWRITE
II	II/07	Connectedness and Path Connectedness	PLANNED	LEGACY_SOURCE_IDENTIFIED	9	books/vol02_real_analysis/chapters/ch07_connectedness_and_path_connectedness/chapter.tex	MAP_AND_REWRITE
II	II/08	Differentiability in Several Variables	PLANNED	LEGACY_SOURCE_IDENTIFIED	3	books/vol02_real_analysis/chapters/ch08_differentiability_in_several_variables/chapter.tex	MAP_AND_REWRITE
II	II/09	Inverse and Implicit Function Principles	PLANNED	FRESH_WRITE_REQUIRED	0	books/vol02_real_analysis/chapters/ch09_inverse_and_implicit_function_principles/chapter.tex	WRITE_FROM_SCRATCH
II	II/10	Riemann Integration	PLANNED	LEGACY_SOURCE_IDENTIFIED	8	books/vol02_real_analysis/chapters/ch10_riemann_integration/chapter.tex	MAP_AND_REWRITE
II	II/11	Pointwise and Uniform Convergence	PLANNED	LEGACY_SOURCE_IDENTIFIED	4	books/vol02_real_analysis/chapters/ch11_pointwise_and_uniform_convergence/chapter.tex	MAP_AND_REWRITE
II	II/12	Interchanging Limits, Derivatives and Integrals	PLANNED	LEGACY_SOURCE_IDENTIFIED	3	books/vol02_real_analysis/chapters/ch12_interchanging_limits_derivatives_and_integrals/chapter.tex	MAP_AND_REWRITE
II	II/13	Infinite Series of Functions	PLANNED	LEGACY_SOURCE_IDENTIFIED	3	books/vol02_real_analysis/chapters/ch13_infinite_series_of_functions/chapter.tex	MAP_AND_REWRITE
II	II/14	Trigonometric Series	PLANNED	LEGACY_SOURCE_IDENTIFIED	3	books/vol02_real_analysis/chapters/ch14_trigonometric_series/chapter.tex	MAP_AND_REWRITE
II	II/15	Pathological and Nowhere-Differentiable Functions	PLANNED	LEGACY_SOURCE_IDENTIFIED	4	books/vol02_real_analysis/chapters/ch15_pathological_and_nowhere_differentiable_functions/chapter.tex	MAP_AND_REWRITE
II	II/16	Contraction Mappings	PLANNED	LEGACY_SOURCE_IDENTIFIED	3	books/vol02_real_analysis/chapters/ch16_contraction_mappings/chapter.tex	MAP_AND_REWRITE
II	II/17	Brouwer-Type Fixed-Point Ideas	PLANNED	LEGACY_SOURCE_IDENTIFIED	3	books/vol02_real_analysis/chapters/ch17_brouwer_type_fixed_point_ideas/chapter.tex	MAP_AND_REWRITE
II	II/18	Integral Equations	PLANNED	LEGACY_SOURCE_IDENTIFIED	6	books/vol02_real_analysis/chapters/ch18_integral_equations/chapter.tex	MAP_AND_REWRITE
II	II/19	Elementary Existence Theory for ODEs	PLANNED	LEGACY_SOURCE_IDENTIFIED	6	books/vol02_real_analysis/chapters/ch19_elementary_existence_theory_for_odes/chapter.tex	MAP_AND_REWRITE
II	II/20	Polynomial Interpolation	PLANNED	LEGACY_SOURCE_IDENTIFIED	16	books/vol02_real_analysis/chapters/ch20_polynomial_interpolation/chapter.tex	MAP_AND_REWRITE
II	II/21	Polynomial Approximation	PLANNED	LEGACY_SOURCE_IDENTIFIED	3	books/vol02_real_analysis/chapters/ch21_polynomial_approximation/chapter.tex	MAP_AND_REWRITE
II	II/22	Chebyshev and Minimax Approximation	PLANNED	LEGACY_SOURCE_IDENTIFIED	7	books/vol02_real_analysis/chapters/ch22_chebyshev_and_minimax_approximation/chapter.tex	MAP_AND_REWRITE
II	II/23	The Alternation Principle	PLANNED	LEGACY_SOURCE_IDENTIFIED	3	books/vol02_real_analysis/chapters/ch23_the_alternation_principle/chapter.tex	MAP_AND_REWRITE
II	II/24	Numerical Quadrature	PLANNED	LEGACY_SOURCE_IDENTIFIED	6	books/vol02_real_analysis/chapters/ch24_numerical_quadrature/chapter.tex	MAP_AND_REWRITE
II	II/25	Continued Fractions and Approximation Topics	PLANNED	LEGACY_SOURCE_IDENTIFIED	4	books/vol02_real_analysis/chapters/ch25_continued_fractions_and_approximation_topics/chapter.tex	MAP_AND_REWRITE
III	III/01	Sigma-Algebras and Measures	PLANNED	LEGACY_SOURCE_IDENTIFIED	4	books/vol03_fourier_distributions_pde/chapters/ch01_sigma_algebras_and_measures/chapter.tex	MAP_AND_REWRITE
III	III/02	Measurable Functions	PLANNED	LEGACY_SOURCE_IDENTIFIED	3	books/vol03_fourier_distributions_pde/chapters/ch02_measurable_functions/chapter.tex	MAP_AND_REWRITE
III	III/03	The Lebesgue Integral	PLANNED	LEGACY_SOURCE_IDENTIFIED	3	books/vol03_fourier_distributions_pde/chapters/ch03_the_lebesgue_integral/chapter.tex	MAP_AND_REWRITE
III	III/04	Convergence Theorems	PLANNED	LEGACY_SOURCE_IDENTIFIED	3	books/vol03_fourier_distributions_pde/chapters/ch04_convergence_theorems/chapter.tex	MAP_AND_REWRITE
III	III/05	Product Measures and Fubini Theory	PLANNED	LEGACY_SOURCE_IDENTIFIED	3	books/vol03_fourier_distributions_pde/chapters/ch05_product_measures_and_fubini_theory/chapter.tex	MAP_AND_REWRITE
III	III/06	Lp Spaces	PLANNED	LEGACY_SOURCE_IDENTIFIED	3	books/vol03_fourier_distributions_pde/chapters/ch06_lp_spaces/chapter.tex	MAP_AND_REWRITE
III	III/07	Hölder, Minkowski and Interpolation	PLANNED	LEGACY_SOURCE_IDENTIFIED	3	books/vol03_fourier_distributions_pde/chapters/ch07_h_lder_minkowski_and_interpolation/chapter.tex	MAP_AND_REWRITE
III	III/08	Egorov, Vitali and Weak-Lp Ideas	PLANNED	LEGACY_SOURCE_IDENTIFIED	3	books/vol03_fourier_distributions_pde/chapters/ch08_egorov_vitali_and_weak_lp_ideas/chapter.tex	MAP_AND_REWRITE
III	III/09	Fourier Series	PLANNED	LEGACY_SOURCE_IDENTIFIED	4	books/vol03_fourier_distributions_pde/chapters/ch09_fourier_series/chapter.tex	MAP_AND_REWRITE
III	III/10	Convolution and Approximate Identities	PLANNED	LEGACY_SOURCE_IDENTIFIED	3	books/vol03_fourier_distributions_pde/chapters/ch10_convolution_and_approximate_identities/chapter.tex	MAP_AND_REWRITE
III	III/11	The Fourier Transform	PLANNED	LEGACY_SOURCE_IDENTIFIED	7	books/vol03_fourier_distributions_pde/chapters/ch11_the_fourier_transform/chapter.tex	MAP_AND_REWRITE
III	III/12	The Gaussian and Transform Calculus	PLANNED	LEGACY_SOURCE_IDENTIFIED	3	books/vol03_fourier_distributions_pde/chapters/ch12_the_gaussian_and_transform_calculus/chapter.tex	MAP_AND_REWRITE
III	III/13	Plancherel and L2 Fourier Theory	PLANNED	LEGACY_SOURCE_IDENTIFIED	6	books/vol03_fourier_distributions_pde/chapters/ch13_plancherel_and_l2_fourier_theory/chapter.tex	MAP_AND_REWRITE
III	III/14	The Schwartz Space	PLANNED	LEGACY_SOURCE_IDENTIFIED	3	books/vol03_fourier_distributions_pde/chapters/ch14_the_schwartz_space/chapter.tex	MAP_AND_REWRITE
III	III/15	Test-Function Spaces	PLANNED	LEGACY_SOURCE_IDENTIFIED	4	books/vol03_fourier_distributions_pde/chapters/ch15_test_function_spaces/chapter.tex	MAP_AND_REWRITE
III	III/16	Distributions and Distributional Derivatives	PLANNED	LEGACY_SOURCE_IDENTIFIED	10	books/vol03_fourier_distributions_pde/chapters/ch16_distributions_and_distributional_derivatives/chapter.tex	MAP_AND_REWRITE
III	III/17	Support and Singular Distributions	PLANNED	LEGACY_SOURCE_IDENTIFIED	3	books/vol03_fourier_distributions_pde/chapters/ch17_support_and_singular_distributions/chapter.tex	MAP_AND_REWRITE
III	III/18	Tempered Distributions	PLANNED	LEGACY_SOURCE_IDENTIFIED	6	books/vol03_fourier_distributions_pde/chapters/ch18_tempered_distributions/chapter.tex	MAP_AND_REWRITE
III	III/19	Fourier Transform of Distributions	PLANNED	LEGACY_SOURCE_IDENTIFIED	9	books/vol03_fourier_distributions_pde/chapters/ch19_fourier_transform_of_distributions/chapter.tex	MAP_AND_REWRITE
III	III/20	Weak Derivatives	PLANNED	LEGACY_SOURCE_IDENTIFIED	3	books/vol03_fourier_distributions_pde/chapters/ch20_weak_derivatives/chapter.tex	MAP_AND_REWRITE
III	III/21	Sobolev Spaces	PLANNED	LEGACY_SOURCE_IDENTIFIED	6	books/vol03_fourier_distributions_pde/chapters/ch21_sobolev_spaces/chapter.tex	MAP_AND_REWRITE
III	III/22	Approximation and Density	PLANNED	LEGACY_SOURCE_IDENTIFIED	3	books/vol03_fourier_distributions_pde/chapters/ch22_approximation_and_density/chapter.tex	MAP_AND_REWRITE
III	III/23	Weak Boundary-Value Problems	PLANNED	LEGACY_SOURCE_IDENTIFIED	3	books/vol03_fourier_distributions_pde/chapters/ch23_weak_boundary_value_problems/chapter.tex	MAP_AND_REWRITE
III	III/24	Fundamental Solutions	PLANNED	LEGACY_SOURCE_IDENTIFIED	9	books/vol03_fourier_distributions_pde/chapters/ch24_fundamental_solutions/chapter.tex	MAP_AND_REWRITE
III	III/25	Green Functions	PLANNED	LEGACY_SOURCE_IDENTIFIED	7	books/vol03_fourier_distributions_pde/chapters/ch25_green_functions/chapter.tex	MAP_AND_REWRITE
III	III/26	Sturm–Liouville Green Kernels	PLANNED	LEGACY_SOURCE_IDENTIFIED	5	books/vol03_fourier_distributions_pde/chapters/ch26_sturm_liouville_green_kernels/chapter.tex	MAP_AND_REWRITE
III	III/27	Elliptic Operators and Maximum Principles	PLANNED	LEGACY_SOURCE_IDENTIFIED	3	books/vol03_fourier_distributions_pde/chapters/ch27_elliptic_operators_and_maximum_principles/chapter.tex	MAP_AND_REWRITE
III	III/28	Spectral and Transform Methods for PDE	PLANNED	LEGACY_SOURCE_IDENTIFIED	9	books/vol03_fourier_distributions_pde/chapters/ch28_spectral_and_transform_methods_for_pde/chapter.tex	MAP_AND_REWRITE
IV	IV/01	Complex Differentiability	PLANNED	LEGACY_SOURCE_IDENTIFIED	6	books/vol04_complex_analysis/chapters/ch01_complex_differentiability/chapter.tex	MAP_AND_REWRITE
IV	IV/02	Cauchy–Riemann Equations	PLANNED	LEGACY_SOURCE_IDENTIFIED	3	books/vol04_complex_analysis/chapters/ch02_cauchy_riemann_equations/chapter.tex	MAP_AND_REWRITE
IV	IV/03	Power Series and Analytic Functions	PLANNED	LEGACY_SOURCE_IDENTIFIED	7	books/vol04_complex_analysis/chapters/ch03_power_series_and_analytic_functions/chapter.tex	MAP_AND_REWRITE
IV	IV/04	Complex Integration	PLANNED	LEGACY_SOURCE_IDENTIFIED	27	books/vol04_complex_analysis/chapters/ch04_complex_integration/chapter.tex	MAP_AND_REWRITE
IV	IV/05	Cauchy's Theorem	PLANNED	LEGACY_SOURCE_IDENTIFIED	6	books/vol04_complex_analysis/chapters/ch05_cauchy_s_theorem/chapter.tex	MAP_AND_REWRITE
IV	IV/06	Cauchy's Integral Formula	PLANNED	LEGACY_SOURCE_IDENTIFIED	3	books/vol04_complex_analysis/chapters/ch06_cauchy_s_integral_formula/chapter.tex	MAP_AND_REWRITE
IV	IV/07	Zeros and the Identity Theorem	PLANNED	LEGACY_SOURCE_IDENTIFIED	6	books/vol04_complex_analysis/chapters/ch07_zeros_and_the_identity_theorem/chapter.tex	MAP_AND_REWRITE
IV	IV/08	Laurent Series	PLANNED	LEGACY_SOURCE_IDENTIFIED	18	books/vol04_complex_analysis/chapters/ch08_laurent_series/chapter.tex	MAP_AND_REWRITE
IV	IV/09	Isolated Singularities	PLANNED	LEGACY_SOURCE_IDENTIFIED	6	books/vol04_complex_analysis/chapters/ch09_isolated_singularities/chapter.tex	MAP_AND_REWRITE
IV	IV/10	Residues and the Residue Theorem	PLANNED	LEGACY_SOURCE_IDENTIFIED	12	books/vol04_complex_analysis/chapters/ch10_residues_and_the_residue_theorem/chapter.tex	MAP_AND_REWRITE
IV	IV/11	Evaluation of Real Integrals	PLANNED	LEGACY_SOURCE_IDENTIFIED	3	books/vol04_complex_analysis/chapters/ch11_evaluation_of_real_integrals/chapter.tex	MAP_AND_REWRITE
IV	IV/12	Winding Numbers and the Argument Principle	PLANNED	LEGACY_SOURCE_IDENTIFIED	22	books/vol04_complex_analysis/chapters/ch12_winding_numbers_and_the_argument_principle/chapter.tex	MAP_AND_REWRITE
IV	IV/13	Rouché's Theorem	PLANNED	LEGACY_SOURCE_IDENTIFIED	3	books/vol04_complex_analysis/chapters/ch13_rouch_s_theorem/chapter.tex	MAP_AND_REWRITE
IV	IV/14	Branches of the Logarithm and Roots	PLANNED	LEGACY_SOURCE_IDENTIFIED	10	books/vol04_complex_analysis/chapters/ch14_branches_of_the_logarithm_and_roots/chapter.tex	MAP_AND_REWRITE
IV	IV/15	Analytic Continuation	PLANNED	LEGACY_SOURCE_IDENTIFIED	6	books/vol04_complex_analysis/chapters/ch15_analytic_continuation/chapter.tex	MAP_AND_REWRITE
IV	IV/16	Möbius Transformations	PLANNED	LEGACY_SOURCE_IDENTIFIED	4	books/vol04_complex_analysis/chapters/ch16_m_bius_transformations/chapter.tex	MAP_AND_REWRITE
IV	IV/17	Conformal Mapping	PLANNED	LEGACY_SOURCE_IDENTIFIED	15	books/vol04_complex_analysis/chapters/ch17_conformal_mapping/chapter.tex	MAP_AND_REWRITE
IV	IV/18	Schwarz–Christoffel Transformations	PLANNED	LEGACY_SOURCE_IDENTIFIED	3	books/vol04_complex_analysis/chapters/ch18_schwarz_christoffel_transformations/chapter.tex	MAP_AND_REWRITE
IV	IV/19	The Gamma Function	PLANNED	LEGACY_SOURCE_IDENTIFIED	4	books/vol04_complex_analysis/chapters/ch19_the_gamma_function/chapter.tex	MAP_AND_REWRITE
IV	IV/20	Beta and Gamma Identities	PLANNED	LEGACY_SOURCE_IDENTIFIED	3	books/vol04_complex_analysis/chapters/ch20_beta_and_gamma_identities/chapter.tex	MAP_AND_REWRITE
IV	IV/21	Keyhole Contours and Branch-Cut Integrals	PLANNED	LEGACY_SOURCE_IDENTIFIED	3	books/vol04_complex_analysis/chapters/ch21_keyhole_contours_and_branch_cut_integrals/chapter.tex	MAP_AND_REWRITE
IV	IV/22	From Analytic Continuation to Riemann Surfaces	PLANNED	LEGACY_SOURCE_IDENTIFIED	9	books/vol04_complex_analysis/chapters/ch22_from_analytic_continuation_to_riemann_surfaces/chapter.tex	MAP_AND_REWRITE
IV	IV/23	Covering Maps and Monodromy	PLANNED	LEGACY_SOURCE_IDENTIFIED	8	books/vol04_complex_analysis/chapters/ch23_covering_maps_and_monodromy/chapter.tex	MAP_AND_REWRITE
IV	IV/24	Branched Coverings	PLANNED	LEGACY_SOURCE_IDENTIFIED	7	books/vol04_complex_analysis/chapters/ch24_branched_coverings/chapter.tex	MAP_AND_REWRITE
IV	IV/25	Construction by Gluing	PLANNED	LEGACY_SOURCE_IDENTIFIED	6	books/vol04_complex_analysis/chapters/ch25_construction_by_gluing/chapter.tex	MAP_AND_REWRITE
IV	IV/26	Compactification and Genus	PLANNED	LEGACY_SOURCE_IDENTIFIED	3	books/vol04_complex_analysis/chapters/ch26_compactification_and_genus/chapter.tex	MAP_AND_REWRITE
IV	IV/27	Lattices and Complex Tori	PLANNED	LEGACY_SOURCE_IDENTIFIED	4	books/vol04_complex_analysis/chapters/ch27_lattices_and_complex_tori/chapter.tex	MAP_AND_REWRITE
IV	IV/28	Elliptic Functions	PLANNED	LEGACY_SOURCE_IDENTIFIED	7	books/vol04_complex_analysis/chapters/ch28_elliptic_functions/chapter.tex	MAP_AND_REWRITE
IV	IV/29	The Weierstrass ℘-Function	PLANNED	LEGACY_SOURCE_IDENTIFIED	9	books/vol04_complex_analysis/chapters/ch29_the_weierstrass_function/chapter.tex	MAP_AND_REWRITE
IV	IV/30	Addition Formulas	PLANNED	LEGACY_SOURCE_IDENTIFIED	7	books/vol04_complex_analysis/chapters/ch30_addition_formulas/chapter.tex	MAP_AND_REWRITE
IV	IV/31	Elliptic Curves as Riemann Surfaces	PLANNED	LEGACY_SOURCE_IDENTIFIED	4	books/vol04_complex_analysis/chapters/ch31_elliptic_curves_as_riemann_surfaces/chapter.tex	MAP_AND_REWRITE
V	V/01	Rings, Ideals and Quotients	PLANNED	LEGACY_SOURCE_IDENTIFIED	3	books/vol05_commutative_algebra/chapters/ch01_rings_ideals_and_quotients/chapter.tex	MAP_AND_REWRITE
V	V/02	Prime and Maximal Ideals	PLANNED	LEGACY_SOURCE_IDENTIFIED	3	books/vol05_commutative_algebra/chapters/ch02_prime_and_maximal_ideals/chapter.tex	MAP_AND_REWRITE
V	V/03	Radicals and Nilpotents	PLANNED	LEGACY_SOURCE_IDENTIFIED	3	books/vol05_commutative_algebra/chapters/ch03_radicals_and_nilpotents/chapter.tex	MAP_AND_REWRITE
V	V/04	Chinese Remainder Theory	PLANNED	LEGACY_SOURCE_IDENTIFIED	10	books/vol05_commutative_algebra/chapters/ch04_chinese_remainder_theory/chapter.tex	MAP_AND_REWRITE
V	V/05	Multiplicative Systems	PLANNED	LEGACY_SOURCE_IDENTIFIED	5	books/vol05_commutative_algebra/chapters/ch05_multiplicative_systems/chapter.tex	MAP_AND_REWRITE
V	V/06	Localization of Rings	PLANNED	LEGACY_SOURCE_IDENTIFIED	3	books/vol05_commutative_algebra/chapters/ch06_localization_of_rings/chapter.tex	MAP_AND_REWRITE
V	V/07	Localization of Modules	PLANNED	LEGACY_SOURCE_IDENTIFIED	6	books/vol05_commutative_algebra/chapters/ch07_localization_of_modules/chapter.tex	MAP_AND_REWRITE
V	V/08	Local Rings and Localization at Primes	PLANNED	LEGACY_SOURCE_IDENTIFIED	12	books/vol05_commutative_algebra/chapters/ch08_local_rings_and_localization_at_primes/chapter.tex	MAP_AND_REWRITE
V	V/09	Modules and Exact Sequences	PLANNED	LEGACY_SOURCE_IDENTIFIED	8	books/vol05_commutative_algebra/chapters/ch09_modules_and_exact_sequences/chapter.tex	MAP_AND_REWRITE
V	V/10	Tensor Products	PLANNED	LEGACY_SOURCE_IDENTIFIED	17	books/vol05_commutative_algebra/chapters/ch10_tensor_products/chapter.tex	MAP_AND_REWRITE
V	V/11	Quotients and Base Change	PLANNED	LEGACY_SOURCE_IDENTIFIED	9	books/vol05_commutative_algebra/chapters/ch11_quotients_and_base_change/chapter.tex	MAP_AND_REWRITE
V	V/12	Hom and Finitely Presented Modules	PLANNED	LEGACY_SOURCE_IDENTIFIED	21	books/vol05_commutative_algebra/chapters/ch12_hom_and_finitely_presented_modules/chapter.tex	MAP_AND_REWRITE
V	V/13	Free and Projective Modules	PLANNED	LEGACY_SOURCE_IDENTIFIED	3	books/vol05_commutative_algebra/chapters/ch13_free_and_projective_modules/chapter.tex	MAP_AND_REWRITE
V	V/14	Flat Modules	PLANNED	LEGACY_SOURCE_IDENTIFIED	6	books/vol05_commutative_algebra/chapters/ch14_flat_modules/chapter.tex	MAP_AND_REWRITE
V	V/15	Noetherian Rings and Modules	PLANNED	LEGACY_SOURCE_IDENTIFIED	6	books/vol05_commutative_algebra/chapters/ch15_noetherian_rings_and_modules/chapter.tex	MAP_AND_REWRITE
V	V/16	Support	PLANNED	LEGACY_SOURCE_IDENTIFIED	10	books/vol05_commutative_algebra/chapters/ch16_support/chapter.tex	MAP_AND_REWRITE
V	V/17	Associated Primes	PLANNED	LEGACY_SOURCE_IDENTIFIED	6	books/vol05_commutative_algebra/chapters/ch17_associated_primes/chapter.tex	MAP_AND_REWRITE
V	V/18	Completion and I-Adic Topology	PLANNED	LEGACY_SOURCE_IDENTIFIED	11	books/vol05_commutative_algebra/chapters/ch18_completion_and_i_adic_topology/chapter.tex	MAP_AND_REWRITE
V	V/19	Integral Dependence	PLANNED	LEGACY_SOURCE_IDENTIFIED	3	books/vol05_commutative_algebra/chapters/ch19_integral_dependence/chapter.tex	MAP_AND_REWRITE
V	V/20	Integral Closure and Normalization	PLANNED	LEGACY_SOURCE_IDENTIFIED	3	books/vol05_commutative_algebra/chapters/ch20_integral_closure_and_normalization/chapter.tex	MAP_AND_REWRITE
V	V/21	Valuation Rings	PLANNED	LEGACY_SOURCE_IDENTIFIED	7	books/vol05_commutative_algebra/chapters/ch21_valuation_rings/chapter.tex	MAP_AND_REWRITE
V	V/22	Chain Complexes	PLANNED	LEGACY_SOURCE_IDENTIFIED	5	books/vol05_commutative_algebra/chapters/ch22_chain_complexes/chapter.tex	MAP_AND_REWRITE
V	V/23	Free Resolutions	PLANNED	LEGACY_SOURCE_IDENTIFIED	13	books/vol05_commutative_algebra/chapters/ch23_free_resolutions/chapter.tex	MAP_AND_REWRITE
V	V/24	Syzygies	PLANNED	LEGACY_SOURCE_IDENTIFIED	6	books/vol05_commutative_algebra/chapters/ch24_syzygies/chapter.tex	MAP_AND_REWRITE
V	V/25	Minimal Resolutions	PLANNED	LEGACY_SOURCE_IDENTIFIED	6	books/vol05_commutative_algebra/chapters/ch25_minimal_resolutions/chapter.tex	MAP_AND_REWRITE
V	V/26	The Tor Functor	PLANNED	LEGACY_SOURCE_IDENTIFIED	3	books/vol05_commutative_algebra/chapters/ch26_the_tor_functor/chapter.tex	MAP_AND_REWRITE
V	V/27	The Ext Functor	PLANNED	LEGACY_SOURCE_IDENTIFIED	3	books/vol05_commutative_algebra/chapters/ch27_the_ext_functor/chapter.tex	MAP_AND_REWRITE
V	V/28	Derived-Functor Viewpoint	PLANNED	LEGACY_SOURCE_IDENTIFIED	3	books/vol05_commutative_algebra/chapters/ch28_derived_functor_viewpoint/chapter.tex	MAP_AND_REWRITE
VI	VI/01	Algebraic Sets	DRAFTED	LEGACY_SOURCE_IDENTIFIED	4	books/vol06_algebraic_geometry/chapters/ch01_algebraic_sets/chapter.tex	SOURCE_DIFF_AND_REVIEW
VI	VI/02	The Zariski Topology	DRAFTED	LEGACY_SOURCE_IDENTIFIED	3	books/vol06_algebraic_geometry/chapters/ch02_zariski_topology/chapter.tex	MATH_REVIEW
VI	VI/03	Coordinate Rings	DRAFTED	LEGACY_SOURCE_IDENTIFIED	3	books/vol06_algebraic_geometry/chapters/ch03_coordinate_rings/chapter.tex	MATH_REVIEW
VI	VI/04	Morphisms of Affine Algebraic Sets	DRAFTED	LEGACY_SOURCE_IDENTIFIED	3	books/vol06_algebraic_geometry/chapters/ch04_morphisms_affine_algebraic_sets/chapter.tex	PROBLEM_ARCHITECTURE_REVIEW
VI	VI/05	Irreducibility, Components and Connectedness	DRAFTED	LEGACY_SOURCE_IDENTIFIED	6	books/vol06_algebraic_geometry/chapters/ch05_irreducibility_components/chapter.tex	PROBLEM_ARCHITECTURE_REVIEW
VI	VI/06	Prime Ideals as Geometric Points	PLANNED	LEGACY_SOURCE_IDENTIFIED	1	books/vol06_algebraic_geometry/chapters/ch06_prime_ideals_as_geometric_points/chapter.tex	MAP_AND_REWRITE
VI	VI/07	The Spectrum of a Ring	PLANNED	LEGACY_SOURCE_IDENTIFIED	7	books/vol06_algebraic_geometry/chapters/ch07_the_spectrum_of_a_ring/chapter.tex	MAP_AND_REWRITE
VI	VI/08	Basic Open Sets D(f)	PLANNED	LEGACY_SOURCE_IDENTIFIED	6	books/vol06_algebraic_geometry/chapters/ch08_basic_open_sets_d_f/chapter.tex	MAP_AND_REWRITE
VI	VI/09	Generic and Closed Points	PLANNED	LEGACY_SOURCE_IDENTIFIED	9	books/vol06_algebraic_geometry/chapters/ch09_generic_and_closed_points/chapter.tex	MAP_AND_REWRITE
VI	VI/10	Reduced and Nonreduced Geometry	PLANNED	LEGACY_SOURCE_IDENTIFIED	6	books/vol06_algebraic_geometry/chapters/ch10_reduced_and_nonreduced_geometry/chapter.tex	MAP_AND_REWRITE
VI	VI/11	Local Rings and Residue Fields	PLANNED	LEGACY_SOURCE_IDENTIFIED	10	books/vol06_algebraic_geometry/chapters/ch11_local_rings_and_residue_fields/chapter.tex	MAP_AND_REWRITE
VI	VI/12	Presheaves	PLANNED	LEGACY_SOURCE_IDENTIFIED	11	books/vol06_algebraic_geometry/chapters/ch12_presheaves/chapter.tex	MAP_AND_REWRITE
VI	VI/13	Sheaves and Stalks	PLANNED	LEGACY_SOURCE_IDENTIFIED	9	books/vol06_algebraic_geometry/chapters/ch13_sheaves_and_stalks/chapter.tex	MAP_AND_REWRITE
VI	VI/14	Sheafification	PLANNED	LEGACY_SOURCE_IDENTIFIED	9	books/vol06_algebraic_geometry/chapters/ch14_sheafification/chapter.tex	MAP_AND_REWRITE
VI	VI/15	Kernels, Images and Quotients of Sheaves	PLANNED	LEGACY_SOURCE_IDENTIFIED	9	books/vol06_algebraic_geometry/chapters/ch15_kernels_images_and_quotients_of_sheaves/chapter.tex	MAP_AND_REWRITE
VI	VI/16	Exact Sequences of Sheaves	PLANNED	LEGACY_SOURCE_IDENTIFIED	9	books/vol06_algebraic_geometry/chapters/ch16_exact_sequences_of_sheaves/chapter.tex	MAP_AND_REWRITE
VI	VI/17	The Structure Sheaf	PLANNED	LEGACY_SOURCE_IDENTIFIED	4	books/vol06_algebraic_geometry/chapters/ch17_the_structure_sheaf/chapter.tex	MAP_AND_REWRITE
VI	VI/18	Affine Schemes	PLANNED	LEGACY_SOURCE_IDENTIFIED	9	books/vol06_algebraic_geometry/chapters/ch18_affine_schemes/chapter.tex	MAP_AND_REWRITE
VI	VI/19	Morphisms of Affine Schemes	PLANNED	LEGACY_SOURCE_IDENTIFIED	3	books/vol06_algebraic_geometry/chapters/ch19_morphisms_of_affine_schemes/chapter.tex	MAP_AND_REWRITE
VI	VI/20	Gluing Affine Schemes	PLANNED	LEGACY_SOURCE_IDENTIFIED	3	books/vol06_algebraic_geometry/chapters/ch20_gluing_affine_schemes/chapter.tex	MAP_AND_REWRITE
VI	VI/21	Schemes and Their Points	PLANNED	LEGACY_SOURCE_IDENTIFIED	3	books/vol06_algebraic_geometry/chapters/ch21_schemes_and_their_points/chapter.tex	MAP_AND_REWRITE
VI	VI/22	Open and Closed Subschemes	PLANNED	LEGACY_SOURCE_IDENTIFIED	4	books/vol06_algebraic_geometry/chapters/ch22_open_and_closed_subschemes/chapter.tex	MAP_AND_REWRITE
VI	VI/23	Fiber Products	PLANNED	LEGACY_SOURCE_IDENTIFIED	7	books/vol06_algebraic_geometry/chapters/ch23_fiber_products/chapter.tex	MAP_AND_REWRITE
VI	VI/24	Base Change	PLANNED	LEGACY_SOURCE_IDENTIFIED	3	books/vol06_algebraic_geometry/chapters/ch24_base_change/chapter.tex	MAP_AND_REWRITE
VI	VI/25	Fibers and Geometric Fibers	PLANNED	LEGACY_SOURCE_IDENTIFIED	3	books/vol06_algebraic_geometry/chapters/ch25_fibers_and_geometric_fibers/chapter.tex	MAP_AND_REWRITE
VI	VI/26	Finite-Type and Noetherian Morphisms	PLANNED	LEGACY_SOURCE_IDENTIFIED	7	books/vol06_algebraic_geometry/chapters/ch26_finite_type_and_noetherian_morphisms/chapter.tex	MAP_AND_REWRITE
VI	VI/27	Integral Schemes and Function Fields	PLANNED	LEGACY_SOURCE_IDENTIFIED	9	books/vol06_algebraic_geometry/chapters/ch27_integral_schemes_and_function_fields/chapter.tex	MAP_AND_REWRITE
VI	VI/28	Normalization	PLANNED	LEGACY_SOURCE_IDENTIFIED	3	books/vol06_algebraic_geometry/chapters/ch28_normalization/chapter.tex	MAP_AND_REWRITE
VI	VI/29	Krull Dimension	PLANNED	LEGACY_SOURCE_IDENTIFIED	7	books/vol06_algebraic_geometry/chapters/ch29_krull_dimension/chapter.tex	MAP_AND_REWRITE
VI	VI/30	Dimension of Schemes	PLANNED	LEGACY_SOURCE_IDENTIFIED	3	books/vol06_algebraic_geometry/chapters/ch30_dimension_of_schemes/chapter.tex	MAP_AND_REWRITE
VI	VI/31	Codimension	PLANNED	LEGACY_SOURCE_IDENTIFIED	3	books/vol06_algebraic_geometry/chapters/ch31_codimension/chapter.tex	MAP_AND_REWRITE
VI	VI/32	Tangent Spaces and Local Geometry	PLANNED	LEGACY_SOURCE_IDENTIFIED	6	books/vol06_algebraic_geometry/chapters/ch32_tangent_spaces_and_local_geometry/chapter.tex	MAP_AND_REWRITE
VI	VI/33	O_X-Modules and Quasi-Coherent Sheaves	DRAFTED	LEGACY_SOURCE_IDENTIFIED	3	books/vol06_algebraic_geometry/chapters/ch33_o_x_modules_quasicoherent/chapter.tex	REVIEW_AND_FREEZE
VI	VI/34	Graded Rings	DRAFTED	LEGACY_SOURCE_IDENTIFIED	4	books/vol06_algebraic_geometry/chapters/ch34_graded_rings/chapter.tex	REVIEW_AND_FREEZE
VI	VI/35	Proj	DRAFTED	LEGACY_SOURCE_IDENTIFIED	3	books/vol06_algebraic_geometry/chapters/ch35_proj/chapter.tex	REVIEW_AND_FREEZE
VI	VI/36	Projective Space	DRAFTED	LEGACY_SOURCE_IDENTIFIED	3	books/vol06_algebraic_geometry/chapters/ch36_projective_space/chapter.tex	REVIEW_AND_FREEZE
VI	VI/37	Projective Schemes	DRAFTED	LEGACY_SOURCE_IDENTIFIED	3	books/vol06_algebraic_geometry/chapters/ch37_projective_schemes/chapter.tex	REVIEW_AND_FREEZE
VI	VI/38	Projective Morphisms and Closed Embeddings	DRAFTED	LEGACY_SOURCE_IDENTIFIED	6	books/vol06_algebraic_geometry/chapters/ch38_projective_morphisms_and_closed_embeddings/chapter.tex	REVIEW_AND_FREEZE
VI	VI/39	Weil Divisors	DRAFTED	LEGACY_SOURCE_IDENTIFIED	8	books/vol06_algebraic_geometry/chapters/ch39_weil_divisors/chapter.tex	REVIEW_AND_FREEZE
VI	VI/40	Cartier Divisors	DRAFTED	LEGACY_SOURCE_IDENTIFIED	3	books/vol06_algebraic_geometry/chapters/ch40_cartier_divisors/chapter.tex	REVIEW_AND_FREEZE
VI	VI/41	Divisor Class Groups	DRAFTED	LEGACY_SOURCE_IDENTIFIED	3	books/vol06_algebraic_geometry/chapters/ch41_divisor_class_groups/chapter.tex	REVIEW_AND_FREEZE
VI	VI/42	Line Bundles and Picard Groups	DRAFTED	LEGACY_SOURCE_IDENTIFIED	6	books/vol06_algebraic_geometry/chapters/ch42_line_bundles_and_picard_groups/chapter.tex	REVIEW_AND_FREEZE
VI	VI/43	Plane Cubics	DRAFTED	LEGACY_SOURCE_IDENTIFIED	10	books/vol06_algebraic_geometry/chapters/ch43_plane_cubics/chapter.tex	REVIEW_AND_FREEZE
VI	VI/44	Cremona Transformations	DRAFTED	LEGACY_SOURCE_IDENTIFIED	3	books/vol06_algebraic_geometry/chapters/ch44_cremona_transformations/chapter.tex	REVIEW_AND_FREEZE
VI	VI/45	Blow-Ups	DRAFTED	LEGACY_SOURCE_IDENTIFIED	3	books/vol06_algebraic_geometry/chapters/ch45_blow_ups/chapter.tex	REVIEW_AND_FREEZE
VI	VI/46	Flabby Sheaves	DRAFTED	LEGACY_SOURCE_IDENTIFIED	4	books/vol06_algebraic_geometry/chapters/ch46_flabby_sheaves/chapter.tex	REVIEW_AND_FREEZE
VI	VI/47	Čech Cohomology	DRAFTED	LEGACY_SOURCE_IDENTIFIED	3	books/vol06_algebraic_geometry/chapters/ch47_ech_cohomology/chapter.tex	REVIEW_AND_FREEZE
VI	VI/48	Exact Sequences and Cohomology	DRAFTED	LEGACY_SOURCE_IDENTIFIED	3	books/vol06_algebraic_geometry/chapters/ch48_exact_sequences_and_cohomology/chapter.tex	REVIEW_AND_FREEZE
VI	VI/49	Basic Vanishing Results	DRAFTED	LEGACY_SOURCE_IDENTIFIED	3	books/vol06_algebraic_geometry/chapters/ch49_basic_vanishing_results/chapter.tex	REVIEW_AND_FREEZE
VII	VII/01	Topological Manifolds	DRAFTED	LEGACY_SOURCE_IDENTIFIED	15	books/vol07_differential_geometry/chapters/ch01_topological_manifolds/chapter.tex	REVIEW_AND_FREEZE
VII	VII/02	Smooth Structures and Atlases	DRAFTED	LEGACY_SOURCE_IDENTIFIED	7	books/vol07_differential_geometry/chapters/ch02_smooth_structures_and_atlases/chapter.tex	REVIEW_AND_FREEZE
VII	VII/03	Smooth Maps and Diffeomorphisms	DRAFTED	LEGACY_SOURCE_IDENTIFIED	6	books/vol07_differential_geometry/chapters/ch03_smooth_maps_and_diffeomorphisms/chapter.tex	REVIEW_AND_FREEZE
VII	VII/04	Tangent Spaces	DRAFTED	LEGACY_SOURCE_IDENTIFIED	3	books/vol07_differential_geometry/chapters/ch04_tangent_spaces/chapter.tex	REVIEW_AND_FREEZE
VII	VII/05	Cotangent Spaces	DRAFTED	LEGACY_SOURCE_IDENTIFIED	3	books/vol07_differential_geometry/chapters/ch05_cotangent_spaces/chapter.tex	REVIEW_AND_FREEZE
VII	VII/06	Submanifolds and Products	PLANNED	LEGACY_SOURCE_IDENTIFIED	6	books/vol07_differential_geometry/chapters/ch06_submanifolds_and_products/chapter.tex	MAP_AND_REWRITE
VII	VII/07	Vector Bundles	PLANNED	LEGACY_SOURCE_IDENTIFIED	7	books/vol07_differential_geometry/chapters/ch07_vector_bundles/chapter.tex	MAP_AND_REWRITE
VII	VII/08	Principal and Frame Bundles	PLANNED	LEGACY_SOURCE_IDENTIFIED	4	books/vol07_differential_geometry/chapters/ch08_principal_and_frame_bundles/chapter.tex	MAP_AND_REWRITE
VII	VII/09	Differential Forms	PLANNED	LEGACY_SOURCE_IDENTIFIED	4	books/vol07_differential_geometry/chapters/ch09_differential_forms/chapter.tex	MAP_AND_REWRITE
VII	VII/10	Orientation and Integration	PLANNED	LEGACY_SOURCE_IDENTIFIED	3	books/vol07_differential_geometry/chapters/ch10_orientation_and_integration/chapter.tex	MAP_AND_REWRITE
VII	VII/11	Stokes' Theorem	PLANNED	LEGACY_SOURCE_IDENTIFIED	3	books/vol07_differential_geometry/chapters/ch11_stokes_theorem/chapter.tex	MAP_AND_REWRITE
VII	VII/12	Regular Curves	PLANNED	LEGACY_SOURCE_IDENTIFIED	4	books/vol07_differential_geometry/chapters/ch12_regular_curves/chapter.tex	MAP_AND_REWRITE
VII	VII/13	Frenet Frames, Curvature and Torsion	PLANNED	LEGACY_SOURCE_IDENTIFIED	3	books/vol07_differential_geometry/chapters/ch13_frenet_frames_curvature_and_torsion/chapter.tex	MAP_AND_REWRITE
VII	VII/14	Regular Surfaces	PLANNED	LEGACY_SOURCE_IDENTIFIED	8	books/vol07_differential_geometry/chapters/ch14_regular_surfaces/chapter.tex	MAP_AND_REWRITE
VII	VII/15	First and Second Fundamental Forms	PLANNED	LEGACY_SOURCE_IDENTIFIED	3	books/vol07_differential_geometry/chapters/ch15_first_and_second_fundamental_forms/chapter.tex	MAP_AND_REWRITE
VII	VII/16	The Gauss Map and Shape Operator	PLANNED	LEGACY_SOURCE_IDENTIFIED	7	books/vol07_differential_geometry/chapters/ch16_the_gauss_map_and_shape_operator/chapter.tex	MAP_AND_REWRITE
VII	VII/17	Principal, Gaussian and Mean Curvature	PLANNED	LEGACY_SOURCE_IDENTIFIED	6	books/vol07_differential_geometry/chapters/ch17_principal_gaussian_and_mean_curvature/chapter.tex	MAP_AND_REWRITE
VII	VII/18	Ruled and Developable Surfaces	PLANNED	LEGACY_SOURCE_IDENTIFIED	3	books/vol07_differential_geometry/chapters/ch18_ruled_and_developable_surfaces/chapter.tex	MAP_AND_REWRITE
VII	VII/19	Minimal Surfaces	PLANNED	LEGACY_SOURCE_IDENTIFIED	6	books/vol07_differential_geometry/chapters/ch19_minimal_surfaces/chapter.tex	MAP_AND_REWRITE
VII	VII/20	Riemannian Metrics	PLANNED	LEGACY_SOURCE_IDENTIFIED	4	books/vol07_differential_geometry/chapters/ch20_riemannian_metrics/chapter.tex	MAP_AND_REWRITE
VII	VII/21	Connections	PLANNED	LEGACY_SOURCE_IDENTIFIED	6	books/vol07_differential_geometry/chapters/ch21_connections/chapter.tex	MAP_AND_REWRITE
VII	VII/22	The Levi–Civita Connection	PLANNED	LEGACY_SOURCE_IDENTIFIED	9	books/vol07_differential_geometry/chapters/ch22_the_levi_civita_connection/chapter.tex	MAP_AND_REWRITE
VII	VII/23	Geodesics	PLANNED	LEGACY_SOURCE_IDENTIFIED	9	books/vol07_differential_geometry/chapters/ch23_geodesics/chapter.tex	MAP_AND_REWRITE
VII	VII/24	Parallel Transport	PLANNED	LEGACY_SOURCE_IDENTIFIED	13	books/vol07_differential_geometry/chapters/ch24_parallel_transport/chapter.tex	MAP_AND_REWRITE
VII	VII/25	Holonomy	PLANNED	LEGACY_SOURCE_IDENTIFIED	9	books/vol07_differential_geometry/chapters/ch25_holonomy/chapter.tex	MAP_AND_REWRITE
VII	VII/26	The Riemann Curvature Tensor	PLANNED	LEGACY_SOURCE_IDENTIFIED	7	books/vol07_differential_geometry/chapters/ch26_the_riemann_curvature_tensor/chapter.tex	MAP_AND_REWRITE
VII	VII/27	Ricci and Scalar Curvature	PLANNED	LEGACY_SOURCE_IDENTIFIED	3	books/vol07_differential_geometry/chapters/ch27_ricci_and_scalar_curvature/chapter.tex	MAP_AND_REWRITE
VII	VII/28	Weyl Curvature	PLANNED	LEGACY_SOURCE_IDENTIFIED	3	books/vol07_differential_geometry/chapters/ch28_weyl_curvature/chapter.tex	MAP_AND_REWRITE
VII	VII/29	Indefinite Metrics	PLANNED	LEGACY_SOURCE_IDENTIFIED	4	books/vol07_differential_geometry/chapters/ch29_indefinite_metrics/chapter.tex	MAP_AND_REWRITE
VII	VII/30	Riemannian versus Lorentzian Geometry	PLANNED	LEGACY_SOURCE_IDENTIFIED	3	books/vol07_differential_geometry/chapters/ch30_riemannian_versus_lorentzian_geometry/chapter.tex	MAP_AND_REWRITE
VII	VII/31	Hyperbolic Plane Models	PLANNED	LEGACY_SOURCE_IDENTIFIED	4	books/vol07_differential_geometry/chapters/ch31_hyperbolic_plane_models/chapter.tex	MAP_AND_REWRITE
VII	VII/32	The Poincaré Metric	PLANNED	LEGACY_SOURCE_IDENTIFIED	3	books/vol07_differential_geometry/chapters/ch32_the_poincar_metric/chapter.tex	MAP_AND_REWRITE
VII	VII/33	Möbius Transformations and PSL(2,R)	PLANNED	LEGACY_SOURCE_IDENTIFIED	3	books/vol07_differential_geometry/chapters/ch33_m_bius_transformations_and_psl_2_r/chapter.tex	MAP_AND_REWRITE
VII	VII/34	Hyperbolic Isometries	PLANNED	LEGACY_SOURCE_IDENTIFIED	3	books/vol07_differential_geometry/chapters/ch34_hyperbolic_isometries/chapter.tex	MAP_AND_REWRITE
VII	VII/35	Fuchsian Groups	PLANNED	LEGACY_SOURCE_IDENTIFIED	3	books/vol07_differential_geometry/chapters/ch35_fuchsian_groups/chapter.tex	MAP_AND_REWRITE
VII	VII/36	Hyperbolic Three-Space and PSL(2,C)	PLANNED	LEGACY_SOURCE_IDENTIFIED	3	books/vol07_differential_geometry/chapters/ch36_hyperbolic_three_space_and_psl_2_c/chapter.tex	MAP_AND_REWRITE
VII	VII/37	Kleinian Groups and Boundary Geometry	PLANNED	LEGACY_SOURCE_IDENTIFIED	3	books/vol07_differential_geometry/chapters/ch37_kleinian_groups_and_boundary_geometry/chapter.tex	MAP_AND_REWRITE
VII	VII/38	Discrete Geodesic Problems	PLANNED	LEGACY_SOURCE_IDENTIFIED	4	books/vol07_differential_geometry/chapters/ch38_discrete_geodesic_problems/chapter.tex	MAP_AND_REWRITE
VII	VII/39	Graph and Exact Mesh Geodesics	PLANNED	LEGACY_SOURCE_IDENTIFIED	3	books/vol07_differential_geometry/chapters/ch39_graph_and_exact_mesh_geodesics/chapter.tex	MAP_AND_REWRITE
VII	VII/40	The Heat Method	PLANNED	LEGACY_SOURCE_IDENTIFIED	3	books/vol07_differential_geometry/chapters/ch40_the_heat_method/chapter.tex	MAP_AND_REWRITE
VII	VII/41	Discrete Laplacians	PLANNED	LEGACY_SOURCE_IDENTIFIED	3	books/vol07_differential_geometry/chapters/ch41_discrete_laplacians/chapter.tex	MAP_AND_REWRITE
VII	VII/42	Curvature Lines, Ridges and Valleys	PLANNED	LEGACY_SOURCE_IDENTIFIED	6	books/vol07_differential_geometry/chapters/ch42_curvature_lines_ridges_and_valleys/chapter.tex	MAP_AND_REWRITE
VIII	VIII/01	Homotopies of Maps	PLANNED	LEGACY_SOURCE_IDENTIFIED	4	books/vol08_algebraic_topology/chapters/ch01_homotopies_of_maps/chapter.tex	MAP_AND_REWRITE
VIII	VIII/02	Homotopy Equivalence and Contractibility	PLANNED	LEGACY_SOURCE_IDENTIFIED	3	books/vol08_algebraic_topology/chapters/ch02_homotopy_equivalence_and_contractibility/chapter.tex	MAP_AND_REWRITE
VIII	VIII/03	Degree of Maps	PLANNED	LEGACY_SOURCE_IDENTIFIED	3	books/vol08_algebraic_topology/chapters/ch03_degree_of_maps/chapter.tex	MAP_AND_REWRITE
VIII	VIII/04	Spheres and Antipodal Maps	PLANNED	LEGACY_SOURCE_IDENTIFIED	3	books/vol08_algebraic_topology/chapters/ch04_spheres_and_antipodal_maps/chapter.tex	MAP_AND_REWRITE
VIII	VIII/05	Cell Attachments	PLANNED	LEGACY_SOURCE_IDENTIFIED	8	books/vol08_algebraic_topology/chapters/ch05_cell_attachments/chapter.tex	MAP_AND_REWRITE
VIII	VIII/06	CW Complexes	PLANNED	LEGACY_SOURCE_IDENTIFIED	3	books/vol08_algebraic_topology/chapters/ch06_cw_complexes/chapter.tex	MAP_AND_REWRITE
VIII	VIII/07	Mapping Cones	PLANNED	LEGACY_SOURCE_IDENTIFIED	7	books/vol08_algebraic_topology/chapters/ch07_mapping_cones/chapter.tex	MAP_AND_REWRITE
VIII	VIII/08	Homotopic Attaching Maps	PLANNED	LEGACY_SOURCE_IDENTIFIED	6	books/vol08_algebraic_topology/chapters/ch08_homotopic_attaching_maps/chapter.tex	MAP_AND_REWRITE
VIII	VIII/09	Paths and Fundamental Groups	PLANNED	LEGACY_SOURCE_IDENTIFIED	4	books/vol08_algebraic_topology/chapters/ch09_paths_and_fundamental_groups/chapter.tex	MAP_AND_REWRITE
VIII	VIII/10	Covering Spaces	PLANNED	LEGACY_SOURCE_IDENTIFIED	7	books/vol08_algebraic_topology/chapters/ch10_covering_spaces/chapter.tex	MAP_AND_REWRITE
VIII	VIII/11	Lifting Properties	PLANNED	LEGACY_SOURCE_IDENTIFIED	3	books/vol08_algebraic_topology/chapters/ch11_lifting_properties/chapter.tex	MAP_AND_REWRITE
VIII	VIII/12	Deck Transformations and Group Actions	PLANNED	LEGACY_SOURCE_IDENTIFIED	6	books/vol08_algebraic_topology/chapters/ch12_deck_transformations_and_group_actions/chapter.tex	MAP_AND_REWRITE
VIII	VIII/13	SU(2) to SO(3)	PLANNED	LEGACY_SOURCE_IDENTIFIED	3	books/vol08_algebraic_topology/chapters/ch13_su_2_to_so_3/chapter.tex	MAP_AND_REWRITE
VIII	VIII/14	Free Groups and Covering Graphs	PLANNED	LEGACY_SOURCE_IDENTIFIED	3	books/vol08_algebraic_topology/chapters/ch14_free_groups_and_covering_graphs/chapter.tex	MAP_AND_REWRITE
VIII	VIII/15	Simplicial Complexes	PLANNED	LEGACY_SOURCE_IDENTIFIED	8	books/vol08_algebraic_topology/chapters/ch15_simplicial_complexes/chapter.tex	MAP_AND_REWRITE
VIII	VIII/16	Chain Complexes	PLANNED	LEGACY_SOURCE_IDENTIFIED	7	books/vol08_algebraic_topology/chapters/ch16_chain_complexes/chapter.tex	MAP_AND_REWRITE
VIII	VIII/17	Simplicial and Singular Homology	PLANNED	LEGACY_SOURCE_IDENTIFIED	10	books/vol08_algebraic_topology/chapters/ch17_simplicial_and_singular_homology/chapter.tex	MAP_AND_REWRITE
VIII	VIII/18	Cellular Homology	PLANNED	LEGACY_SOURCE_IDENTIFIED	5	books/vol08_algebraic_topology/chapters/ch18_cellular_homology/chapter.tex	MAP_AND_REWRITE
VIII	VIII/19	Relative Homology and Exact Sequences	PLANNED	LEGACY_SOURCE_IDENTIFIED	8	books/vol08_algebraic_topology/chapters/ch19_relative_homology_and_exact_sequences/chapter.tex	MAP_AND_REWRITE
VIII	VIII/20	Homotopy Invariance	PLANNED	LEGACY_SOURCE_IDENTIFIED	3	books/vol08_algebraic_topology/chapters/ch20_homotopy_invariance/chapter.tex	MAP_AND_REWRITE
VIII	VIII/21	Euler Characteristic	PLANNED	LEGACY_SOURCE_IDENTIFIED	7	books/vol08_algebraic_topology/chapters/ch21_euler_characteristic/chapter.tex	MAP_AND_REWRITE
VIII	VIII/22	Chain Homotopies	PLANNED	LEGACY_SOURCE_IDENTIFIED	6	books/vol08_algebraic_topology/chapters/ch22_chain_homotopies/chapter.tex	MAP_AND_REWRITE
VIII	VIII/23	Chain Contractions	PLANNED	LEGACY_SOURCE_IDENTIFIED	7	books/vol08_algebraic_topology/chapters/ch23_chain_contractions/chapter.tex	MAP_AND_REWRITE
VIII	VIII/24	Mapping Cones of Chain Maps	PLANNED	LEGACY_SOURCE_IDENTIFIED	3	books/vol08_algebraic_topology/chapters/ch24_mapping_cones_of_chain_maps/chapter.tex	MAP_AND_REWRITE
VIII	VIII/25	Homology with Coefficients	PLANNED	LEGACY_SOURCE_IDENTIFIED	8	books/vol08_algebraic_topology/chapters/ch25_homology_with_coefficients/chapter.tex	MAP_AND_REWRITE
VIII	VIII/26	The Universal Coefficient Theorem	PLANNED	LEGACY_SOURCE_IDENTIFIED	4	books/vol08_algebraic_topology/chapters/ch26_the_universal_coefficient_theorem/chapter.tex	MAP_AND_REWRITE
VIII	VIII/27	Products and the Künneth Theorem	PLANNED	LEGACY_SOURCE_IDENTIFIED	6	books/vol08_algebraic_topology/chapters/ch27_products_and_the_k_nneth_theorem/chapter.tex	MAP_AND_REWRITE
VIII	VIII/28	Cohomology	PLANNED	LEGACY_SOURCE_IDENTIFIED	1	books/vol08_algebraic_topology/chapters/ch28_cohomology/chapter.tex	MAP_AND_REWRITE
VIII	VIII/29	Cup Products	PLANNED	LEGACY_SOURCE_IDENTIFIED	3	books/vol08_algebraic_topology/chapters/ch29_cup_products/chapter.tex	MAP_AND_REWRITE
VIII	VIII/30	Vector Bundles and Clutching	PLANNED	LEGACY_SOURCE_IDENTIFIED	10	books/vol08_algebraic_topology/chapters/ch30_vector_bundles_and_clutching/chapter.tex	MAP_AND_REWRITE
VIII	VIII/31	Thom Classes	PLANNED	LEGACY_SOURCE_IDENTIFIED	4	books/vol08_algebraic_topology/chapters/ch31_thom_classes/chapter.tex	MAP_AND_REWRITE
VIII	VIII/32	Sphere Bundles and Euler Classes	PLANNED	LEGACY_SOURCE_IDENTIFIED	4	books/vol08_algebraic_topology/chapters/ch32_sphere_bundles_and_euler_classes/chapter.tex	MAP_AND_REWRITE
VIII	VIII/33	Poincaré Duality	PLANNED	LEGACY_SOURCE_IDENTIFIED	7	books/vol08_algebraic_topology/chapters/ch33_poincar_duality/chapter.tex	MAP_AND_REWRITE
VIII	VIII/34	Intersection Forms	PLANNED	LEGACY_SOURCE_IDENTIFIED	3	books/vol08_algebraic_topology/chapters/ch34_intersection_forms/chapter.tex	MAP_AND_REWRITE
VIII	VIII/35	Lefschetz Theory	PLANNED	LEGACY_SOURCE_IDENTIFIED	3	books/vol08_algebraic_topology/chapters/ch35_lefschetz_theory/chapter.tex	MAP_AND_REWRITE
