legacy_id	source_file	source_label	title_or_math_signature	canonical_destination	canonical_problem_id	action	duplicate_or_variant_of	status	notes
DG4-P1	theory-of-differential-geometry-4.tex	Problem 1	Zariski versus product topology	VI/02	VI.02.P1	INCLUDE		VERIFIED	Retained canonically.
DG4-P2	theory-of-differential-geometry-4.tex	Problem 2	Nonempty opens in irreducible spaces	VI/05	VI.05.P1	INCLUDE		VERIFIED	Retained canonically.
DG4-P3	theory-of-differential-geometry-4.tex	Problem 3	Distinguished opens form a basis	VI/02	VI.02.P2	INCLUDE		VERIFIED	Retained canonically.
DG4-P4	theory-of-differential-geometry-4.tex	Problem 4	Uniqueness of irreducible decomposition	VI/05	VI.05.P2	INCLUDE		VERIFIED	Retained canonically.
DG4-P5	theory-of-differential-geometry-4.tex	Problem 5	Density of invertible/full-rank matrices	VI/02	VI.02.P3	INCLUDE		VERIFIED	Retained canonically.
DG4-P6	theory-of-differential-geometry-4.tex	Problem 6	Plane curves without common components; quasi-compactness	VI/05	VI.05.P4	INCLUDE		VERIFIED	Retained canonically.
DG4-P7	theory-of-differential-geometry-4.tex	Problem 7	Hyperbola xy=1; maps from A1; non-isomorphism	VI/04	VI.04.P1	INCLUDE		VERIFIED	Retained canonically.
DG4-P8	theory-of-differential-geometry-4.tex	Problem 8	Components of V(x^2-yz,xz-x)	VI/05	VI.05.P3	INCLUDE		VERIFIED	Retained canonically.
DG4-P9	theory-of-differential-geometry-4.tex	Problem 9	Products of affine algebraic sets	VI/04	VI.04.P2	INCLUDE		VERIFIED	Retained canonically.
DG4-P10	theory-of-differential-geometry-4.tex	Problem 10	No nonconstant maps A1 to y^2=x^3-x	VI/04	VI.04.P3	INCLUDE		VERIFIED	Retained canonically.
DG4-P11	theory-of-differential-geometry-4.tex	Problem 11	Monomial curve (t^3,t^4,t^5): ideal/minimal generators	VI/03	VI.03.P1	INCLUDE		VERIFIED	Retained canonically.
DG4-P12	theory-of-differential-geometry-4.tex	Problem 12	Intersecting fibers for z!=0, parallel fiber at z=0	VI/25	VI.25.P1	MOVE		MIGRATED_DRAFT	Exact legacy family preserved as VI.25.P1: X=V(y(y-zx-1)); fibers at z!=0 are two intersecting lines and the z=0 fiber is two parallel lines, with the scheme-theoretic fiber rings made explicit.
DG4-P13	theory-of-differential-geometry-4.tex	Problem 13	Unions of lines distinguished by local tangent data	VI/32	PENDING	MOVE		RESERVED	Reserved for Tangent Spaces and Local Geometry.
AG1-P1	theory-of-algebraic-geometry-1.tex	Problem 1	Basic opens D(f); D(f)=empty iff f nilpotent	VI/08	VI.08.P1	INCLUDE		VERIFIED	Preserved in full; nilpotence cross-links VI/10.
AG1-P2	theory-of-algebraic-geometry-1.tex	Problem 2	Survey Spec R[x], C[x,y], Z[x], F_p[x]	VI/07	VI.07.P1	INCLUDE		VERIFIED	Preserved and expanded.
AG1-P3	theory-of-algebraic-geometry-1.tex	Problem 3	Disconnected spectrum; idempotents; product decomposition	VI/05	VI.05.P5	INCLUDE		VERIFIED	Preserved and expanded.
AG1-E4	theory-of-algebraic-geometry-1.tex	Exercise 4	Associated sheaf / sheafification: existence, unit, universal property, stalks, functoriality, adjunction	VI/14	VI.14.P1	INCLUDE	SHEAVES-NOTES-T03	MIGRATED_DRAFT	Full multi-part legacy exercise becomes VI.14.P1; merged with preferred source proof, not shortened.
AG1-E5	theory-of-algebraic-geometry-1.tex	Exercise 5	Image sheaf as locally representable image	VI/15	VI.15.P1	INCLUDE		MIGRATED_DRAFT	Preserved intact as full image-sheaf Problem Dossier; preferred source merged, not duplicated.
AG1-E6	theory-of-algebraic-geometry-1.tex	Exercise 6	Exactness of sheaves iff exactness on all stalks	VI/16	VI.16.P1	INCLUDE		MIGRATED_DRAFT	Preserved intact as full stalkwise-exactness dossier; preferred exactness notes merged, not duplicated.
SHEAVES-NOTES-T03	sheaves_notes_reorganized.tex	Sheafification section	Espace etale construction; canonical map; stalk preservation; universal property; adjunction	VI/14	VI.14.P1 + theory	MERGE	AG1-E4	MIGRATED_DRAFT	Preferred coherent source; unique pedagogy merged into theory and P1, duplicate proof not repeated as a second problem.
AG2-P7	theory-of-algebraic-geometry-2.tex	Problem 7	Morphism of sheaves is isomorphism iff injective and surjective (stalk/gluing proof)	VI/16	VI.16.P2	INCLUDE		MIGRATED_DRAFT	Preserved with explicit germ-lifting and gluing proof; repeated theorem form merged as duplicate variant.
AG2-P8	theory-of-algebraic-geometry-2.tex	Problem 8	Quotient sheaves and short exact sequences	VI/15	VI.15.P2	INCLUDE		MIGRATED_DRAFT	Both directions preserved in full: quotient sequence and converse quotient characterization.
AG2-P9	theory-of-algebraic-geometry-2.tex	Problem 9	Gamma(U,-) is left exact	VI/48	PENDING	MOVE		RESERVED	Preserve for cohomology/exact-sequence arc.
AG5-P2	theory-of-algebraic-geometry-5.tex	Problem 2	Intersections of affine open subschemes admit common distinguished affine refinements	VI/20	VI.20.P2	INCLUDE		MIGRATED_DRAFT	Recovered during VI/20 scope audit: substantive Problem 2 was routed by VI-SCOPE-038 but absent from the legacy-problem ledger. Preserved as VI.20.P2 with the full shrinking/localization argument.
AG5-P3	theory-of-algebraic-geometry-5.tex	Problem 3	Scheme integral iff reduced and irreducible	VI/27	VI.27.P1	MOVE		MIGRATED_DRAFT	Full scheme-level equivalence preserved in VI.27.P1; nonempty-open domain formulation reconciled with the standard reduced+irreducible definition.
AG6-P5	theory-of-algebraic-geometry-6.tex	Problem 5	Locally finite type can be checked on every affine open	VI/26	VI.26.P2	MOVE	AG5-P5	MIGRATED_DRAFT	Full distinguished-refinement/localization proof preserved as VI.26.P2; AG5-P5 is the duplicate source variant merged here.
AG6-P6a	theory-of-algebraic-geometry-6.tex	Problem 6.1	Example of a scheme that is not reduced	VI/10	VI.10.P1	SPLIT		VERIFIED	Canonicalized in VI/10.
AG6-P6b	theory-of-algebraic-geometry-6.tex	Problem 6.2	Example of a scheme that is not irreducible	VI/05	MERGED	SPLIT		VERIFIED	Irreducibility counterexample absorbed into VI/05 corpus recovery.
AG6-P6c	theory-of-algebraic-geometry-6.tex	Problem 6.3	Example of a scheme that is not integral	VI/27	VI.27.P2	SPLIT		MIGRATED_DRAFT	Integral-scheme subpart preserved as Spec k[x,y]/(xy): reduced but reducible, hence not integral. Other Problem 6 subparts remain in their existing destinations.
AG6-P6d	theory-of-algebraic-geometry-6.tex	Problem 6.4	Example of a scheme that is not affine	VI/18	VI.18.P2	SPLIT		MIGRATED_DRAFT	Affineness subproblem of legacy Problem 6 preserved as VI.18.P2; VI.18.P20 is a canonical reinforcement, not a second legacy destination; other Problem 6 subparts remain independently tracked.
AG6-P6e	theory-of-algebraic-geometry-6.tex	Problem 6.5+	Finite-type / locally-finite-type counterexamples	VI/26	VI.26.P3	SPLIT		MIGRATED_DRAFT	VI.26.P3 preserves together the Noetherian/finite-type subparts: infinite polynomial ring not Noetherian, its morphism not locally finite type, and infinite disjoint union locally finite type but not finite type.
AG6-P7a	theory-of-algebraic-geometry-6.tex	Problem 7, generic point part	Generic point of an integral scheme	VI/09	VI.09.P1	SPLIT	AG8-P1	VERIFIED	Merged with AG8-P1 generic-point dossier.
AG6-P7b	theory-of-algebraic-geometry-6.tex	Problem 7, function field part	Function field / generic stalk of integral scheme	VI/27	VI.27.P3	SPLIT		MIGRATED_DRAFT	Function-field half preserved: O_{X,eta}=K(X)=Frac(A) on every nonempty affine chart. Generic-point half remains canonically in VI/09.
AG8-P1	theory-of-algebraic-geometry-8.tex	Problem 1	Generic point of a closed irreducible subset	VI/09	VI.09.P1	MERGE	AG6-P7a	VERIFIED	Preserved in full and merged with generic-point half of AG6-P7.
AG8-P2a	theory-of-algebraic-geometry-8.tex	Problem 2, dimension/open-dimension	Dimension of variety and open subsets	VI/30	VI.30.P1	SPLIT		MIGRATED_DRAFT	Global/open-dimension portion preserved as VI.30.P1. The dimension-side theorem dim X = trdeg_k K(X) uses VI/27 function-field data without assigning AG8-P2c a second destination.
AG8-P2b	theory-of-algebraic-geometry-8.tex	Problem 2, codimension	Codimension statements	VI/31	PENDING	SPLIT		RESERVED	Pending VI/31.
AG8-P2c	theory-of-algebraic-geometry-8.tex	Problem 2, function-field	Function field / transcendence degree aspects	VI/27	VI.27.P4	SPLIT		MIGRATED_DRAFT	Function-field/transcendence-degree slice preserved in VI.27.P4. Equality dim X = trdeg_k K(X) is cross-referenced but its dimension proof remains reserved for VI/30.
AG8-P2d	theory-of-algebraic-geometry-8.tex	Problem 2, local dimension	Local-dimension aspects	VI/32	PENDING	SPLIT		RESERVED	Pending VI/32.
AG8-P3	theory-of-algebraic-geometry-8.tex	Problem 3	Counterexamples to dimension/codimension properties of Problem 2	VI/31-VI/32	PENDING	SPLIT	AG8-P2*	RESERVED	VI/30 splits and preserves part (d) as AG8-P3d -> VI.30.P2. The remaining Problem 3 counterexamples are part (c) for VI/31 codimension and part (a) for VI/32 local dimension.
CA13-Q1	theory-of-commutative-algebra-13.tex	Worked question	Can a prime ideal contain another ideal?	VI/06	VI.06.P1	INCLUDE		VERIFIED	Preserved as a Problem Dossier.
CA13-Q2	theory-of-commutative-algebra-13.tex	Worked question	What is the ideal (0) in k[x]?	VI/06	VI.06.P2	INCLUDE		VERIFIED	Preserved as a Problem Dossier.
CA13-E1	theory-of-commutative-algebra-13.tex	Practice exercise 1	Describe all points of Spec k[t]	VI/07	VI.07.E8	INCLUDE		VERIFIED	Retained as exercise.
CA13-E2	theory-of-commutative-algebra-13.tex	Practice exercise 2	Residue fields at (0), (t-a), (t^2+1)	VI/11	examples/exercises	INCLUDE		VERIFIED	Retained in VI/11.
CA13-E3	theory-of-commutative-algebra-13.tex	Practice exercise 3	Compare k[x]/(x) and k[x]/(x^2)	VI/10	examples/E16/P2/P5	MERGE		VERIFIED	Retained across examples/exercise/problems.
CA13-E4	theory-of-commutative-algebra-13.tex	Practice exercise 4	Closed sets of Spec Z	VI/07	VI.07.E10 + P4	MERGE		VERIFIED	Retained and expanded.
CA13-E5	theory-of-commutative-algebra-13.tex	Practice exercise 5	V(xy)=V(x) union V(y)	VI/07	VI.07.E11	INCLUDE		VERIFIED	Retained.
CA13-E6	theory-of-commutative-algebra-13.tex	Practice exercise 6	Compute C tensor_R C	VI/24	VI.24.P1	MOVE		MIGRATED_DRAFT	Full tensor computation preserved: C tensor_R C is C x C by adjoining a root of t^2+1 and applying CRT; geometric scalar-extension splitting is included.
CA13-E7	theory-of-commutative-algebra-13.tex	Practice exercise 7	(k[x]/(f)) tensor_k K = K[x]/(f)	VI/24	VI.24.P2	MOVE		MIGRATED_DRAFT	Full scalar-extension quotient computation preserved as VI.24.P2; canonical equation/base-change applications are derivatives, not additional legacy destinations.
VARIANT-MERGED-BASE	merged_exercises.tex	archive lineage	Merged exercise snapshot inspected: analysis exercises only; no AG sheafification problem	ARCHIVE_SOURCE_ONLY		ARCHIVE_SOURCE_ONLY		AUDITED	Duplicate map classifies lineage as source-only; no unique VI/14 mathematics found.
VARIANT-MERGED-FULL-V2-3	merged_exercises_FULL_v2_3_.tex	archive lineage	Full-v2 snapshot inspected: analysis exercises only; no AG sheafification problem	ARCHIVE_SOURCE_ONLY		ARCHIVE_SOURCE_ONLY	VARIANT-MERGED-BASE	AUDITED	No sheafification duplicate found.
VARIANT-MERGED-CORR-9	merged_exercises_corrected_9_.tex	archive lineage	Corrected snapshot inspected: analysis exercises only; no AG sheafification problem	ARCHIVE_SOURCE_ONLY		ARCHIVE_SOURCE_ONLY	VARIANT-MERGED-BASE	AUDITED	No sheafification duplicate found.
SHEAVES-NOTES-T04	sheaves_notes_reorganized.tex	Kernel/image/quotient section	Sectionwise kernels; local image; quotient/cokernel sheafification	VI/15	THEORY;VI.15.P1;VI.15.P2	MERGE	AG1-E5;AG2-P8	MIGRATED_DRAFT	Preferred coherent source merged into theory and legacy dossiers; no duplicate canonical problem.
SHEAVES-NOTES-T05	sheaves_notes_reorganized.tex	Exactness/stalkwise section	Exactness definition; stalkwise criterion; exponential/de Rham/global-sections warnings	VI/16	THEORY;VI.16.P1;EXAMPLES	MERGE	AG1-E6	MIGRATED_DRAFT	Preferred coherent exactness source merged into theory, P1, and examples; no duplicate canonical problem.
AG3-T01	theory-of-algebraic-geometry-3.tex	Structure-sheaf theory stream	Structure sheaf; O_X(D(f))=A_f; regular functions and localization examples	VI/17	THEORY;EXAMPLES;VI.17.P1-P21	MERGE		MIGRATED_DRAFT	No numbered Problem belongs uniquely to VI/17; theory/examples merged without false provenance.
AG3-P11	theory-of-algebraic-geometry-3.tex	Problem 11	Basic open subscheme (D(f),O_X|D(f)) is Spec A_f as locally ringed spaces	VI/18	VI.18.P1	MOVE		MIGRATED_DRAFT	Full locally ringed-space localization theorem preserved as VI.18.P1; all topological, sheaf, restriction, and stalk steps retained. VI.18.P4/P14/P15/P19 are canonical derivatives, not additional legacy destinations.
AG3-P12	theory-of-algebraic-geometry-3.tex	Problem 12	Universal property Hom_Sch(X,Spec A)=Hom_Rings(A,Gamma(X,O_X))	VI/19	VI.19.P1	MOVE		MIGRATED_DRAFT	Full universal-property dossier preserved as VI.19.P1: point map, continuity, principal-open sheaf maps, local stalk maps, recovery from global sections, uniqueness, inverse constructions, and naturality. VI.19.P2/P3/P4/P7/P10/P13/P15/P16/P17/P19/P20 are canonical derivatives/applications, not additional legacy destinations.
AG3-P13	theory-of-algebraic-geometry-3.tex	Problem 13	Spec Z is final in schemes; structure morphism	VI/21	VI.21.P1	MOVE		MIGRATED_DRAFT	Full final-object/structure-morphism theorem preserved as VI.21.P1 via the VI/19 universal property; naturality and residue-characteristic consequences are canonical derivatives, not additional legacy destinations.
AG3-P14	theory-of-algebraic-geometry-3.tex	Problem 14	Gluing schemes along open subschemes	VI/20	VI.20.P1	MOVE		MIGRATED_DRAFT	Full arbitrary-family gluing theorem preserved as VI.20.P1: quotient relation/topology, open chart embeddings, overlap identities, compatible-family structure sheaf, stalk locality, scheme verification, and uniqueness. Canonical two-chart/mapping-property/reconstruction variants are derivatives, not additional legacy destinations.
CA13-T04-STRUCT	theory-of-commutative-algebra-13.tex	Affine/structure-sheaf examples	Regular functions on distinguished opens; stalk A_p; local versus global functions	VI/17	THEORY;EXAMPLES	MERGE	AG3-T01	MIGRATED_DRAFT	Cross-source theory/example variant; no numbered Problem or Exercise in the structure-sheaf portion.
AG3-T02-AFFINE	theory-of-algebraic-geometry-3.tex	Affine-scheme theory stream	Affine schemes; Spec A as locally ringed space; affine examples	VI/18	THEORY;EXAMPLES	MERGE		MIGRATED_DRAFT	General affine-scheme theory merged around canonical definition and examples; no extra numbered problem found.
AG3-T03-MORPH	theory-of-algebraic-geometry-3.tex	Affine-morphism theory stream	Ring homomorphisms; contraction of primes; Spec contravariance; principal-open pullback; sheaf/stalk maps	VI/19	THEORY;VI.19.P1;EXAMPLES	MERGE	AG3-P12	MIGRATED_DRAFT	Theory components and nearby variants merged into VI/19 theory and the unique AG3-P12 dossier; no duplicate legacy problem created.
AG3-T04-BASIC	theory-of-algebraic-geometry-3.tex	Basic-open affine localization stream	D(f); Spec A_f; localization and restricted structure sheaf	VI/18	VI.18.P1;THEORY	MERGE	AG3-P11	MIGRATED_DRAFT	Theory variants merged into P1 and surrounding theorem; no duplicate legacy problem is created. Canonical derivative applications are provenance-tagged separately.
CA13-T04-AFFINE	theory-of-commutative-algebra-13.tex	Affine-scheme examples	Affine spectra; distinguished opens; local versus global regular functions	VI/18	THEORY;EXAMPLES	MERGE	AG3-T02-AFFINE	MIGRATED_DRAFT	Cross-source affine examples merged; relevant section has no additional numbered Problem/Exercise.
AG3-T05-LOCAL	theory-of-algebraic-geometry-3.tex	Locally-ringed/local-morphism theory stream	Local stalk maps; residue fields; point behavior; field-valued points	VI/21	THEORY;EXAMPLES;VI.21.P1-P20	MERGE	AG3-P13	MIGRATED_DRAFT	Theory variants merged around AG3-P13 and canonical point/residue-field consequences; no second numbered legacy problem found.
AG5-T02-SUBSCHEMES	theory-of-algebraic-geometry-5.tex	Open/closed subscheme and immersion theory scope	Open subschemes; closed subschemes; quotient constructions; immersions	VI/22	THEORY;EXAMPLES;VI.22.P1-P20	MERGE		MIGRATED_DRAFT	VI-SCOPE-039 instance audit found no numbered legacy Problem/Exercise uniquely centered on open/closed subschemes or immersions. Theory reconstructed canonically; no false numbered provenance created.
AG7-T01-FIBER-PRODUCT	theory-of-algebraic-geometry-7.tex	Fiber-product/Cartesian theory stream	Universal property; affine tensor products; Cartesian squares; diagonals; graphs	VI/23	THEORY;EXAMPLES;VI.23.P1-P20	MERGE		MIGRATED_DRAFT	VI-SCOPE-048 instance audit found the source theory/examples repeatedly describe Problem 10 Cartesian diagrams but no standalone numbered Problem 10 block. VI.23.P1/P2 preserve the two central Cartesian constructions; no synthetic legacy problem ID is created.
AG7-T02-BASE-CHANGE	theory-of-algebraic-geometry-7.tex	Base-change theory stream	Cartesian base-change square; X_{S'}=X x_S S'; fibers as special base changes	VI/24	THEORY;EXAMPLES;VI.24.P3-P20	MERGE		MIGRATED_DRAFT	VI-SCOPE-049 theory stream reconstructed without inventing a numbered AG7 problem. Detailed point fibers remain for VI/25.
AG7-T03-FIBERS	theory-of-algebraic-geometry-7.tex	Fiber/geometric-fiber theory stream	Affine fiber formula; residue-field base change; reduced/irreducible fiber types; arithmetic and geometric fibers	VI/25	THEORY;EXAMPLES;VI.25.P2-P20	MERGE		MIGRATED_DRAFT	VI-SCOPE-050 reconstructed without inventing an AG7 numbered problem; the source refers to Problem 9 material but exposes it as a theory/example stream in the audited snapshot.
AG5-P4	theory-of-algebraic-geometry-5.tex	Problem 4	Locally Noetherian iff every affine open has Noetherian coordinate ring	VI/26	VI.26.P1	MOVE		MIGRATED_DRAFT	Recovered during VI/26 instance audit: substantive numbered Problem 4 was routed by VI-SCOPE-041 but absent from the legacy ledger. Full affine-open criterion preserved.
AG5-P5	theory-of-algebraic-geometry-5.tex	Problem 5	Locally finite type can be checked on every affine open	VI/26	VI.26.P2	MERGE	AG6-P5	MIGRATED_DRAFT	Duplicate/variant of AG6-P5 in the audited source; unique exposition merged into VI.26.P2, not duplicated as a second canonical problem.
AG5-T04-NOETHERIAN	theory-of-algebraic-geometry-5.tex	Noetherian-scheme theory stream	Locally Noetherian schemes; affine-open criterion; localization and finite-cover descent	VI/26	THEORY;EXAMPLES;VI.26.P1;VI.26.P4-P20	MERGE	AG5-P4	MIGRATED_DRAFT	VI-SCOPE-041 theory stream reconstructed; numbered Problem 4 retained separately as VI.26.P1.
AG6-T01-FINITE-TYPE	theory-of-algebraic-geometry-6.tex	Finite-type/Noetherian theory stream	Locally finite type; finite type; Noetherian examples; affine refinements	VI/26	THEORY;EXAMPLES;VI.26.P2-P20	MERGE	AG6-P5;AG6-P6e	MIGRATED_DRAFT	VI-SCOPE-043 theory stream reconstructed with numbered legacy anchors preserved separately.
AG5-T03-INTEGRAL	theory-of-algebraic-geometry-5.tex	Integral-scheme theory stream	Integral; reduced; irreducible; affine domain criterion	VI/27	THEORY;EXAMPLES;VI.27.P1-P2	MERGE	AG5-P3	MIGRATED_DRAFT	VI-SCOPE-040 theory stream reconstructed; numbered Problem 3 retained separately.
AG6-T03-INTEGRAL	theory-of-algebraic-geometry-6.tex	Integral-scheme theory stream	Integral schemes and counterexamples	VI/27	THEORY;EXAMPLES;VI.27.P1-P2;VI.27.P5-P20	MERGE	AG6-P6c	MIGRATED_DRAFT	VI-SCOPE-045 theory stream reconstructed with split legacy counterexample retained separately.
AG6-T04-FUNCTION-FIELD	theory-of-algebraic-geometry-6.tex	Function-field theory stream	Generic stalk; function field; affine fraction fields; rational functions	VI/27	THEORY;EXAMPLES;VI.27.P3-P20	MERGE	AG6-P7b	MIGRATED_DRAFT	VI-SCOPE-046 theory stream reconstructed; function-field half of Problem 7 retained separately.
AG7-T05-NORMALIZATION	theory-of-algebraic-geometry-7.tex	Normalization theory stream	Normal domains and schemes; integral closure; affine normalization; localization; gluing; universal property	VI/28	THEORY;EXAMPLES;VI.28.P1-P20	MERGE		MIGRATED_DRAFT	VI-SCOPE-051 audit found repeated discussion of source Problem 8 but no standalone numbered Problem 8 block. Normalization theory is reconstructed canonically; no synthetic AG7-P8 provenance is created.
AG6-T05-DIMENSION-PREVIEW	theory-of-algebraic-geometry-6.tex	Dimension-preview theory stream	Krull dimension; chains of prime ideals; affine dimension preview	VI/29	THEORY;EXAMPLES;VI.29.P1-P20	MERGE		MIGRATED_DRAFT	VI-SCOPE-047 reconstructed as theory. Instance audit found no standalone numbered AG6 Krull-dimension problem; no false problem provenance created.
AG8-T01-KRULL-DIMENSION	theory-of-algebraic-geometry-8.tex	Krull-dimension theory stream	Dimension via chains of irreducible closed subsets; affine equivalence with prime chains	VI/29	THEORY;EXAMPLES;VI.29.P1-P20	MERGE		MIGRATED_DRAFT	VI-SCOPE-052 reconstructed canonically. AG8 Problem 2 remains split across VI/27 and VI/30-VI/32; no synthetic numbered Krull problem created.
AG8-P3d	theory-of-algebraic-geometry-8.tex	Problem 3, part (d) counterexample	Nonempty open subset can have smaller dimension for a general scheme	VI/30	VI.30.P2	SPLIT	AG8-P3	MIGRATED_DRAFT	Exact source counterexample preserved: X = Spec k disjoint-union A^1_k and U = Spec k, so dim U = 0 < 1 = dim X.
AG8-T02-DIMENSION-SCHEMES	theory-of-algebraic-geometry-8.tex	Dimension-of-schemes theory stream	Global scheme dimension; affine compatibility; open subsets; variety dimension; transcendence-degree bridge	VI/30	THEORY;EXAMPLES;VI.30.P1-P20	MERGE		MIGRATED_DRAFT	VI-SCOPE-053 reconstructed with explicit exceptions for the already-routed VI/27 function-field fragment and VI/31-VI/32 codimension/local-dimension fragments.
