source_bucket	original_tex	compile_ready_source	current_path
Downloads	imports/ALL_TEX_AND_FIGURES/tex/Downloads/commalg6_report_structure_template (1).tex	imports/COMPILE_READY/Downloads_commalg6_report_structure_template_1_.tex	chapters/imported/tex/commalg6_report_structure_template_1_.tex
Downloads	imports/ALL_TEX_AND_FIGURES/tex/Downloads/commalg6_report_structure_template.tex	imports/COMPILE_READY/Downloads_commalg6_report_structure_template.tex	chapters/imported/tex/commalg6_report_structure_template.tex
Downloads	imports/ALL_TEX_AND_FIGURES/tex/Downloads/diagrams_01-13_tikz.tex	imports/COMPILE_READY/Downloads_diagrams_01-13_tikz.tex	chapters/imported/tex/diagrams_01-13_tikz.tex
Downloads	imports/ALL_TEX_AND_FIGURES/tex/Downloads/ex3_8_takagi.tex	imports/COMPILE_READY/Downloads_ex3_8_takagi.tex	chapters/imported/tex/ex3_8_takagi.tex
Downloads	imports/ALL_TEX_AND_FIGURES/tex/Downloads/ex38g_ex39.tex	imports/COMPILE_READY/Downloads_ex38g_ex39.tex	chapters/imported/tex/ex38g_ex39.tex
Downloads	imports/ALL_TEX_AND_FIGURES/tex/Downloads/Exercise_1_2_append.tex	imports/COMPILE_READY/Downloads_Exercise_1_2_append.tex	chapters/imported/tex/Exercise_1_2_append.tex
Downloads	imports/ALL_TEX_AND_FIGURES/tex/Downloads/exercise_4_solutions (1).tex	imports/COMPILE_READY/Downloads_exercise_4_solutions_1_.tex	chapters/imported/tex/exercise_4_solutions_1_.tex
Downloads	imports/ALL_TEX_AND_FIGURES/tex/Downloads/interpolation.tex	imports/COMPILE_READY/Downloads_interpolation.tex	chapters/imported/tex/interpolation.tex
Downloads	imports/ALL_TEX_AND_FIGURES/tex/Downloads/interpolation_all.tex	imports/COMPILE_READY/Downloads_interpolation_all.tex	chapters/imported/tex/interpolation_all.tex
Downloads	imports/ALL_TEX_AND_FIGURES/tex/Downloads/interpolation_n16.tex	imports/COMPILE_READY/Downloads_interpolation_n16.tex	chapters/imported/tex/interpolation_n16.tex
Downloads	imports/ALL_TEX_AND_FIGURES/tex/Downloads/interpolation_n4.tex	imports/COMPILE_READY/Downloads_interpolation_n4.tex	chapters/imported/tex/interpolation_n4.tex
Downloads	imports/ALL_TEX_AND_FIGURES/tex/Downloads/interpolation_n8.tex	imports/COMPILE_READY/Downloads_interpolation_n8.tex	chapters/imported/tex/interpolation_n8.tex
Downloads	imports/ALL_TEX_AND_FIGURES/tex/Downloads/latex_embed_examples_3_5.tex	imports/COMPILE_READY/Downloads_latex_embed_examples_3_5.tex	chapters/imported/tex/latex_embed_examples_3_5.tex
Downloads	imports/ALL_TEX_AND_FIGURES/tex/Downloads/merged_exercises (1).tex	imports/COMPILE_READY/Downloads_merged_exercises_1_.tex	chapters/imported/tex/merged_exercises_1_.tex
Downloads	imports/ALL_TEX_AND_FIGURES/tex/Downloads/merged_exercises (2).tex	imports/COMPILE_READY/Downloads_merged_exercises_2_.tex	chapters/imported/tex/merged_exercises_2_.tex
Downloads	imports/ALL_TEX_AND_FIGURES/tex/Downloads/merged_exercises (3).tex	imports/COMPILE_READY/Downloads_merged_exercises_3_.tex	chapters/imported/tex/merged_exercises_3_.tex
Downloads	imports/ALL_TEX_AND_FIGURES/tex/Downloads/merged_exercises.tex	imports/COMPILE_READY/Downloads_merged_exercises.tex	chapters/imported/tex/merged_exercises.tex
Downloads	imports/ALL_TEX_AND_FIGURES/tex/Downloads/merged_exercises_corrected (1).tex	imports/COMPILE_READY/Downloads_merged_exercises_corrected_1_.tex	chapters/imported/tex/merged_exercises_corrected_1_.tex
Downloads	imports/ALL_TEX_AND_FIGURES/tex/Downloads/merged_exercises_corrected (2).tex	imports/COMPILE_READY/Downloads_merged_exercises_corrected_2_.tex	chapters/imported/tex/merged_exercises_corrected_2_.tex
Downloads	imports/ALL_TEX_AND_FIGURES/tex/Downloads/merged_exercises_corrected (3).tex	imports/COMPILE_READY/Downloads_merged_exercises_corrected_3_.tex	chapters/imported/tex/merged_exercises_corrected_3_.tex
Downloads	imports/ALL_TEX_AND_FIGURES/tex/Downloads/merged_exercises_corrected (4).tex	imports/COMPILE_READY/Downloads_merged_exercises_corrected_4_.tex	chapters/imported/tex/merged_exercises_corrected_4_.tex
Downloads	imports/ALL_TEX_AND_FIGURES/tex/Downloads/merged_exercises_corrected (5).tex	imports/COMPILE_READY/Downloads_merged_exercises_corrected_5_.tex	chapters/imported/tex/merged_exercises_corrected_5_.tex
Downloads	imports/ALL_TEX_AND_FIGURES/tex/Downloads/merged_exercises_corrected (6).tex	imports/COMPILE_READY/Downloads_merged_exercises_corrected_6_.tex	chapters/imported/tex/merged_exercises_corrected_6_.tex
Downloads	imports/ALL_TEX_AND_FIGURES/tex/Downloads/merged_exercises_corrected (7).tex	imports/COMPILE_READY/Downloads_merged_exercises_corrected_7_.tex	chapters/imported/tex/merged_exercises_corrected_7_.tex
Downloads	imports/ALL_TEX_AND_FIGURES/tex/Downloads/merged_exercises_corrected (8).tex	imports/COMPILE_READY/Downloads_merged_exercises_corrected_8_.tex	chapters/imported/tex/merged_exercises_corrected_8_.tex
Downloads	imports/ALL_TEX_AND_FIGURES/tex/Downloads/merged_exercises_corrected (9).tex	imports/COMPILE_READY/Downloads_merged_exercises_corrected_9_.tex	chapters/imported/tex/merged_exercises_corrected_9_.tex
Downloads	imports/ALL_TEX_AND_FIGURES/tex/Downloads/merged_exercises_corrected.tex	imports/COMPILE_READY/Downloads_merged_exercises_corrected.tex	chapters/imported/tex/merged_exercises_corrected.tex
Downloads	imports/ALL_TEX_AND_FIGURES/tex/Downloads/merged_exercises_FULL (1).tex	imports/COMPILE_READY/Downloads_merged_exercises_FULL_1_.tex	chapters/imported/tex/merged_exercises_FULL_1_.tex
Downloads	imports/ALL_TEX_AND_FIGURES/tex/Downloads/merged_exercises_FULL (2).tex	imports/COMPILE_READY/Downloads_merged_exercises_FULL_2_.tex	chapters/imported/tex/merged_exercises_FULL_2_.tex
Downloads	imports/ALL_TEX_AND_FIGURES/tex/Downloads/merged_exercises_FULL.tex	imports/COMPILE_READY/Downloads_merged_exercises_FULL.tex	chapters/imported/tex/merged_exercises_FULL.tex
Downloads	imports/ALL_TEX_AND_FIGURES/tex/Downloads/merged_exercises_FULL_v2 (1).tex	imports/COMPILE_READY/Downloads_merged_exercises_FULL_v2_1_.tex	chapters/imported/tex/merged_exercises_FULL_v2_1_.tex
Downloads	imports/ALL_TEX_AND_FIGURES/tex/Downloads/merged_exercises_FULL_v2 (2).tex	imports/COMPILE_READY/Downloads_merged_exercises_FULL_v2_2_.tex	chapters/imported/tex/merged_exercises_FULL_v2_2_.tex
Downloads	imports/ALL_TEX_AND_FIGURES/tex/Downloads/merged_exercises_FULL_v2 (3).tex	imports/COMPILE_READY/Downloads_merged_exercises_FULL_v2_3_.tex	chapters/imported/tex/merged_exercises_FULL_v2_3_.tex
Downloads	imports/ALL_TEX_AND_FIGURES/tex/Downloads/merged_exercises_FULL_v2.tex	imports/COMPILE_READY/Downloads_merged_exercises_FULL_v2.tex	chapters/imported/tex/merged_exercises_FULL_v2.tex
Downloads	imports/ALL_TEX_AND_FIGURES/tex/Downloads/problems_9_10_visuals_embedded.tex	imports/COMPILE_READY/Downloads_problems_9_10_visuals_embedded.tex	chapters/imported/tex/problems_9_10_visuals_embedded.tex
Downloads	imports/ALL_TEX_AND_FIGURES/tex/Downloads/problems_9_10_visuals_snippet.tex	imports/COMPILE_READY/Downloads_problems_9_10_visuals_snippet.tex	chapters/imported/tex/problems_9_10_visuals_snippet.tex
Downloads	imports/ALL_TEX_AND_FIGURES/tex/Downloads/sheaves_notes_reorganized.tex	imports/COMPILE_READY/Downloads_sheaves_notes_reorganized.tex	chapters/imported/tex/sheaves_notes_reorganized.tex
Downloads	imports/ALL_TEX_AND_FIGURES/tex/Downloads/theory-of-algebraic-geometry-1.tex	imports/COMPILE_READY/Downloads_theory-of-algebraic-geometry-1.tex	chapters/imported/tex/theory-of-algebraic-geometry-1.tex
Downloads	imports/ALL_TEX_AND_FIGURES/tex/Downloads/theory-of-algebraic-geometry-10.tex	imports/COMPILE_READY/Downloads_theory-of-algebraic-geometry-10.tex	chapters/imported/tex/theory-of-algebraic-geometry-10.tex
Downloads	imports/ALL_TEX_AND_FIGURES/tex/Downloads/theory-of-algebraic-geometry-11.tex	imports/COMPILE_READY/Downloads_theory-of-algebraic-geometry-11.tex	chapters/imported/tex/theory-of-algebraic-geometry-11.tex
Downloads	imports/ALL_TEX_AND_FIGURES/tex/Downloads/theory-of-algebraic-geometry-2.tex	imports/COMPILE_READY/Downloads_theory-of-algebraic-geometry-2.tex	chapters/imported/tex/theory-of-algebraic-geometry-2.tex
Downloads	imports/ALL_TEX_AND_FIGURES/tex/Downloads/theory-of-algebraic-geometry-3.tex	imports/COMPILE_READY/Downloads_theory-of-algebraic-geometry-3.tex	chapters/imported/tex/theory-of-algebraic-geometry-3.tex
Downloads	imports/ALL_TEX_AND_FIGURES/tex/Downloads/theory-of-algebraic-geometry-4.tex	imports/COMPILE_READY/Downloads_theory-of-algebraic-geometry-4.tex	chapters/imported/tex/theory-of-algebraic-geometry-4.tex
Downloads	imports/ALL_TEX_AND_FIGURES/tex/Downloads/theory-of-algebraic-geometry-5.tex	imports/COMPILE_READY/Downloads_theory-of-algebraic-geometry-5.tex	chapters/imported/tex/theory-of-algebraic-geometry-5.tex
Downloads	imports/ALL_TEX_AND_FIGURES/tex/Downloads/theory-of-algebraic-geometry-6.tex	imports/COMPILE_READY/Downloads_theory-of-algebraic-geometry-6.tex	chapters/imported/tex/theory-of-algebraic-geometry-6.tex
Downloads	imports/ALL_TEX_AND_FIGURES/tex/Downloads/theory-of-algebraic-geometry-7.tex	imports/COMPILE_READY/Downloads_theory-of-algebraic-geometry-7.tex	chapters/imported/tex/theory-of-algebraic-geometry-7.tex
Downloads	imports/ALL_TEX_AND_FIGURES/tex/Downloads/theory-of-algebraic-geometry-8.tex	imports/COMPILE_READY/Downloads_theory-of-algebraic-geometry-8.tex	chapters/imported/tex/theory-of-algebraic-geometry-8.tex
Downloads	imports/ALL_TEX_AND_FIGURES/tex/Downloads/theory-of-algebraic-geometry-9.tex	imports/COMPILE_READY/Downloads_theory-of-algebraic-geometry-9.tex	chapters/imported/tex/theory-of-algebraic-geometry-9.tex
Downloads	imports/ALL_TEX_AND_FIGURES/tex/Downloads/theory-of-algebraic-topology-1.tex	imports/COMPILE_READY/Downloads_theory-of-algebraic-topology-1.tex	chapters/imported/tex/theory-of-algebraic-topology-1.tex
Downloads	imports/ALL_TEX_AND_FIGURES/tex/Downloads/theory-of-algebraic-topology-10.tex	imports/COMPILE_READY/Downloads_theory-of-algebraic-topology-10.tex	chapters/imported/tex/theory-of-algebraic-topology-10.tex
Downloads	imports/ALL_TEX_AND_FIGURES/tex/Downloads/theory-of-algebraic-topology-11.tex	imports/COMPILE_READY/Downloads_theory-of-algebraic-topology-11.tex	chapters/imported/tex/theory-of-algebraic-topology-11.tex
Downloads	imports/ALL_TEX_AND_FIGURES/tex/Downloads/theory-of-algebraic-topology-12.tex	imports/COMPILE_READY/Downloads_theory-of-algebraic-topology-12.tex	chapters/imported/tex/theory-of-algebraic-topology-12.tex
Downloads	imports/ALL_TEX_AND_FIGURES/tex/Downloads/theory-of-algebraic-topology-13.tex	imports/COMPILE_READY/Downloads_theory-of-algebraic-topology-13.tex	chapters/imported/tex/theory-of-algebraic-topology-13.tex
Downloads	imports/ALL_TEX_AND_FIGURES/tex/Downloads/theory-of-algebraic-topology-14.tex	imports/COMPILE_READY/Downloads_theory-of-algebraic-topology-14.tex	chapters/imported/tex/theory-of-algebraic-topology-14.tex
Downloads	imports/ALL_TEX_AND_FIGURES/tex/Downloads/theory-of-algebraic-topology-15.tex	imports/COMPILE_READY/Downloads_theory-of-algebraic-topology-15.tex	chapters/imported/tex/theory-of-algebraic-topology-15.tex
Downloads	imports/ALL_TEX_AND_FIGURES/tex/Downloads/theory-of-algebraic-topology-16.tex	imports/COMPILE_READY/Downloads_theory-of-algebraic-topology-16.tex	chapters/imported/tex/theory-of-algebraic-topology-16.tex
Downloads	imports/ALL_TEX_AND_FIGURES/tex/Downloads/theory-of-algebraic-topology-17.tex	imports/COMPILE_READY/Downloads_theory-of-algebraic-topology-17.tex	chapters/imported/tex/theory-of-algebraic-topology-17.tex
Downloads	imports/ALL_TEX_AND_FIGURES/tex/Downloads/theory-of-algebraic-topology-2.tex	imports/COMPILE_READY/Downloads_theory-of-algebraic-topology-2.tex	chapters/imported/tex/theory-of-algebraic-topology-2.tex
Downloads	imports/ALL_TEX_AND_FIGURES/tex/Downloads/theory-of-algebraic-topology-3.tex	imports/COMPILE_READY/Downloads_theory-of-algebraic-topology-3.tex	chapters/imported/tex/theory-of-algebraic-topology-3.tex
Downloads	imports/ALL_TEX_AND_FIGURES/tex/Downloads/theory-of-algebraic-topology-4.tex	imports/COMPILE_READY/Downloads_theory-of-algebraic-topology-4.tex	chapters/imported/tex/theory-of-algebraic-topology-4.tex
Downloads	imports/ALL_TEX_AND_FIGURES/tex/Downloads/theory-of-algebraic-topology-5.tex	imports/COMPILE_READY/Downloads_theory-of-algebraic-topology-5.tex	chapters/imported/tex/theory-of-algebraic-topology-5.tex
Downloads	imports/ALL_TEX_AND_FIGURES/tex/Downloads/theory-of-algebraic-topology-6.tex	imports/COMPILE_READY/Downloads_theory-of-algebraic-topology-6.tex	chapters/imported/tex/theory-of-algebraic-topology-6.tex
Downloads	imports/ALL_TEX_AND_FIGURES/tex/Downloads/theory-of-algebraic-topology-7.tex	imports/COMPILE_READY/Downloads_theory-of-algebraic-topology-7.tex	chapters/imported/tex/theory-of-algebraic-topology-7.tex
Downloads	imports/ALL_TEX_AND_FIGURES/tex/Downloads/theory-of-algebraic-topology-8.tex	imports/COMPILE_READY/Downloads_theory-of-algebraic-topology-8.tex	chapters/imported/tex/theory-of-algebraic-topology-8.tex
Downloads	imports/ALL_TEX_AND_FIGURES/tex/Downloads/theory-of-algebraic-topology-9.tex	imports/COMPILE_READY/Downloads_theory-of-algebraic-topology-9.tex	chapters/imported/tex/theory-of-algebraic-topology-9.tex
Downloads	imports/ALL_TEX_AND_FIGURES/tex/Downloads/theory-of-analysis - Copy.tex	imports/COMPILE_READY/Downloads_theory-of-analysis_-_Copy.tex	chapters/imported/tex/theory-of-analysis_-_Copy.tex
Downloads	imports/ALL_TEX_AND_FIGURES/tex/Downloads/theory-of-analysis.tex	imports/COMPILE_READY/Downloads_theory-of-analysis.tex	chapters/imported/tex/theory-of-analysis.tex
Downloads	imports/ALL_TEX_AND_FIGURES/tex/Downloads/theory-of-analysis-FD.tex	imports/COMPILE_READY/Downloads_theory-of-analysis-FD.tex	chapters/imported/tex/theory-of-analysis-FD.tex
Downloads	imports/ALL_TEX_AND_FIGURES/tex/Downloads/theory-of-analysis-FD2.tex	imports/COMPILE_READY/Downloads_theory-of-analysis-FD2.tex	chapters/imported/tex/theory-of-analysis-FD2.tex
Downloads	imports/ALL_TEX_AND_FIGURES/tex/Downloads/theory-of-analysis-functions.tex	imports/COMPILE_READY/Downloads_theory-of-analysis-functions.tex	chapters/imported/tex/theory-of-analysis-functions.tex
Downloads	imports/ALL_TEX_AND_FIGURES/tex/Downloads/theory-of-analysis-functions-II.tex	imports/COMPILE_READY/Downloads_theory-of-analysis-functions-II.tex	chapters/imported/tex/theory-of-analysis-functions-II.tex
Downloads	imports/ALL_TEX_AND_FIGURES/tex/Downloads/theory-of-analysis-II.tex	imports/COMPILE_READY/Downloads_theory-of-analysis-II.tex	chapters/imported/tex/theory-of-analysis-II.tex
Downloads	imports/ALL_TEX_AND_FIGURES/tex/Downloads/theory-of-analysis-numbers.tex	imports/COMPILE_READY/Downloads_theory-of-analysis-numbers.tex	chapters/imported/tex/theory-of-analysis-numbers.tex
Downloads	imports/ALL_TEX_AND_FIGURES/tex/Downloads/theory-of-analysis-topics.tex	imports/COMPILE_READY/Downloads_theory-of-analysis-topics.tex	chapters/imported/tex/theory-of-analysis-topics.tex
Downloads	imports/ALL_TEX_AND_FIGURES/tex/Downloads/theory-of-analysis-topology.tex	imports/COMPILE_READY/Downloads_theory-of-analysis-topology.tex	chapters/imported/tex/theory-of-analysis-topology.tex
Downloads	imports/ALL_TEX_AND_FIGURES/tex/Downloads/theory-of-commutative-algebra-1.tex	imports/COMPILE_READY/Downloads_theory-of-commutative-algebra-1.tex	chapters/imported/tex/theory-of-commutative-algebra-1.tex
Downloads	imports/ALL_TEX_AND_FIGURES/tex/Downloads/theory-of-commutative-algebra-10.tex	imports/COMPILE_READY/Downloads_theory-of-commutative-algebra-10.tex	chapters/imported/tex/theory-of-commutative-algebra-10.tex
Downloads	imports/ALL_TEX_AND_FIGURES/tex/Downloads/theory-of-commutative-algebra-11.tex	imports/COMPILE_READY/Downloads_theory-of-commutative-algebra-11.tex	chapters/imported/tex/theory-of-commutative-algebra-11.tex
Downloads	imports/ALL_TEX_AND_FIGURES/tex/Downloads/theory-of-commutative-algebra-12.tex	imports/COMPILE_READY/Downloads_theory-of-commutative-algebra-12.tex	chapters/imported/tex/theory-of-commutative-algebra-12.tex
Downloads	imports/ALL_TEX_AND_FIGURES/tex/Downloads/theory-of-commutative-algebra-13.tex	imports/COMPILE_READY/Downloads_theory-of-commutative-algebra-13.tex	chapters/imported/tex/theory-of-commutative-algebra-13.tex
Downloads	imports/ALL_TEX_AND_FIGURES/tex/Downloads/theory-of-commutative-algebra-14.tex	imports/COMPILE_READY/Downloads_theory-of-commutative-algebra-14.tex	chapters/imported/tex/theory-of-commutative-algebra-14.tex
Downloads	imports/ALL_TEX_AND_FIGURES/tex/Downloads/theory-of-commutative-algebra-15.tex	imports/COMPILE_READY/Downloads_theory-of-commutative-algebra-15.tex	chapters/imported/tex/theory-of-commutative-algebra-15.tex
Downloads	imports/ALL_TEX_AND_FIGURES/tex/Downloads/theory-of-commutative-algebra-16.tex	imports/COMPILE_READY/Downloads_theory-of-commutative-algebra-16.tex	chapters/imported/tex/theory-of-commutative-algebra-16.tex
Downloads	imports/ALL_TEX_AND_FIGURES/tex/Downloads/theory-of-commutative-algebra-1s.tex	imports/COMPILE_READY/Downloads_theory-of-commutative-algebra-1s.tex	chapters/imported/tex/theory-of-commutative-algebra-1s.tex
Downloads	imports/ALL_TEX_AND_FIGURES/tex/Downloads/theory-of-commutative-algebra-2.tex	imports/COMPILE_READY/Downloads_theory-of-commutative-algebra-2.tex	chapters/imported/tex/theory-of-commutative-algebra-2.tex
Downloads	imports/ALL_TEX_AND_FIGURES/tex/Downloads/theory-of-commutative-algebra-3.tex	imports/COMPILE_READY/Downloads_theory-of-commutative-algebra-3.tex	chapters/imported/tex/theory-of-commutative-algebra-3.tex
Downloads	imports/ALL_TEX_AND_FIGURES/tex/Downloads/theory-of-commutative-algebra-4.tex	imports/COMPILE_READY/Downloads_theory-of-commutative-algebra-4.tex	chapters/imported/tex/theory-of-commutative-algebra-4.tex
Downloads	imports/ALL_TEX_AND_FIGURES/tex/Downloads/theory-of-commutative-algebra-5.tex	imports/COMPILE_READY/Downloads_theory-of-commutative-algebra-5.tex	chapters/imported/tex/theory-of-commutative-algebra-5.tex
Downloads	imports/ALL_TEX_AND_FIGURES/tex/Downloads/theory-of-commutative-algebra-5-professional.tex	imports/COMPILE_READY/Downloads_theory-of-commutative-algebra-5-professional.tex	chapters/imported/tex/theory-of-commutative-algebra-5-professional.tex
Downloads	imports/ALL_TEX_AND_FIGURES/tex/Downloads/theory-of-commutative-algebra-5-professional-v2.tex	imports/COMPILE_READY/Downloads_theory-of-commutative-algebra-5-professional-v2.tex	chapters/imported/tex/theory-of-commutative-algebra-5-professional-v2.tex
Downloads	imports/ALL_TEX_AND_FIGURES/tex/Downloads/theory-of-commutative-algebra-6.tex	imports/COMPILE_READY/Downloads_theory-of-commutative-algebra-6.tex	chapters/imported/tex/theory-of-commutative-algebra-6.tex
Downloads	imports/ALL_TEX_AND_FIGURES/tex/Downloads/theory-of-commutative-algebra-7 - Copy.tex	imports/COMPILE_READY/Downloads_theory-of-commutative-algebra-7_-_Copy.tex	chapters/imported/tex/theory-of-commutative-algebra-7_-_Copy.tex
Downloads	imports/ALL_TEX_AND_FIGURES/tex/Downloads/theory-of-commutative-algebra-7.tex	imports/COMPILE_READY/Downloads_theory-of-commutative-algebra-7.tex	chapters/imported/tex/theory-of-commutative-algebra-7.tex
Downloads	imports/ALL_TEX_AND_FIGURES/tex/Downloads/theory-of-commutative-algebra-8.tex	imports/COMPILE_READY/Downloads_theory-of-commutative-algebra-8.tex	chapters/imported/tex/theory-of-commutative-algebra-8.tex
Downloads	imports/ALL_TEX_AND_FIGURES/tex/Downloads/theory-of-commutative-algebra-9.tex	imports/COMPILE_READY/Downloads_theory-of-commutative-algebra-9.tex	chapters/imported/tex/theory-of-commutative-algebra-9.tex
Downloads	imports/ALL_TEX_AND_FIGURES/tex/Downloads/theory-of-complex-analysis.tex	imports/COMPILE_READY/Downloads_theory-of-complex-analysis.tex	chapters/imported/tex/theory-of-complex-analysis.tex
Downloads	imports/ALL_TEX_AND_FIGURES/tex/Downloads/theory-of-complex-analysis-2.tex	imports/COMPILE_READY/Downloads_theory-of-complex-analysis-2.tex	chapters/imported/tex/theory-of-complex-analysis-2.tex
Downloads	imports/ALL_TEX_AND_FIGURES/tex/Downloads/theory-of-complex-analysis-all.tex	imports/COMPILE_READY/Downloads_theory-of-complex-analysis-all.tex	chapters/imported/tex/theory-of-complex-analysis-all.tex
Downloads	imports/ALL_TEX_AND_FIGURES/tex/Downloads/theory-of-complex-analysis-all-maps.tex	imports/COMPILE_READY/Downloads_theory-of-complex-analysis-all-maps.tex	chapters/imported/tex/theory-of-complex-analysis-all-maps.tex
Downloads	imports/ALL_TEX_AND_FIGURES/tex/Downloads/theory-of-complex-analysis-all-maps-all.tex	imports/COMPILE_READY/Downloads_theory-of-complex-analysis-all-maps-all.tex	chapters/imported/tex/theory-of-complex-analysis-all-maps-all.tex
Downloads	imports/ALL_TEX_AND_FIGURES/tex/Downloads/theory-of-complex-analysis-all-maps-all2.tex	imports/COMPILE_READY/Downloads_theory-of-complex-analysis-all-maps-all2.tex	chapters/imported/tex/theory-of-complex-analysis-all-maps-all2.tex
Downloads	imports/ALL_TEX_AND_FIGURES/tex/Downloads/theory-of-complex-analysis-gamma.tex	imports/COMPILE_READY/Downloads_theory-of-complex-analysis-gamma.tex	chapters/imported/tex/theory-of-complex-analysis-gamma.tex
Downloads	imports/ALL_TEX_AND_FIGURES/tex/Downloads/theory-of-complex-analysis-maps.tex	imports/COMPILE_READY/Downloads_theory-of-complex-analysis-maps.tex	chapters/imported/tex/theory-of-complex-analysis-maps.tex
Downloads	imports/ALL_TEX_AND_FIGURES/tex/Downloads/theory-of-complex-analysis-next.tex	imports/COMPILE_READY/Downloads_theory-of-complex-analysis-next.tex	chapters/imported/tex/theory-of-complex-analysis-next.tex
Downloads	imports/ALL_TEX_AND_FIGURES/tex/Downloads/theory-of-complex-analysis-next2.tex	imports/COMPILE_READY/Downloads_theory-of-complex-analysis-next2.tex	chapters/imported/tex/theory-of-complex-analysis-next2.tex
Downloads	imports/ALL_TEX_AND_FIGURES/tex/Downloads/theory-of-complex-analysis-series.tex	imports/COMPILE_READY/Downloads_theory-of-complex-analysis-series.tex	chapters/imported/tex/theory-of-complex-analysis-series.tex
Downloads	imports/ALL_TEX_AND_FIGURES/tex/Downloads/theory-of-complex-analysis-topology.tex	imports/COMPILE_READY/Downloads_theory-of-complex-analysis-topology.tex	chapters/imported/tex/theory-of-complex-analysis-topology.tex
Downloads	imports/ALL_TEX_AND_FIGURES/tex/Downloads/theory-of-differential-geometry-1.tex	imports/COMPILE_READY/Downloads_theory-of-differential-geometry-1.tex	chapters/imported/tex/theory-of-differential-geometry-1.tex
Downloads	imports/ALL_TEX_AND_FIGURES/tex/Downloads/theory-of-differential-geometry-2.tex	imports/COMPILE_READY/Downloads_theory-of-differential-geometry-2.tex	chapters/imported/tex/theory-of-differential-geometry-2.tex
Downloads	imports/ALL_TEX_AND_FIGURES/tex/Downloads/theory-of-differential-geometry-3.tex	imports/COMPILE_READY/Downloads_theory-of-differential-geometry-3.tex	chapters/imported/tex/theory-of-differential-geometry-3.tex
Downloads	imports/ALL_TEX_AND_FIGURES/tex/Downloads/theory-of-differential-geometry-4.tex	imports/COMPILE_READY/Downloads_theory-of-differential-geometry-4.tex	chapters/imported/tex/theory-of-differential-geometry-4.tex
Downloads	imports/ALL_TEX_AND_FIGURES/tex/Downloads/theory-of-differential-geometry-5.tex	imports/COMPILE_READY/Downloads_theory-of-differential-geometry-5.tex	chapters/imported/tex/theory-of-differential-geometry-5.tex
Downloads	imports/ALL_TEX_AND_FIGURES/tex/Downloads/theory-of-differential-geometry-6.tex	imports/COMPILE_READY/Downloads_theory-of-differential-geometry-6.tex	chapters/imported/tex/theory-of-differential-geometry-6.tex
Downloads	imports/ALL_TEX_AND_FIGURES/tex/Downloads/theory-of-differential-geometry-MATH3D.tex	imports/COMPILE_READY/Downloads_theory-of-differential-geometry-MATH3D.tex	chapters/imported/tex/theory-of-differential-geometry-MATH3D.tex
Downloads	imports/ALL_TEX_AND_FIGURES/tex/Downloads/theory-of-differential-geometry-topics.tex	imports/COMPILE_READY/Downloads_theory-of-differential-geometry-topics.tex	chapters/imported/tex/theory-of-differential-geometry-topics.tex
Downloads	imports/ALL_TEX_AND_FIGURES/tex/Downloads/theory-of-disitrbutions.tex	imports/COMPILE_READY/Downloads_theory-of-disitrbutions.tex	chapters/imported/tex/theory-of-disitrbutions.tex
Downloads	imports/ALL_TEX_AND_FIGURES/tex/Downloads/theory-of-geometry.tex	imports/COMPILE_READY/Downloads_theory-of-geometry.tex	chapters/imported/tex/theory-of-geometry.tex
Downloads	imports/ALL_TEX_AND_FIGURES/tex/Downloads/theory-of-geometry-1.tex	imports/COMPILE_READY/Downloads_theory-of-geometry-1.tex	chapters/imported/tex/theory-of-geometry-1.tex
Downloads	imports/ALL_TEX_AND_FIGURES/tex/Downloads/theory-of-geometry-2.tex	imports/COMPILE_READY/Downloads_theory-of-geometry-2.tex	chapters/imported/tex/theory-of-geometry-2.tex
Downloads	imports/ALL_TEX_AND_FIGURES/tex/Downloads/theory-of-geometry-3.tex	imports/COMPILE_READY/Downloads_theory-of-geometry-3.tex	chapters/imported/tex/theory-of-geometry-3.tex
Downloads	imports/ALL_TEX_AND_FIGURES/tex/Downloads/theory-of-geometry-4.tex	imports/COMPILE_READY/Downloads_theory-of-geometry-4.tex	chapters/imported/tex/theory-of-geometry-4.tex
Downloads	imports/ALL_TEX_AND_FIGURES/tex/Downloads/theory-of-geometry-II.tex	imports/COMPILE_READY/Downloads_theory-of-geometry-II.tex	chapters/imported/tex/theory-of-geometry-II.tex
Downloads	imports/ALL_TEX_AND_FIGURES/tex/Downloads/theory-of-geometry-III.tex	imports/COMPILE_READY/Downloads_theory-of-geometry-III.tex	chapters/imported/tex/theory-of-geometry-III.tex
Downloads	imports/ALL_TEX_AND_FIGURES/tex/Downloads/theory-of-geometry-IV.tex	imports/COMPILE_READY/Downloads_theory-of-geometry-IV.tex	chapters/imported/tex/theory-of-geometry-IV.tex
Downloads	imports/ALL_TEX_AND_FIGURES/tex/Downloads/theory-of-linear-algebra-1.tex	imports/COMPILE_READY/Downloads_theory-of-linear-algebra-1.tex	chapters/imported/tex/theory-of-linear-algebra-1.tex
Downloads	imports/ALL_TEX_AND_FIGURES/tex/Downloads/theory-of-linear-algebra-2.tex	imports/COMPILE_READY/Downloads_theory-of-linear-algebra-2.tex	chapters/imported/tex/theory-of-linear-algebra-2.tex
Downloads	imports/ALL_TEX_AND_FIGURES/tex/Downloads/theory-of-real-analysis.tex	imports/COMPILE_READY/Downloads_theory-of-real-analysis.tex	chapters/imported/tex/theory-of-real-analysis.tex
Downloads	imports/ALL_TEX_AND_FIGURES/tex/Downloads/vector_bundle_diagrams_snippet (1).tex	imports/COMPILE_READY/Downloads_vector_bundle_diagrams_snippet_1_.tex	chapters/imported/tex/vector_bundle_diagrams_snippet_1_.tex
Downloads	imports/ALL_TEX_AND_FIGURES/tex/Downloads/vector_bundle_diagrams_snippet.tex	imports/COMPILE_READY/Downloads_vector_bundle_diagrams_snippet.tex	chapters/imported/tex/vector_bundle_diagrams_snippet.tex
Downloads	imports/ALL_TEX_AND_FIGURES/tex/Downloads/vector_bundle_diagrams_standalone.tex	imports/COMPILE_READY/Downloads_vector_bundle_diagrams_standalone.tex	chapters/imported/tex/vector_bundle_diagrams_standalone.tex
Downloads	imports/ALL_TEX_AND_FIGURES/tex/Downloads/wiki-green.tex	imports/COMPILE_READY/Downloads_wiki-green.tex	chapters/imported/tex/wiki-green.tex
MATH_ALLS-3	imports/ALL_TEX_AND_FIGURES/tex/MATH_ALLS-3/commalg6_report_structure_template (1).tex	imports/COMPILE_READY/MATH_ALLS-3_commalg6_report_structure_template_1_.tex	chapters/imported/tex/commalg6_report_structure_template_1_.tex
MATH_ALLS-3	imports/ALL_TEX_AND_FIGURES/tex/MATH_ALLS-3/commalg6_report_structure_template.tex	imports/COMPILE_READY/MATH_ALLS-3_commalg6_report_structure_template.tex	chapters/imported/tex/commalg6_report_structure_template.tex
MATH_ALLS-3	imports/ALL_TEX_AND_FIGURES/tex/MATH_ALLS-3/diagrams_01-13_tikz.tex	imports/COMPILE_READY/MATH_ALLS-3_diagrams_01-13_tikz.tex	chapters/imported/tex/diagrams_01-13_tikz.tex
MATH_ALLS-3	imports/ALL_TEX_AND_FIGURES/tex/MATH_ALLS-3/theory-of-algebraic-topology-1.tex	imports/COMPILE_READY/MATH_ALLS-3_theory-of-algebraic-topology-1.tex	chapters/imported/tex/theory-of-algebraic-topology-1--math-alls-3.tex
MATH_ALLS-3	imports/ALL_TEX_AND_FIGURES/tex/MATH_ALLS-3/theory-of-algebraic-topology-2.tex	imports/COMPILE_READY/MATH_ALLS-3_theory-of-algebraic-topology-2.tex	chapters/imported/tex/theory-of-algebraic-topology-2--math-alls-3.tex
MATH_ALLS-3	imports/ALL_TEX_AND_FIGURES/tex/MATH_ALLS-3/theory-of-commutative-algebra-1.tex	imports/COMPILE_READY/MATH_ALLS-3_theory-of-commutative-algebra-1.tex	chapters/imported/tex/theory-of-commutative-algebra-1.tex
MATH_ALLS-3	imports/ALL_TEX_AND_FIGURES/tex/MATH_ALLS-3/theory-of-commutative-algebra-10.tex	imports/COMPILE_READY/MATH_ALLS-3_theory-of-commutative-algebra-10.tex	chapters/imported/tex/theory-of-commutative-algebra-10.tex
MATH_ALLS-3	imports/ALL_TEX_AND_FIGURES/tex/MATH_ALLS-3/theory-of-commutative-algebra-11.tex	imports/COMPILE_READY/MATH_ALLS-3_theory-of-commutative-algebra-11.tex	chapters/imported/tex/theory-of-commutative-algebra-11.tex
MATH_ALLS-3	imports/ALL_TEX_AND_FIGURES/tex/MATH_ALLS-3/theory-of-commutative-algebra-12.tex	imports/COMPILE_READY/MATH_ALLS-3_theory-of-commutative-algebra-12.tex	chapters/imported/tex/theory-of-commutative-algebra-12.tex
MATH_ALLS-3	imports/ALL_TEX_AND_FIGURES/tex/MATH_ALLS-3/theory-of-commutative-algebra-13.tex	imports/COMPILE_READY/MATH_ALLS-3_theory-of-commutative-algebra-13.tex	chapters/imported/tex/theory-of-commutative-algebra-13.tex
MATH_ALLS-3	imports/ALL_TEX_AND_FIGURES/tex/MATH_ALLS-3/theory-of-commutative-algebra-14.tex	imports/COMPILE_READY/MATH_ALLS-3_theory-of-commutative-algebra-14.tex	chapters/imported/tex/theory-of-commutative-algebra-14.tex
MATH_ALLS-3	imports/ALL_TEX_AND_FIGURES/tex/MATH_ALLS-3/theory-of-commutative-algebra-15.tex	imports/COMPILE_READY/MATH_ALLS-3_theory-of-commutative-algebra-15.tex	chapters/imported/tex/theory-of-commutative-algebra-15--math-alls-3.tex
MATH_ALLS-3	imports/ALL_TEX_AND_FIGURES/tex/MATH_ALLS-3/theory-of-commutative-algebra-1s.tex	imports/COMPILE_READY/MATH_ALLS-3_theory-of-commutative-algebra-1s.tex	chapters/imported/tex/theory-of-commutative-algebra-1s.tex
MATH_ALLS-3	imports/ALL_TEX_AND_FIGURES/tex/MATH_ALLS-3/theory-of-commutative-algebra-2.tex	imports/COMPILE_READY/MATH_ALLS-3_theory-of-commutative-algebra-2.tex	chapters/imported/tex/theory-of-commutative-algebra-2.tex
MATH_ALLS-3	imports/ALL_TEX_AND_FIGURES/tex/MATH_ALLS-3/theory-of-commutative-algebra-3.tex	imports/COMPILE_READY/MATH_ALLS-3_theory-of-commutative-algebra-3.tex	chapters/imported/tex/theory-of-commutative-algebra-3.tex
MATH_ALLS-3	imports/ALL_TEX_AND_FIGURES/tex/MATH_ALLS-3/theory-of-commutative-algebra-4.tex	imports/COMPILE_READY/MATH_ALLS-3_theory-of-commutative-algebra-4.tex	chapters/imported/tex/theory-of-commutative-algebra-4.tex
MATH_ALLS-3	imports/ALL_TEX_AND_FIGURES/tex/MATH_ALLS-3/theory-of-commutative-algebra-5.tex	imports/COMPILE_READY/MATH_ALLS-3_theory-of-commutative-algebra-5.tex	chapters/imported/tex/theory-of-commutative-algebra-5.tex
MATH_ALLS-3	imports/ALL_TEX_AND_FIGURES/tex/MATH_ALLS-3/theory-of-commutative-algebra-5-professional.tex	imports/COMPILE_READY/MATH_ALLS-3_theory-of-commutative-algebra-5-professional.tex	chapters/imported/tex/theory-of-commutative-algebra-5-professional.tex
MATH_ALLS-3	imports/ALL_TEX_AND_FIGURES/tex/MATH_ALLS-3/theory-of-commutative-algebra-5-professional-v2.tex	imports/COMPILE_READY/MATH_ALLS-3_theory-of-commutative-algebra-5-professional-v2.tex	chapters/imported/tex/theory-of-commutative-algebra-5-professional-v2.tex
MATH_ALLS-3	imports/ALL_TEX_AND_FIGURES/tex/MATH_ALLS-3/theory-of-commutative-algebra-6.tex	imports/COMPILE_READY/MATH_ALLS-3_theory-of-commutative-algebra-6.tex	chapters/imported/tex/theory-of-commutative-algebra-6.tex
MATH_ALLS-3	imports/ALL_TEX_AND_FIGURES/tex/MATH_ALLS-3/theory-of-commutative-algebra-7 - Copy.tex	imports/COMPILE_READY/MATH_ALLS-3_theory-of-commutative-algebra-7_-_Copy.tex	chapters/imported/tex/theory-of-commutative-algebra-7_-_Copy.tex
MATH_ALLS-3	imports/ALL_TEX_AND_FIGURES/tex/MATH_ALLS-3/theory-of-commutative-algebra-7.tex	imports/COMPILE_READY/MATH_ALLS-3_theory-of-commutative-algebra-7.tex	chapters/imported/tex/theory-of-commutative-algebra-7.tex
MATH_ALLS-3	imports/ALL_TEX_AND_FIGURES/tex/MATH_ALLS-3/theory-of-commutative-algebra-8.tex	imports/COMPILE_READY/MATH_ALLS-3_theory-of-commutative-algebra-8.tex	chapters/imported/tex/theory-of-commutative-algebra-8.tex
MATH_ALLS-3	imports/ALL_TEX_AND_FIGURES/tex/MATH_ALLS-3/theory-of-commutative-algebra-9.tex	imports/COMPILE_READY/MATH_ALLS-3_theory-of-commutative-algebra-9.tex	chapters/imported/tex/theory-of-commutative-algebra-9.tex
MATH_ALLS-3	imports/ALL_TEX_AND_FIGURES/tex/MATH_ALLS-3/theory-of-differential-geometry-1.tex	imports/COMPILE_READY/MATH_ALLS-3_theory-of-differential-geometry-1.tex	chapters/imported/tex/theory-of-differential-geometry-1.tex
MATH_ALLS-3	imports/ALL_TEX_AND_FIGURES/tex/MATH_ALLS-3/theory-of-differential-geometry-2.tex	imports/COMPILE_READY/MATH_ALLS-3_theory-of-differential-geometry-2.tex	chapters/imported/tex/theory-of-differential-geometry-2--math-alls-3.tex
MATH_ALLS-3	imports/ALL_TEX_AND_FIGURES/tex/MATH_ALLS-3/theory-of-differential-geometry-3.tex	imports/COMPILE_READY/MATH_ALLS-3_theory-of-differential-geometry-3.tex	chapters/imported/tex/theory-of-differential-geometry-3.tex
MATH_ALLS-3	imports/ALL_TEX_AND_FIGURES/tex/MATH_ALLS-3/theory-of-differential-geometry-4.tex	imports/COMPILE_READY/MATH_ALLS-3_theory-of-differential-geometry-4.tex	chapters/imported/tex/theory-of-differential-geometry-4.tex
MATH_ALLS-3	imports/ALL_TEX_AND_FIGURES/tex/MATH_ALLS-3/theory-of-differential-geometry-5.tex	imports/COMPILE_READY/MATH_ALLS-3_theory-of-differential-geometry-5.tex	chapters/imported/tex/theory-of-differential-geometry-5.tex
MATH_ALLS-3	imports/ALL_TEX_AND_FIGURES/tex/MATH_ALLS-3/theory-of-differential-geometry-6.tex	imports/COMPILE_READY/MATH_ALLS-3_theory-of-differential-geometry-6.tex	chapters/imported/tex/theory-of-differential-geometry-6.tex
MATH_ALLS-3	imports/ALL_TEX_AND_FIGURES/tex/MATH_ALLS-3/theory-of-differential-geometry-MATH3D.tex	imports/COMPILE_READY/MATH_ALLS-3_theory-of-differential-geometry-MATH3D.tex	chapters/imported/tex/theory-of-differential-geometry-MATH3D--math-alls-3.tex
MATH_ALLS-3	imports/ALL_TEX_AND_FIGURES/tex/MATH_ALLS-3/theory-of-linear-algebra-1.tex	imports/COMPILE_READY/MATH_ALLS-3_theory-of-linear-algebra-1.tex	chapters/imported/tex/theory-of-linear-algebra-1.tex
MATH_ALLS-3	imports/ALL_TEX_AND_FIGURES/tex/MATH_ALLS-3/theory-of-linear-algebra-2.tex	imports/COMPILE_READY/MATH_ALLS-3_theory-of-linear-algebra-2.tex	chapters/imported/tex/theory-of-linear-algebra-2.tex
MATH-ALLS-2	imports/ALL_TEX_AND_FIGURES/tex/MATH-ALLS-2/ex3_8_takagi.tex	imports/COMPILE_READY/MATH-ALLS-2_ex3_8_takagi.tex	chapters/imported/tex/ex3_8_takagi.tex
MATH-ALLS-2	imports/ALL_TEX_AND_FIGURES/tex/MATH-ALLS-2/ex38g_ex39.tex	imports/COMPILE_READY/MATH-ALLS-2_ex38g_ex39.tex	chapters/imported/tex/ex38g_ex39.tex
MATH-ALLS-2	imports/ALL_TEX_AND_FIGURES/tex/MATH-ALLS-2/Exercise_1_2_append.tex	imports/COMPILE_READY/MATH-ALLS-2_Exercise_1_2_append.tex	chapters/imported/tex/Exercise_1_2_append--math-alls-2.tex
MATH-ALLS-2	imports/ALL_TEX_AND_FIGURES/tex/MATH-ALLS-2/exercise_4_solutions (1).tex	imports/COMPILE_READY/MATH-ALLS-2_exercise_4_solutions_1_.tex	chapters/imported/tex/exercise_4_solutions_1_.tex
MATH-ALLS-2	imports/ALL_TEX_AND_FIGURES/tex/MATH-ALLS-2/interpolation.tex	imports/COMPILE_READY/MATH-ALLS-2_interpolation.tex	chapters/imported/tex/interpolation--math-alls-2.tex
MATH-ALLS-2	imports/ALL_TEX_AND_FIGURES/tex/MATH-ALLS-2/interpolation_all.tex	imports/COMPILE_READY/MATH-ALLS-2_interpolation_all.tex	chapters/imported/tex/interpolation_all.tex
MATH-ALLS-2	imports/ALL_TEX_AND_FIGURES/tex/MATH-ALLS-2/interpolation_n16.tex	imports/COMPILE_READY/MATH-ALLS-2_interpolation_n16.tex	chapters/imported/tex/interpolation_n16.tex
MATH-ALLS-2	imports/ALL_TEX_AND_FIGURES/tex/MATH-ALLS-2/interpolation_n4.tex	imports/COMPILE_READY/MATH-ALLS-2_interpolation_n4.tex	chapters/imported/tex/interpolation_n4.tex
MATH-ALLS-2	imports/ALL_TEX_AND_FIGURES/tex/MATH-ALLS-2/interpolation_n8.tex	imports/COMPILE_READY/MATH-ALLS-2_interpolation_n8.tex	chapters/imported/tex/interpolation_n8.tex
MATH-ALLS-2	imports/ALL_TEX_AND_FIGURES/tex/MATH-ALLS-2/merged_exercises (1).tex	imports/COMPILE_READY/MATH-ALLS-2_merged_exercises_1_.tex	chapters/imported/tex/merged_exercises_1_.tex
MATH-ALLS-2	imports/ALL_TEX_AND_FIGURES/tex/MATH-ALLS-2/merged_exercises (2).tex	imports/COMPILE_READY/MATH-ALLS-2_merged_exercises_2_.tex	chapters/imported/tex/merged_exercises_2_.tex
MATH-ALLS-2	imports/ALL_TEX_AND_FIGURES/tex/MATH-ALLS-2/merged_exercises (3).tex	imports/COMPILE_READY/MATH-ALLS-2_merged_exercises_3_.tex	chapters/imported/tex/merged_exercises_3_.tex
MATH-ALLS-2	imports/ALL_TEX_AND_FIGURES/tex/MATH-ALLS-2/merged_exercises.tex	imports/COMPILE_READY/MATH-ALLS-2_merged_exercises.tex	chapters/imported/tex/merged_exercises.tex
MATH-ALLS-2	imports/ALL_TEX_AND_FIGURES/tex/MATH-ALLS-2/merged_exercises_corrected (1).tex	imports/COMPILE_READY/MATH-ALLS-2_merged_exercises_corrected_1_.tex	chapters/imported/tex/merged_exercises_corrected_1_.tex
MATH-ALLS-2	imports/ALL_TEX_AND_FIGURES/tex/MATH-ALLS-2/merged_exercises_corrected (2).tex	imports/COMPILE_READY/MATH-ALLS-2_merged_exercises_corrected_2_.tex	chapters/imported/tex/merged_exercises_corrected_2_.tex
MATH-ALLS-2	imports/ALL_TEX_AND_FIGURES/tex/MATH-ALLS-2/merged_exercises_corrected (3).tex	imports/COMPILE_READY/MATH-ALLS-2_merged_exercises_corrected_3_.tex	chapters/imported/tex/merged_exercises_corrected_3_.tex
MATH-ALLS-2	imports/ALL_TEX_AND_FIGURES/tex/MATH-ALLS-2/merged_exercises_corrected (4).tex	imports/COMPILE_READY/MATH-ALLS-2_merged_exercises_corrected_4_.tex	chapters/imported/tex/merged_exercises_corrected_4_.tex
MATH-ALLS-2	imports/ALL_TEX_AND_FIGURES/tex/MATH-ALLS-2/merged_exercises_corrected (5).tex	imports/COMPILE_READY/MATH-ALLS-2_merged_exercises_corrected_5_.tex	chapters/imported/tex/merged_exercises_corrected_5_.tex
MATH-ALLS-2	imports/ALL_TEX_AND_FIGURES/tex/MATH-ALLS-2/merged_exercises_corrected (6).tex	imports/COMPILE_READY/MATH-ALLS-2_merged_exercises_corrected_6_.tex	chapters/imported/tex/merged_exercises_corrected_6_.tex
MATH-ALLS-2	imports/ALL_TEX_AND_FIGURES/tex/MATH-ALLS-2/merged_exercises_corrected (7).tex	imports/COMPILE_READY/MATH-ALLS-2_merged_exercises_corrected_7_.tex	chapters/imported/tex/merged_exercises_corrected_7_.tex
MATH-ALLS-2	imports/ALL_TEX_AND_FIGURES/tex/MATH-ALLS-2/merged_exercises_corrected (8).tex	imports/COMPILE_READY/MATH-ALLS-2_merged_exercises_corrected_8_.tex	chapters/imported/tex/merged_exercises_corrected_8_.tex
MATH-ALLS-2	imports/ALL_TEX_AND_FIGURES/tex/MATH-ALLS-2/merged_exercises_corrected (9).tex	imports/COMPILE_READY/MATH-ALLS-2_merged_exercises_corrected_9_.tex	chapters/imported/tex/merged_exercises_corrected_9_.tex
MATH-ALLS-2	imports/ALL_TEX_AND_FIGURES/tex/MATH-ALLS-2/merged_exercises_corrected.tex	imports/COMPILE_READY/MATH-ALLS-2_merged_exercises_corrected.tex	chapters/imported/tex/merged_exercises_corrected.tex
MATH-ALLS-2	imports/ALL_TEX_AND_FIGURES/tex/MATH-ALLS-2/merged_exercises_FULL (1).tex	imports/COMPILE_READY/MATH-ALLS-2_merged_exercises_FULL_1_.tex	chapters/imported/tex/merged_exercises_FULL_1_.tex
MATH-ALLS-2	imports/ALL_TEX_AND_FIGURES/tex/MATH-ALLS-2/merged_exercises_FULL (2).tex	imports/COMPILE_READY/MATH-ALLS-2_merged_exercises_FULL_2_.tex	chapters/imported/tex/merged_exercises_FULL_2_.tex
MATH-ALLS-2	imports/ALL_TEX_AND_FIGURES/tex/MATH-ALLS-2/merged_exercises_FULL.tex	imports/COMPILE_READY/MATH-ALLS-2_merged_exercises_FULL.tex	chapters/imported/tex/merged_exercises_FULL.tex
MATH-ALLS-2	imports/ALL_TEX_AND_FIGURES/tex/MATH-ALLS-2/merged_exercises_FULL_v2 (1).tex	imports/COMPILE_READY/MATH-ALLS-2_merged_exercises_FULL_v2_1_.tex	chapters/imported/tex/merged_exercises_FULL_v2_1_.tex
MATH-ALLS-2	imports/ALL_TEX_AND_FIGURES/tex/MATH-ALLS-2/merged_exercises_FULL_v2 (2).tex	imports/COMPILE_READY/MATH-ALLS-2_merged_exercises_FULL_v2_2_.tex	chapters/imported/tex/merged_exercises_FULL_v2_2_.tex
MATH-ALLS-2	imports/ALL_TEX_AND_FIGURES/tex/MATH-ALLS-2/merged_exercises_FULL_v2 (3).tex	imports/COMPILE_READY/MATH-ALLS-2_merged_exercises_FULL_v2_3_.tex	chapters/imported/tex/merged_exercises_FULL_v2_3_.tex
MATH-ALLS-2	imports/ALL_TEX_AND_FIGURES/tex/MATH-ALLS-2/merged_exercises_FULL_v2.tex	imports/COMPILE_READY/MATH-ALLS-2_merged_exercises_FULL_v2.tex	chapters/imported/tex/merged_exercises_FULL_v2.tex
MATH-ALLS-2	imports/ALL_TEX_AND_FIGURES/tex/MATH-ALLS-2/theory-of-analysis - Copy.tex	imports/COMPILE_READY/MATH-ALLS-2_theory-of-analysis_-_Copy.tex	chapters/imported/tex/theory-of-analysis_-_Copy.tex
MATH-ALLS-2	imports/ALL_TEX_AND_FIGURES/tex/MATH-ALLS-2/theory-of-analysis.tex	imports/COMPILE_READY/MATH-ALLS-2_theory-of-analysis.tex	chapters/imported/tex/theory-of-analysis.tex
MATH-ALLS-2	imports/ALL_TEX_AND_FIGURES/tex/MATH-ALLS-2/theory-of-analysis-FD.tex	imports/COMPILE_READY/MATH-ALLS-2_theory-of-analysis-FD.tex	chapters/imported/tex/theory-of-analysis-FD--math-alls-2.tex
MATH-ALLS-2	imports/ALL_TEX_AND_FIGURES/tex/MATH-ALLS-2/theory-of-analysis-FD2.tex	imports/COMPILE_READY/MATH-ALLS-2_theory-of-analysis-FD2.tex	chapters/imported/tex/theory-of-analysis-FD2--math-alls-2.tex
MATH-ALLS-2	imports/ALL_TEX_AND_FIGURES/tex/MATH-ALLS-2/theory-of-analysis-functions.tex	imports/COMPILE_READY/MATH-ALLS-2_theory-of-analysis-functions.tex	chapters/imported/tex/theory-of-analysis-functions--math-alls-2.tex
MATH-ALLS-2	imports/ALL_TEX_AND_FIGURES/tex/MATH-ALLS-2/theory-of-analysis-functions-II.tex	imports/COMPILE_READY/MATH-ALLS-2_theory-of-analysis-functions-II.tex	chapters/imported/tex/theory-of-analysis-functions-II--math-alls-2.tex
MATH-ALLS-2	imports/ALL_TEX_AND_FIGURES/tex/MATH-ALLS-2/theory-of-analysis-II.tex	imports/COMPILE_READY/MATH-ALLS-2_theory-of-analysis-II.tex	chapters/imported/tex/theory-of-analysis-II--math-alls-2.tex
MATH-ALLS-2	imports/ALL_TEX_AND_FIGURES/tex/MATH-ALLS-2/theory-of-analysis-numbers.tex	imports/COMPILE_READY/MATH-ALLS-2_theory-of-analysis-numbers.tex	chapters/imported/tex/theory-of-analysis-numbers.tex
MATH-ALLS-2	imports/ALL_TEX_AND_FIGURES/tex/MATH-ALLS-2/theory-of-analysis-topics.tex	imports/COMPILE_READY/MATH-ALLS-2_theory-of-analysis-topics.tex	chapters/imported/tex/theory-of-analysis-topics--math-alls-2.tex
MATH-ALLS-2	imports/ALL_TEX_AND_FIGURES/tex/MATH-ALLS-2/theory-of-analysis-topology.tex	imports/COMPILE_READY/MATH-ALLS-2_theory-of-analysis-topology.tex	chapters/imported/tex/theory-of-analysis-topology--math-alls-2.tex
MATH-ALLS-2	imports/ALL_TEX_AND_FIGURES/tex/MATH-ALLS-2/theory-of-complex-analysis.tex	imports/COMPILE_READY/MATH-ALLS-2_theory-of-complex-analysis.tex	chapters/imported/tex/theory-of-complex-analysis--math-alls-2.tex
MATH-ALLS-2	imports/ALL_TEX_AND_FIGURES/tex/MATH-ALLS-2/theory-of-complex-analysis-2.tex	imports/COMPILE_READY/MATH-ALLS-2_theory-of-complex-analysis-2.tex	chapters/imported/tex/theory-of-complex-analysis-2.tex
MATH-ALLS-2	imports/ALL_TEX_AND_FIGURES/tex/MATH-ALLS-2/theory-of-complex-analysis-all.tex	imports/COMPILE_READY/MATH-ALLS-2_theory-of-complex-analysis-all.tex	chapters/imported/tex/theory-of-complex-analysis-all.tex
MATH-ALLS-2	imports/ALL_TEX_AND_FIGURES/tex/MATH-ALLS-2/theory-of-complex-analysis-all-maps.tex	imports/COMPILE_READY/MATH-ALLS-2_theory-of-complex-analysis-all-maps.tex	chapters/imported/tex/theory-of-complex-analysis-all-maps.tex
MATH-ALLS-2	imports/ALL_TEX_AND_FIGURES/tex/MATH-ALLS-2/theory-of-complex-analysis-all-maps-all.tex	imports/COMPILE_READY/MATH-ALLS-2_theory-of-complex-analysis-all-maps-all.tex	chapters/imported/tex/theory-of-complex-analysis-all-maps-all.tex
MATH-ALLS-2	imports/ALL_TEX_AND_FIGURES/tex/MATH-ALLS-2/theory-of-complex-analysis-all-maps-all2.tex	imports/COMPILE_READY/MATH-ALLS-2_theory-of-complex-analysis-all-maps-all2.tex	chapters/imported/tex/theory-of-complex-analysis-all-maps-all2.tex
MATH-ALLS-2	imports/ALL_TEX_AND_FIGURES/tex/MATH-ALLS-2/theory-of-complex-analysis-gamma.tex	imports/COMPILE_READY/MATH-ALLS-2_theory-of-complex-analysis-gamma.tex	chapters/imported/tex/theory-of-complex-analysis-gamma--math-alls-2.tex
MATH-ALLS-2	imports/ALL_TEX_AND_FIGURES/tex/MATH-ALLS-2/theory-of-complex-analysis-maps.tex	imports/COMPILE_READY/MATH-ALLS-2_theory-of-complex-analysis-maps.tex	chapters/imported/tex/theory-of-complex-analysis-maps--math-alls-2.tex
MATH-ALLS-2	imports/ALL_TEX_AND_FIGURES/tex/MATH-ALLS-2/theory-of-complex-analysis-next.tex	imports/COMPILE_READY/MATH-ALLS-2_theory-of-complex-analysis-next.tex	chapters/imported/tex/theory-of-complex-analysis-next--math-alls-2.tex
MATH-ALLS-2	imports/ALL_TEX_AND_FIGURES/tex/MATH-ALLS-2/theory-of-complex-analysis-next2.tex	imports/COMPILE_READY/MATH-ALLS-2_theory-of-complex-analysis-next2.tex	chapters/imported/tex/theory-of-complex-analysis-next2.tex
MATH-ALLS-2	imports/ALL_TEX_AND_FIGURES/tex/MATH-ALLS-2/theory-of-complex-analysis-series.tex	imports/COMPILE_READY/MATH-ALLS-2_theory-of-complex-analysis-series.tex	chapters/imported/tex/theory-of-complex-analysis-series.tex
MATH-ALLS-2	imports/ALL_TEX_AND_FIGURES/tex/MATH-ALLS-2/theory-of-complex-analysis-topology.tex	imports/COMPILE_READY/MATH-ALLS-2_theory-of-complex-analysis-topology.tex	chapters/imported/tex/theory-of-complex-analysis-topology.tex
MATH-ALLS-2	imports/ALL_TEX_AND_FIGURES/tex/MATH-ALLS-2/theory-of-differential-geometry-1.tex	imports/COMPILE_READY/MATH-ALLS-2_theory-of-differential-geometry-1.tex	chapters/imported/tex/theory-of-differential-geometry-1.tex
MATH-ALLS-2	imports/ALL_TEX_AND_FIGURES/tex/MATH-ALLS-2/theory-of-differential-geometry-2.tex	imports/COMPILE_READY/MATH-ALLS-2_theory-of-differential-geometry-2.tex	chapters/imported/tex/theory-of-differential-geometry-2--math-alls-2.tex
MATH-ALLS-2	imports/ALL_TEX_AND_FIGURES/tex/MATH-ALLS-2/theory-of-differential-geometry-MATH3D.tex	imports/COMPILE_READY/MATH-ALLS-2_theory-of-differential-geometry-MATH3D.tex	chapters/imported/tex/theory-of-differential-geometry-MATH3D--math-alls-2.tex
MATH-ALLS-2	imports/ALL_TEX_AND_FIGURES/tex/MATH-ALLS-2/theory-of-differential-geometry-topics.tex	imports/COMPILE_READY/MATH-ALLS-2_theory-of-differential-geometry-topics.tex	chapters/imported/tex/theory-of-differential-geometry-topics.tex
MATH-ALLS-2	imports/ALL_TEX_AND_FIGURES/tex/MATH-ALLS-2/theory-of-disitrbutions.tex	imports/COMPILE_READY/MATH-ALLS-2_theory-of-disitrbutions.tex	chapters/imported/tex/theory-of-disitrbutions.tex
MATH-ALLS-2	imports/ALL_TEX_AND_FIGURES/tex/MATH-ALLS-2/theory-of-geometry.tex	imports/COMPILE_READY/MATH-ALLS-2_theory-of-geometry.tex	chapters/imported/tex/theory-of-geometry--math-alls-2.tex
MATH-ALLS-2	imports/ALL_TEX_AND_FIGURES/tex/MATH-ALLS-2/theory-of-geometry-1.tex	imports/COMPILE_READY/MATH-ALLS-2_theory-of-geometry-1.tex	chapters/imported/tex/theory-of-geometry-1--math-alls-2.tex
MATH-ALLS-2	imports/ALL_TEX_AND_FIGURES/tex/MATH-ALLS-2/theory-of-geometry-2.tex	imports/COMPILE_READY/MATH-ALLS-2_theory-of-geometry-2.tex	chapters/imported/tex/theory-of-geometry-2--math-alls-2.tex
MATH-ALLS-2	imports/ALL_TEX_AND_FIGURES/tex/MATH-ALLS-2/theory-of-geometry-3.tex	imports/COMPILE_READY/MATH-ALLS-2_theory-of-geometry-3.tex	chapters/imported/tex/theory-of-geometry-3--math-alls-2.tex
MATH-ALLS-2	imports/ALL_TEX_AND_FIGURES/tex/MATH-ALLS-2/theory-of-geometry-4.tex	imports/COMPILE_READY/MATH-ALLS-2_theory-of-geometry-4.tex	chapters/imported/tex/theory-of-geometry-4--math-alls-2.tex
MATH-ALLS-2	imports/ALL_TEX_AND_FIGURES/tex/MATH-ALLS-2/theory-of-geometry-II.tex	imports/COMPILE_READY/MATH-ALLS-2_theory-of-geometry-II.tex	chapters/imported/tex/theory-of-geometry-II.tex
MATH-ALLS-2	imports/ALL_TEX_AND_FIGURES/tex/MATH-ALLS-2/theory-of-geometry-III.tex	imports/COMPILE_READY/MATH-ALLS-2_theory-of-geometry-III.tex	chapters/imported/tex/theory-of-geometry-III--math-alls-2.tex
MATH-ALLS-2	imports/ALL_TEX_AND_FIGURES/tex/MATH-ALLS-2/theory-of-geometry-IV.tex	imports/COMPILE_READY/MATH-ALLS-2_theory-of-geometry-IV.tex	chapters/imported/tex/theory-of-geometry-IV--math-alls-2.tex
MATH-ALLS-2	imports/ALL_TEX_AND_FIGURES/tex/MATH-ALLS-2/theory-of-real-analysis.tex	imports/COMPILE_READY/MATH-ALLS-2_theory-of-real-analysis.tex	chapters/imported/tex/theory-of-real-analysis.tex
MATH-ALLS-2	imports/ALL_TEX_AND_FIGURES/tex/MATH-ALLS-2/wiki-green.tex	imports/COMPILE_READY/MATH-ALLS-2_wiki-green.tex	chapters/imported/tex/wiki-green.tex

