file	engine	status	exit_code	timed_out	pdf_path	error	elapsed_seconds
Downloads_chinese.tex	xelatex	success	0	False	build\compile-audit\standalone\Downloads_chinese\Downloads_chinese.pdf		0
Downloads_commalg6_report_structure_template.tex	xelatex	success	0	False	build\compile-audit\standalone\Downloads_commalg6_report_structure_template\Downloads_commalg6_report_structure_template.pdf		4
Downloads_commalg6_report_structure_template_1_.tex	xelatex	success	0	False	build\compile-audit\standalone\Downloads_commalg6_report_structure_template_1_\Downloads_commalg6_report_structure_template_1_.pdf		3
Downloads_diagrams_01-13_tikz.tex	pdflatex	fail	12	False		Downloads_diagrams_01-13_tikz.tex:96: Package pgfkeys Error: I do not know the	1
Downloads_dns.tex	pdflatex	success	0	False	build\compile-audit\standalone\Downloads_dns\Downloads_dns.pdf		2
Downloads_ex3_8_takagi.tex	pdflatex	success	0	False	build\compile-audit\standalone\Downloads_ex3_8_takagi\Downloads_ex3_8_takagi.pdf		2
Downloads_ex38g_ex39.tex	pdflatex	success	0	False	build\compile-audit\standalone\Downloads_ex38g_ex39\Downloads_ex38g_ex39.pdf		2
Downloads_interpolation.tex	pdflatex	success	0	False	build\compile-audit\standalone\Downloads_interpolation\Downloads_interpolation.pdf		5
Downloads_merged_exercises.tex	pdflatex	fail	12	False		Downloads_merged_exercises.tex:17: Package enumitem Error: a) undefined.	1
Downloads_merged_exercises_1_.tex	pdflatex	fail	12	False		Downloads_merged_exercises_1_.tex:48: Package enumitem Error: a) undefined.	1
Downloads_merged_exercises_corrected.tex	pdflatex	fail	12	False		Downloads_merged_exercises_corrected.tex:213: Extra }, or forgotten $.	1
Downloads_merged_exercises_corrected_1_.tex	pdflatex	success	0	False	build\compile-audit\standalone\Downloads_merged_exercises_corrected_1_\Downloads_merged_exercises_corrected_1_.pdf		1
Downloads_merged_exercises_corrected_2_.tex	pdflatex	success	0	False	build\compile-audit\standalone\Downloads_merged_exercises_corrected_2_\Downloads_merged_exercises_corrected_2_.pdf		2
Downloads_merged_exercises_corrected_3_.tex	pdflatex	success	0	False	build\compile-audit\standalone\Downloads_merged_exercises_corrected_3_\Downloads_merged_exercises_corrected_3_.pdf		1
Downloads_merged_exercises_corrected_4_.tex	pdflatex	success	0	False	build\compile-audit\standalone\Downloads_merged_exercises_corrected_4_\Downloads_merged_exercises_corrected_4_.pdf		1
Downloads_merged_exercises_FULL_v2.tex	pdflatex	fail	12	False		Downloads_merged_exercises_FULL_v2.tex:223: Extra }, or forgotten $.	1
Downloads_merged_exercises_FULL_v2_1_.tex	pdflatex	success	0	False	build\compile-audit\standalone\Downloads_merged_exercises_FULL_v2_1_\Downloads_merged_exercises_FULL_v2_1_.pdf		4
Downloads_problems_9_10_visuals_embedded.tex	pdflatex	success	0	False	build\compile-audit\standalone\Downloads_problems_9_10_visuals_embedded\Downloads_problems_9_10_visuals_embedded.pdf		2
Downloads_sheaves_notes_reorganized.tex	pdflatex	success	0	False	build\compile-audit\standalone\Downloads_sheaves_notes_reorganized\Downloads_sheaves_notes_reorganized.pdf		5
Downloads_theory-of-algebraic-geometry-1.tex	pdflatex	success	0	False	build\compile-audit\standalone\Downloads_theory-of-algebraic-geometry-1\Downloads_theory-of-algebraic-geometry-1.pdf		6
Downloads_theory-of-algebraic-geometry-10.tex	pdflatex	success	0	False	build\compile-audit\standalone\Downloads_theory-of-algebraic-geometry-10\Downloads_theory-of-algebraic-geometry-10.pdf		7
Downloads_theory-of-algebraic-geometry-11.tex	pdflatex	success	0	False	build\compile-audit\standalone\Downloads_theory-of-algebraic-geometry-11\Downloads_theory-of-algebraic-geometry-11.pdf		7
Downloads_theory-of-algebraic-geometry-2.tex	pdflatex	success	0	False	build\compile-audit\standalone\Downloads_theory-of-algebraic-geometry-2\Downloads_theory-of-algebraic-geometry-2.pdf		6
Downloads_theory-of-algebraic-geometry-3.tex	pdflatex	success	0	False	build\compile-audit\standalone\Downloads_theory-of-algebraic-geometry-3\Downloads_theory-of-algebraic-geometry-3.pdf		7
Downloads_theory-of-algebraic-geometry-4.tex	pdflatex	success	0	False	build\compile-audit\standalone\Downloads_theory-of-algebraic-geometry-4\Downloads_theory-of-algebraic-geometry-4.pdf		6
Downloads_theory-of-algebraic-geometry-5.tex	pdflatex	success	0	False	build\compile-audit\standalone\Downloads_theory-of-algebraic-geometry-5\Downloads_theory-of-algebraic-geometry-5.pdf		7
Downloads_theory-of-algebraic-geometry-6.tex	pdflatex	success	0	False	build\compile-audit\standalone\Downloads_theory-of-algebraic-geometry-6\Downloads_theory-of-algebraic-geometry-6.pdf		5
Downloads_theory-of-algebraic-geometry-7.tex	pdflatex	success	0	False	build\compile-audit\standalone\Downloads_theory-of-algebraic-geometry-7\Downloads_theory-of-algebraic-geometry-7.pdf		6
Downloads_theory-of-algebraic-geometry-8.tex	pdflatex	success	0	False	build\compile-audit\standalone\Downloads_theory-of-algebraic-geometry-8\Downloads_theory-of-algebraic-geometry-8.pdf		5
Downloads_theory-of-algebraic-geometry-9.tex	pdflatex	success	0	False	build\compile-audit\standalone\Downloads_theory-of-algebraic-geometry-9\Downloads_theory-of-algebraic-geometry-9.pdf		9
Downloads_theory-of-algebraic-topology-1.tex	pdflatex	success	0	False	build\compile-audit\standalone\Downloads_theory-of-algebraic-topology-1\Downloads_theory-of-algebraic-topology-1.pdf		5
Downloads_theory-of-algebraic-topology-10.tex	pdflatex	success	0	False	build\compile-audit\standalone\Downloads_theory-of-algebraic-topology-10\Downloads_theory-of-algebraic-topology-10.pdf		6
Downloads_theory-of-algebraic-topology-11.tex	pdflatex	success	0	False	build\compile-audit\standalone\Downloads_theory-of-algebraic-topology-11\Downloads_theory-of-algebraic-topology-11.pdf		8
Downloads_theory-of-algebraic-topology-12.tex	pdflatex	success	0	False	build\compile-audit\standalone\Downloads_theory-of-algebraic-topology-12\Downloads_theory-of-algebraic-topology-12.pdf		8
Downloads_theory-of-algebraic-topology-13.tex	pdflatex	success	0	False	build\compile-audit\standalone\Downloads_theory-of-algebraic-topology-13\Downloads_theory-of-algebraic-topology-13.pdf		7
Downloads_theory-of-algebraic-topology-14.tex	pdflatex	success	0	False	build\compile-audit\standalone\Downloads_theory-of-algebraic-topology-14\Downloads_theory-of-algebraic-topology-14.pdf		8
Downloads_theory-of-algebraic-topology-15.tex	pdflatex	success	0	False	build\compile-audit\standalone\Downloads_theory-of-algebraic-topology-15\Downloads_theory-of-algebraic-topology-15.pdf		8
Downloads_theory-of-algebraic-topology-16.tex	pdflatex	success	0	False	build\compile-audit\standalone\Downloads_theory-of-algebraic-topology-16\Downloads_theory-of-algebraic-topology-16.pdf		8
Downloads_theory-of-algebraic-topology-17.tex	pdflatex	success	0	False	build\compile-audit\standalone\Downloads_theory-of-algebraic-topology-17\Downloads_theory-of-algebraic-topology-17.pdf		8
Downloads_theory-of-algebraic-topology-2.tex	pdflatex	success	0	False	build\compile-audit\standalone\Downloads_theory-of-algebraic-topology-2\Downloads_theory-of-algebraic-topology-2.pdf		8
Downloads_theory-of-algebraic-topology-3.tex	pdflatex	success	0	False	build\compile-audit\standalone\Downloads_theory-of-algebraic-topology-3\Downloads_theory-of-algebraic-topology-3.pdf		9
Downloads_theory-of-algebraic-topology-4.tex	pdflatex	success	0	False	build\compile-audit\standalone\Downloads_theory-of-algebraic-topology-4\Downloads_theory-of-algebraic-topology-4.pdf		9
Downloads_theory-of-algebraic-topology-5.tex	pdflatex	success	0	False	build\compile-audit\standalone\Downloads_theory-of-algebraic-topology-5\Downloads_theory-of-algebraic-topology-5.pdf		10
Downloads_theory-of-algebraic-topology-6.tex	pdflatex	success	0	False	build\compile-audit\standalone\Downloads_theory-of-algebraic-topology-6\Downloads_theory-of-algebraic-topology-6.pdf		7
Downloads_theory-of-algebraic-topology-7.tex	pdflatex	success	0	False	build\compile-audit\standalone\Downloads_theory-of-algebraic-topology-7\Downloads_theory-of-algebraic-topology-7.pdf		8
Downloads_theory-of-algebraic-topology-8.tex	pdflatex	success	0	False	build\compile-audit\standalone\Downloads_theory-of-algebraic-topology-8\Downloads_theory-of-algebraic-topology-8.pdf		7
Downloads_theory-of-algebraic-topology-9.tex	pdflatex	success	0	False	build\compile-audit\standalone\Downloads_theory-of-algebraic-topology-9\Downloads_theory-of-algebraic-topology-9.pdf		8
Downloads_theory-of-analysis.tex	pdflatex	success	0	False	build\compile-audit\standalone\Downloads_theory-of-analysis\Downloads_theory-of-analysis.pdf		45
Downloads_theory-of-analysis_-_Copy.tex	pdflatex	success	0	False	build\compile-audit\standalone\Downloads_theory-of-analysis_-_Copy\Downloads_theory-of-analysis_-_Copy.pdf		44
Downloads_theory-of-analysis-FD.tex	xelatex	success	0	False	build\compile-audit\standalone\Downloads_theory-of-analysis-FD\Downloads_theory-of-analysis-FD.pdf		22
Downloads_theory-of-analysis-FD2.tex	xelatex	success	0	False	build\compile-audit\standalone\Downloads_theory-of-analysis-FD2\Downloads_theory-of-analysis-FD2.pdf		22
Downloads_theory-of-analysis-functions.tex	xelatex	success	0	False	build\compile-audit\standalone\Downloads_theory-of-analysis-functions\Downloads_theory-of-analysis-functions.pdf		10
Downloads_theory-of-analysis-functions-II.tex	xelatex	success	0	False	build\compile-audit\standalone\Downloads_theory-of-analysis-functions-II\Downloads_theory-of-analysis-functions-II.pdf		17
Downloads_theory-of-analysis-II.tex	xelatex	success	0	False	build\compile-audit\standalone\Downloads_theory-of-analysis-II\Downloads_theory-of-analysis-II.pdf		9
Downloads_theory-of-analysis-numbers.tex	pdflatex	success	0	False	build\compile-audit\standalone\Downloads_theory-of-analysis-numbers\Downloads_theory-of-analysis-numbers.pdf		69
Downloads_theory-of-analysis-topics.tex	xelatex	success	0	False	build\compile-audit\standalone\Downloads_theory-of-analysis-topics\Downloads_theory-of-analysis-topics.pdf		4
Downloads_theory-of-analysis-topology.tex	pdflatex	success	0	False	build\compile-audit\standalone\Downloads_theory-of-analysis-topology\Downloads_theory-of-analysis-topology.pdf		4
Downloads_theory-of-commutative-algebra-1.tex	pdflatex	success	0	False	build\compile-audit\standalone\Downloads_theory-of-commutative-algebra-1\Downloads_theory-of-commutative-algebra-1.pdf		4
Downloads_theory-of-commutative-algebra-10.tex	pdflatex	success	0	False	build\compile-audit\standalone\Downloads_theory-of-commutative-algebra-10\Downloads_theory-of-commutative-algebra-10.pdf		5
Downloads_theory-of-commutative-algebra-11.tex	pdflatex	success	0	False	build\compile-audit\standalone\Downloads_theory-of-commutative-algebra-11\Downloads_theory-of-commutative-algebra-11.pdf		5
Downloads_theory-of-commutative-algebra-12.tex	pdflatex	success	0	False	build\compile-audit\standalone\Downloads_theory-of-commutative-algebra-12\Downloads_theory-of-commutative-algebra-12.pdf		5
Downloads_theory-of-commutative-algebra-13.tex	pdflatex	success	0	False	build\compile-audit\standalone\Downloads_theory-of-commutative-algebra-13\Downloads_theory-of-commutative-algebra-13.pdf		6
Downloads_theory-of-commutative-algebra-14.tex	pdflatex	success	0	False	build\compile-audit\standalone\Downloads_theory-of-commutative-algebra-14\Downloads_theory-of-commutative-algebra-14.pdf		4
Downloads_theory-of-commutative-algebra-15.tex	pdflatex	success	0	False	build\compile-audit\standalone\Downloads_theory-of-commutative-algebra-15\Downloads_theory-of-commutative-algebra-15.pdf		6
Downloads_theory-of-commutative-algebra-16.tex	pdflatex	success	0	False	build\compile-audit\standalone\Downloads_theory-of-commutative-algebra-16\Downloads_theory-of-commutative-algebra-16.pdf		4
Downloads_theory-of-commutative-algebra-1s.tex	pdflatex	success	0	False	build\compile-audit\standalone\Downloads_theory-of-commutative-algebra-1s\Downloads_theory-of-commutative-algebra-1s.pdf		4
Downloads_theory-of-commutative-algebra-2.tex	pdflatex	success	0	False	build\compile-audit\standalone\Downloads_theory-of-commutative-algebra-2\Downloads_theory-of-commutative-algebra-2.pdf		5
Downloads_theory-of-commutative-algebra-3.tex	pdflatex	success	0	False	build\compile-audit\standalone\Downloads_theory-of-commutative-algebra-3\Downloads_theory-of-commutative-algebra-3.pdf		4
Downloads_theory-of-commutative-algebra-4.tex	pdflatex	success	0	False	build\compile-audit\standalone\Downloads_theory-of-commutative-algebra-4\Downloads_theory-of-commutative-algebra-4.pdf		6
Downloads_theory-of-commutative-algebra-5.tex	pdflatex	success	0	False	build\compile-audit\standalone\Downloads_theory-of-commutative-algebra-5\Downloads_theory-of-commutative-algebra-5.pdf		5
Downloads_theory-of-commutative-algebra-5-professional.tex	pdflatex	success	0	False	build\compile-audit\standalone\Downloads_theory-of-commutative-algebra-5-professional\Downloads_theory-of-commutative-algebra-5-professional.pdf		5
Downloads_theory-of-commutative-algebra-5-professional-v2.tex	pdflatex	success	0	False	build\compile-audit\standalone\Downloads_theory-of-commutative-algebra-5-professional-v2\Downloads_theory-of-commutative-algebra-5-professional-v2.pdf		4
Downloads_theory-of-commutative-algebra-6.tex	pdflatex	success	0	False	build\compile-audit\standalone\Downloads_theory-of-commutative-algebra-6\Downloads_theory-of-commutative-algebra-6.pdf		5
Downloads_theory-of-commutative-algebra-7.tex	pdflatex	success	0	False	build\compile-audit\standalone\Downloads_theory-of-commutative-algebra-7\Downloads_theory-of-commutative-algebra-7.pdf		6
Downloads_theory-of-commutative-algebra-7_-_Copy.tex	pdflatex	success	0	False	build\compile-audit\standalone\Downloads_theory-of-commutative-algebra-7_-_Copy\Downloads_theory-of-commutative-algebra-7_-_Copy.pdf		3
Downloads_theory-of-commutative-algebra-8.tex	pdflatex	success	0	False	build\compile-audit\standalone\Downloads_theory-of-commutative-algebra-8\Downloads_theory-of-commutative-algebra-8.pdf		6
Downloads_theory-of-commutative-algebra-9.tex	pdflatex	success	0	False	build\compile-audit\standalone\Downloads_theory-of-commutative-algebra-9\Downloads_theory-of-commutative-algebra-9.pdf		6
Downloads_theory-of-complex-analysis.tex	pdflatex	success	0	False	build\compile-audit\standalone\Downloads_theory-of-complex-analysis\Downloads_theory-of-complex-analysis.pdf		8
Downloads_theory-of-complex-analysis-2.tex	pdflatex	success	0	False	build\compile-audit\standalone\Downloads_theory-of-complex-analysis-2\Downloads_theory-of-complex-analysis-2.pdf		4
Downloads_theory-of-complex-analysis-all.tex	pdflatex	success	0	False	build\compile-audit\standalone\Downloads_theory-of-complex-analysis-all\Downloads_theory-of-complex-analysis-all.pdf		2
Downloads_theory-of-complex-analysis-all-maps.tex	pdflatex	success	0	False	build\compile-audit\standalone\Downloads_theory-of-complex-analysis-all-maps\Downloads_theory-of-complex-analysis-all-maps.pdf		2
Downloads_theory-of-complex-analysis-all-maps-all.tex	pdflatex	success	0	False	build\compile-audit\standalone\Downloads_theory-of-complex-analysis-all-maps-all\Downloads_theory-of-complex-analysis-all-maps-all.pdf		3
Downloads_theory-of-complex-analysis-all-maps-all2.tex	pdflatex	success	0	False	build\compile-audit\standalone\Downloads_theory-of-complex-analysis-all-maps-all2\Downloads_theory-of-complex-analysis-all-maps-all2.pdf		4
Downloads_theory-of-complex-analysis-gamma.tex	pdflatex	fail	12	False		Downloads_theory-of-complex-analysis-gamma.tex:1735: Undefined control sequence	2
Downloads_theory-of-complex-analysis-maps.tex	pdflatex	success	0	False	build\compile-audit\standalone\Downloads_theory-of-complex-analysis-maps\Downloads_theory-of-complex-analysis-maps.pdf		9
Downloads_theory-of-complex-analysis-next.tex	pdflatex	success	0	False	build\compile-audit\standalone\Downloads_theory-of-complex-analysis-next\Downloads_theory-of-complex-analysis-next.pdf		6
Downloads_theory-of-complex-analysis-next2.tex	pdflatex	success	0	False	build\compile-audit\standalone\Downloads_theory-of-complex-analysis-next2\Downloads_theory-of-complex-analysis-next2.pdf		4
Downloads_theory-of-complex-analysis-series.tex	pdflatex	success	0	False	build\compile-audit\standalone\Downloads_theory-of-complex-analysis-series\Downloads_theory-of-complex-analysis-series.pdf		2
Downloads_theory-of-complex-analysis-topology.tex	pdflatex	success	0	False	build\compile-audit\standalone\Downloads_theory-of-complex-analysis-topology\Downloads_theory-of-complex-analysis-topology.pdf		4
Downloads_theory-of-differential-geometry-1.tex	pdflatex	success	0	False	build\compile-audit\standalone\Downloads_theory-of-differential-geometry-1\Downloads_theory-of-differential-geometry-1.pdf		30
Downloads_theory-of-differential-geometry-2.tex	pdflatex	success	0	False	build\compile-audit\standalone\Downloads_theory-of-differential-geometry-2\Downloads_theory-of-differential-geometry-2.pdf		6
Downloads_theory-of-differential-geometry-3.tex	pdflatex	success	0	False	build\compile-audit\standalone\Downloads_theory-of-differential-geometry-3\Downloads_theory-of-differential-geometry-3.pdf		4
Downloads_theory-of-differential-geometry-4.tex	pdflatex	success	0	False	build\compile-audit\standalone\Downloads_theory-of-differential-geometry-4\Downloads_theory-of-differential-geometry-4.pdf		5
Downloads_theory-of-differential-geometry-5.tex	pdflatex	success	0	False	build\compile-audit\standalone\Downloads_theory-of-differential-geometry-5\Downloads_theory-of-differential-geometry-5.pdf		4
Downloads_theory-of-differential-geometry-6.tex	pdflatex	success	0	False	build\compile-audit\standalone\Downloads_theory-of-differential-geometry-6\Downloads_theory-of-differential-geometry-6.pdf		4
Downloads_theory-of-differential-geometry-MATH3D.tex	pdflatex	success	0	False	build\compile-audit\standalone\Downloads_theory-of-differential-geometry-MATH3D\Downloads_theory-of-differential-geometry-MATH3D.pdf		4
Downloads_theory-of-differential-geometry-topics.tex	pdflatex	success	0	False	build\compile-audit\standalone\Downloads_theory-of-differential-geometry-topics\Downloads_theory-of-differential-geometry-topics.pdf		3
Downloads_theory-of-disitrbutions.tex	pdflatex	success	0	False	build\compile-audit\standalone\Downloads_theory-of-disitrbutions\Downloads_theory-of-disitrbutions.pdf		5
Downloads_theory-of-geometry.tex	pdflatex	success	0	False	build\compile-audit\standalone\Downloads_theory-of-geometry\Downloads_theory-of-geometry.pdf		5
Downloads_theory-of-geometry-1.tex	pdflatex	success	0	False	build\compile-audit\standalone\Downloads_theory-of-geometry-1\Downloads_theory-of-geometry-1.pdf		18
Downloads_theory-of-geometry-2.tex	pdflatex	fail	12	False		Downloads_theory-of-geometry-2.tex:2547: LaTeX Error: Command \k unavailable in	4
Downloads_theory-of-geometry-3.tex	pdflatex	success	0	False	build\compile-audit\standalone\Downloads_theory-of-geometry-3\Downloads_theory-of-geometry-3.pdf		8
Downloads_theory-of-geometry-4.tex	pdflatex	success	0	False	build\compile-audit\standalone\Downloads_theory-of-geometry-4\Downloads_theory-of-geometry-4.pdf		10
Downloads_theory-of-geometry-II.tex	pdflatex	success	0	False	build\compile-audit\standalone\Downloads_theory-of-geometry-II\Downloads_theory-of-geometry-II.pdf		11
Downloads_theory-of-geometry-III.tex	pdflatex	success	0	False	build\compile-audit\standalone\Downloads_theory-of-geometry-III\Downloads_theory-of-geometry-III.pdf		5
Downloads_theory-of-geometry-IV.tex	pdflatex	fail	12	False		Downloads_theory-of-geometry-IV.tex:2170: Improper \spacefactor.	2
Downloads_theory-of-linear-algebra-1.tex	pdflatex	success	0	False	build\compile-audit\standalone\Downloads_theory-of-linear-algebra-1\Downloads_theory-of-linear-algebra-1.pdf		6
Downloads_theory-of-linear-algebra-2.tex	pdflatex	success	0	False	build\compile-audit\standalone\Downloads_theory-of-linear-algebra-2\Downloads_theory-of-linear-algebra-2.pdf		6
Downloads_theory-of-real-analysis.tex	pdflatex	success	0	False	build\compile-audit\standalone\Downloads_theory-of-real-analysis\Downloads_theory-of-real-analysis.pdf		73
Downloads_vector_bundle_diagrams_standalone.tex	pdflatex	success	0	False	build\compile-audit\standalone\Downloads_vector_bundle_diagrams_standalone\Downloads_vector_bundle_diagrams_standalone.pdf		2
Downloads_wiki-green.tex	pdflatex	success	0	False	build\compile-audit\standalone\Downloads_wiki-green\Downloads_wiki-green.pdf		6
MATH_ALLS-3_chinese.tex	xelatex	success	0	False	build\compile-audit\standalone\MATH_ALLS-3_chinese\MATH_ALLS-3_chinese.pdf		2
MATH_ALLS-3_commalg6_report_structure_template.tex	xelatex	success	0	False	build\compile-audit\standalone\MATH_ALLS-3_commalg6_report_structure_template\MATH_ALLS-3_commalg6_report_structure_template.pdf		5
MATH_ALLS-3_commalg6_report_structure_template_1_.tex	xelatex	success	0	False	build\compile-audit\standalone\MATH_ALLS-3_commalg6_report_structure_template_1_\MATH_ALLS-3_commalg6_report_structure_template_1_.pdf		4
MATH_ALLS-3_diagrams_01-13_tikz.tex	pdflatex	fail	12	False		MATH_ALLS-3_diagrams_01-13_tikz.tex:96: Package pgfkeys Error: I do not know th	1
MATH_ALLS-3_dns.tex	pdflatex	success	0	False	build\compile-audit\standalone\MATH_ALLS-3_dns\MATH_ALLS-3_dns.pdf		2
MATH_ALLS-3_marie_curie_school_latex_package_marie_curie_school_simple.tex	pdflatex	success	0	False	build\compile-audit\standalone\MATH_ALLS-3_marie_curie_school_latex_package_marie_curie_school_simple\MATH_ALLS-3_marie_curie_school_latex_package_marie_curie_school_simple.pdf		19
MATH_ALLS-3_marie_curie_school_styled_package_marie_curie_school_styled.tex	pdflatex	success	0	False	build\compile-audit\standalone\MATH_ALLS-3_marie_curie_school_styled_package_marie_curie_school_styled\MATH_ALLS-3_marie_curie_school_styled_package_marie_curie_school_styled.pdf		4
MATH_ALLS-3_theory-of-algebraic-topology-1.tex	pdflatex	success	0	False	build\compile-audit\standalone\MATH_ALLS-3_theory-of-algebraic-topology-1\MATH_ALLS-3_theory-of-algebraic-topology-1.pdf		5
MATH_ALLS-3_theory-of-algebraic-topology-2.tex	pdflatex	success	0	False	build\compile-audit\standalone\MATH_ALLS-3_theory-of-algebraic-topology-2\MATH_ALLS-3_theory-of-algebraic-topology-2.pdf		4
MATH_ALLS-3_theory-of-commutative-algebra-1.tex	pdflatex	success	0	False	build\compile-audit\standalone\MATH_ALLS-3_theory-of-commutative-algebra-1\MATH_ALLS-3_theory-of-commutative-algebra-1.pdf		5
MATH_ALLS-3_theory-of-commutative-algebra-10.tex	pdflatex	success	0	False	build\compile-audit\standalone\MATH_ALLS-3_theory-of-commutative-algebra-10\MATH_ALLS-3_theory-of-commutative-algebra-10.pdf		6
MATH_ALLS-3_theory-of-commutative-algebra-11.tex	pdflatex	success	0	False	build\compile-audit\standalone\MATH_ALLS-3_theory-of-commutative-algebra-11\MATH_ALLS-3_theory-of-commutative-algebra-11.pdf		5
MATH_ALLS-3_theory-of-commutative-algebra-12.tex	pdflatex	success	0	False	build\compile-audit\standalone\MATH_ALLS-3_theory-of-commutative-algebra-12\MATH_ALLS-3_theory-of-commutative-algebra-12.pdf		5
MATH_ALLS-3_theory-of-commutative-algebra-13.tex	pdflatex	success	0	False	build\compile-audit\standalone\MATH_ALLS-3_theory-of-commutative-algebra-13\MATH_ALLS-3_theory-of-commutative-algebra-13.pdf		5
MATH_ALLS-3_theory-of-commutative-algebra-14.tex	pdflatex	success	0	False	build\compile-audit\standalone\MATH_ALLS-3_theory-of-commutative-algebra-14\MATH_ALLS-3_theory-of-commutative-algebra-14.pdf		4
MATH_ALLS-3_theory-of-commutative-algebra-15.tex	pdflatex	success	0	False	build\compile-audit\standalone\MATH_ALLS-3_theory-of-commutative-algebra-15\MATH_ALLS-3_theory-of-commutative-algebra-15.pdf		6
MATH_ALLS-3_theory-of-commutative-algebra-1s.tex	pdflatex	success	0	False	build\compile-audit\standalone\MATH_ALLS-3_theory-of-commutative-algebra-1s\MATH_ALLS-3_theory-of-commutative-algebra-1s.pdf		4
MATH_ALLS-3_theory-of-commutative-algebra-2.tex	pdflatex	success	0	False	build\compile-audit\standalone\MATH_ALLS-3_theory-of-commutative-algebra-2\MATH_ALLS-3_theory-of-commutative-algebra-2.pdf		5
MATH_ALLS-3_theory-of-commutative-algebra-3.tex	pdflatex	success	0	False	build\compile-audit\standalone\MATH_ALLS-3_theory-of-commutative-algebra-3\MATH_ALLS-3_theory-of-commutative-algebra-3.pdf		5
MATH_ALLS-3_theory-of-commutative-algebra-4.tex	pdflatex	success	0	False	build\compile-audit\standalone\MATH_ALLS-3_theory-of-commutative-algebra-4\MATH_ALLS-3_theory-of-commutative-algebra-4.pdf		8
MATH_ALLS-3_theory-of-commutative-algebra-5.tex	pdflatex	success	0	False	build\compile-audit\standalone\MATH_ALLS-3_theory-of-commutative-algebra-5\MATH_ALLS-3_theory-of-commutative-algebra-5.pdf		5
MATH_ALLS-3_theory-of-commutative-algebra-5-professional.tex	pdflatex	success	0	False	build\compile-audit\standalone\MATH_ALLS-3_theory-of-commutative-algebra-5-professional\MATH_ALLS-3_theory-of-commutative-algebra-5-professional.pdf		5
MATH_ALLS-3_theory-of-commutative-algebra-5-professional-v2.tex	pdflatex	success	0	False	build\compile-audit\standalone\MATH_ALLS-3_theory-of-commutative-algebra-5-professional-v2\MATH_ALLS-3_theory-of-commutative-algebra-5-professional-v2.pdf		4
MATH_ALLS-3_theory-of-commutative-algebra-6.tex	pdflatex	success	0	False	build\compile-audit\standalone\MATH_ALLS-3_theory-of-commutative-algebra-6\MATH_ALLS-3_theory-of-commutative-algebra-6.pdf		5
MATH_ALLS-3_theory-of-commutative-algebra-7.tex	pdflatex	success	0	False	build\compile-audit\standalone\MATH_ALLS-3_theory-of-commutative-algebra-7\MATH_ALLS-3_theory-of-commutative-algebra-7.pdf		7
MATH_ALLS-3_theory-of-commutative-algebra-7_-_Copy.tex	pdflatex	success	0	False	build\compile-audit\standalone\MATH_ALLS-3_theory-of-commutative-algebra-7_-_Copy\MATH_ALLS-3_theory-of-commutative-algebra-7_-_Copy.pdf		4
MATH_ALLS-3_theory-of-commutative-algebra-8.tex	pdflatex	success	0	False	build\compile-audit\standalone\MATH_ALLS-3_theory-of-commutative-algebra-8\MATH_ALLS-3_theory-of-commutative-algebra-8.pdf		6
MATH_ALLS-3_theory-of-commutative-algebra-9.tex	pdflatex	success	0	False	build\compile-audit\standalone\MATH_ALLS-3_theory-of-commutative-algebra-9\MATH_ALLS-3_theory-of-commutative-algebra-9.pdf		6
MATH_ALLS-3_theory-of-differential-geometry-1.tex	pdflatex	success	0	False	build\compile-audit\standalone\MATH_ALLS-3_theory-of-differential-geometry-1\MATH_ALLS-3_theory-of-differential-geometry-1.pdf		42
MATH_ALLS-3_theory-of-differential-geometry-2.tex	pdflatex	success	0	False	build\compile-audit\standalone\MATH_ALLS-3_theory-of-differential-geometry-2\MATH_ALLS-3_theory-of-differential-geometry-2.pdf		5
MATH_ALLS-3_theory-of-differential-geometry-3.tex	pdflatex	success	0	False	build\compile-audit\standalone\MATH_ALLS-3_theory-of-differential-geometry-3\MATH_ALLS-3_theory-of-differential-geometry-3.pdf		3
MATH_ALLS-3_theory-of-differential-geometry-4.tex	pdflatex	success	0	False	build\compile-audit\standalone\MATH_ALLS-3_theory-of-differential-geometry-4\MATH_ALLS-3_theory-of-differential-geometry-4.pdf		5
MATH_ALLS-3_theory-of-differential-geometry-5.tex	pdflatex	success	0	False	build\compile-audit\standalone\MATH_ALLS-3_theory-of-differential-geometry-5\MATH_ALLS-3_theory-of-differential-geometry-5.pdf		4
MATH_ALLS-3_theory-of-differential-geometry-6.tex	pdflatex	success	0	False	build\compile-audit\standalone\MATH_ALLS-3_theory-of-differential-geometry-6\MATH_ALLS-3_theory-of-differential-geometry-6.pdf		3
MATH_ALLS-3_theory-of-differential-geometry-MATH3D.tex	pdflatex	success	0	False	build\compile-audit\standalone\MATH_ALLS-3_theory-of-differential-geometry-MATH3D\MATH_ALLS-3_theory-of-differential-geometry-MATH3D.pdf		4
MATH_ALLS-3_theory-of-linear-algebra-1.tex	pdflatex	success	0	False	build\compile-audit\standalone\MATH_ALLS-3_theory-of-linear-algebra-1\MATH_ALLS-3_theory-of-linear-algebra-1.pdf		5
MATH_ALLS-3_theory-of-linear-algebra-2.tex	pdflatex	success	0	False	build\compile-audit\standalone\MATH_ALLS-3_theory-of-linear-algebra-2\MATH_ALLS-3_theory-of-linear-algebra-2.pdf		6
MATH-ALLS-2_ex3_8_takagi.tex	pdflatex	success	0	False	build\compile-audit\standalone\MATH-ALLS-2_ex3_8_takagi\MATH-ALLS-2_ex3_8_takagi.pdf		2
MATH-ALLS-2_ex38g_ex39.tex	pdflatex	success	0	False	build\compile-audit\standalone\MATH-ALLS-2_ex38g_ex39\MATH-ALLS-2_ex38g_ex39.pdf		2
MATH-ALLS-2_interpolation.tex	pdflatex	success	0	False	build\compile-audit\standalone\MATH-ALLS-2_interpolation\MATH-ALLS-2_interpolation.pdf		5
MATH-ALLS-2_merged_exercises.tex	pdflatex	fail	12	False		MATH-ALLS-2_merged_exercises.tex:17: Package enumitem Error: a) undefined.	1
MATH-ALLS-2_merged_exercises_1_.tex	pdflatex	fail	12	False		MATH-ALLS-2_merged_exercises_1_.tex:48: Package enumitem Error: a) undefined.	1
MATH-ALLS-2_merged_exercises_corrected.tex	pdflatex	fail	12	False		MATH-ALLS-2_merged_exercises_corrected.tex:213: Extra }, or forgotten $.	1
MATH-ALLS-2_merged_exercises_corrected_1_.tex	pdflatex	success	0	False	build\compile-audit\standalone\MATH-ALLS-2_merged_exercises_corrected_1_\MATH-ALLS-2_merged_exercises_corrected_1_.pdf		2
MATH-ALLS-2_merged_exercises_corrected_2_.tex	pdflatex	success	0	False	build\compile-audit\standalone\MATH-ALLS-2_merged_exercises_corrected_2_\MATH-ALLS-2_merged_exercises_corrected_2_.pdf		2
MATH-ALLS-2_merged_exercises_corrected_3_.tex	pdflatex	success	0	False	build\compile-audit\standalone\MATH-ALLS-2_merged_exercises_corrected_3_\MATH-ALLS-2_merged_exercises_corrected_3_.pdf		2
MATH-ALLS-2_merged_exercises_corrected_4_.tex	pdflatex	success	0	False	build\compile-audit\standalone\MATH-ALLS-2_merged_exercises_corrected_4_\MATH-ALLS-2_merged_exercises_corrected_4_.pdf		2
MATH-ALLS-2_merged_exercises_FULL_v2.tex	pdflatex	fail	12	False		MATH-ALLS-2_merged_exercises_FULL_v2.tex:223: Extra }, or forgotten $.	1
MATH-ALLS-2_merged_exercises_FULL_v2_1_.tex	pdflatex	success	0	False	build\compile-audit\standalone\MATH-ALLS-2_merged_exercises_FULL_v2_1_\MATH-ALLS-2_merged_exercises_FULL_v2_1_.pdf		3
MATH-ALLS-2_theory-of-analysis.tex	pdflatex	success	0	False	build\compile-audit\standalone\MATH-ALLS-2_theory-of-analysis\MATH-ALLS-2_theory-of-analysis.pdf		45
MATH-ALLS-2_theory-of-analysis_-_Copy.tex	pdflatex	success	0	False	build\compile-audit\standalone\MATH-ALLS-2_theory-of-analysis_-_Copy\MATH-ALLS-2_theory-of-analysis_-_Copy.pdf		45
MATH-ALLS-2_theory-of-analysis-FD.tex	xelatex	success	0	False	build\compile-audit\standalone\MATH-ALLS-2_theory-of-analysis-FD\MATH-ALLS-2_theory-of-analysis-FD.pdf		17
MATH-ALLS-2_theory-of-analysis-FD2.tex	xelatex	success	0	False	build\compile-audit\standalone\MATH-ALLS-2_theory-of-analysis-FD2\MATH-ALLS-2_theory-of-analysis-FD2.pdf		16
MATH-ALLS-2_theory-of-analysis-functions.tex	xelatex	success	0	False	build\compile-audit\standalone\MATH-ALLS-2_theory-of-analysis-functions\MATH-ALLS-2_theory-of-analysis-functions.pdf		9
MATH-ALLS-2_theory-of-analysis-functions-II.tex	xelatex	success	0	False	build\compile-audit\standalone\MATH-ALLS-2_theory-of-analysis-functions-II\MATH-ALLS-2_theory-of-analysis-functions-II.pdf		17
MATH-ALLS-2_theory-of-analysis-II.tex	xelatex	success	0	False	build\compile-audit\standalone\MATH-ALLS-2_theory-of-analysis-II\MATH-ALLS-2_theory-of-analysis-II.pdf		11
MATH-ALLS-2_theory-of-analysis-numbers.tex	pdflatex	success	0	False	build\compile-audit\standalone\MATH-ALLS-2_theory-of-analysis-numbers\MATH-ALLS-2_theory-of-analysis-numbers.pdf		76
MATH-ALLS-2_theory-of-analysis-topics.tex	xelatex	success	0	False	build\compile-audit\standalone\MATH-ALLS-2_theory-of-analysis-topics\MATH-ALLS-2_theory-of-analysis-topics.pdf		5
MATH-ALLS-2_theory-of-analysis-topology.tex	pdflatex	success	0	False	build\compile-audit\standalone\MATH-ALLS-2_theory-of-analysis-topology\MATH-ALLS-2_theory-of-analysis-topology.pdf		4
MATH-ALLS-2_theory-of-complex-analysis.tex	pdflatex	success	0	False	build\compile-audit\standalone\MATH-ALLS-2_theory-of-complex-analysis\MATH-ALLS-2_theory-of-complex-analysis.pdf		7
MATH-ALLS-2_theory-of-complex-analysis-2.tex	pdflatex	success	0	False	build\compile-audit\standalone\MATH-ALLS-2_theory-of-complex-analysis-2\MATH-ALLS-2_theory-of-complex-analysis-2.pdf		4
MATH-ALLS-2_theory-of-complex-analysis-all.tex	pdflatex	success	0	False	build\compile-audit\standalone\MATH-ALLS-2_theory-of-complex-analysis-all\MATH-ALLS-2_theory-of-complex-analysis-all.pdf		2
MATH-ALLS-2_theory-of-complex-analysis-all-maps.tex	pdflatex	success	0	False	build\compile-audit\standalone\MATH-ALLS-2_theory-of-complex-analysis-all-maps\MATH-ALLS-2_theory-of-complex-analysis-all-maps.pdf		2
MATH-ALLS-2_theory-of-complex-analysis-all-maps-all.tex	pdflatex	success	0	False	build\compile-audit\standalone\MATH-ALLS-2_theory-of-complex-analysis-all-maps-all\MATH-ALLS-2_theory-of-complex-analysis-all-maps-all.pdf		3
MATH-ALLS-2_theory-of-complex-analysis-all-maps-all2.tex	pdflatex	success	0	False	build\compile-audit\standalone\MATH-ALLS-2_theory-of-complex-analysis-all-maps-all2\MATH-ALLS-2_theory-of-complex-analysis-all-maps-all2.pdf		3
MATH-ALLS-2_theory-of-complex-analysis-gamma.tex	pdflatex	fail	12	False		MATH-ALLS-2_theory-of-complex-analysis-gamma.tex:1735: Undefined control sequen	2
MATH-ALLS-2_theory-of-complex-analysis-maps.tex	pdflatex	success	0	False	build\compile-audit\standalone\MATH-ALLS-2_theory-of-complex-analysis-maps\MATH-ALLS-2_theory-of-complex-analysis-maps.pdf		9
MATH-ALLS-2_theory-of-complex-analysis-next.tex	pdflatex	success	0	False	build\compile-audit\standalone\MATH-ALLS-2_theory-of-complex-analysis-next\MATH-ALLS-2_theory-of-complex-analysis-next.pdf		6
MATH-ALLS-2_theory-of-complex-analysis-next2.tex	pdflatex	success	0	False	build\compile-audit\standalone\MATH-ALLS-2_theory-of-complex-analysis-next2\MATH-ALLS-2_theory-of-complex-analysis-next2.pdf		4
MATH-ALLS-2_theory-of-complex-analysis-series.tex	pdflatex	success	0	False	build\compile-audit\standalone\MATH-ALLS-2_theory-of-complex-analysis-series\MATH-ALLS-2_theory-of-complex-analysis-series.pdf		2
MATH-ALLS-2_theory-of-complex-analysis-topology.tex	pdflatex	success	0	False	build\compile-audit\standalone\MATH-ALLS-2_theory-of-complex-analysis-topology\MATH-ALLS-2_theory-of-complex-analysis-topology.pdf		3
MATH-ALLS-2_theory-of-differential-geometry-1.tex	pdflatex	success	0	False	build\compile-audit\standalone\MATH-ALLS-2_theory-of-differential-geometry-1\MATH-ALLS-2_theory-of-differential-geometry-1.pdf		25
MATH-ALLS-2_theory-of-differential-geometry-2.tex	pdflatex	success	0	False	build\compile-audit\standalone\MATH-ALLS-2_theory-of-differential-geometry-2\MATH-ALLS-2_theory-of-differential-geometry-2.pdf		5
MATH-ALLS-2_theory-of-differential-geometry-MATH3D.tex	pdflatex	success	0	False	build\compile-audit\standalone\MATH-ALLS-2_theory-of-differential-geometry-MATH3D\MATH-ALLS-2_theory-of-differential-geometry-MATH3D.pdf		4
MATH-ALLS-2_theory-of-differential-geometry-topics.tex	pdflatex	success	0	False	build\compile-audit\standalone\MATH-ALLS-2_theory-of-differential-geometry-topics\MATH-ALLS-2_theory-of-differential-geometry-topics.pdf		4
MATH-ALLS-2_theory-of-disitrbutions.tex	pdflatex	success	0	False	build\compile-audit\standalone\MATH-ALLS-2_theory-of-disitrbutions\MATH-ALLS-2_theory-of-disitrbutions.pdf		5
MATH-ALLS-2_theory-of-geometry.tex	pdflatex	success	0	False	build\compile-audit\standalone\MATH-ALLS-2_theory-of-geometry\MATH-ALLS-2_theory-of-geometry.pdf		6
MATH-ALLS-2_theory-of-geometry-1.tex	pdflatex	success	0	False	build\compile-audit\standalone\MATH-ALLS-2_theory-of-geometry-1\MATH-ALLS-2_theory-of-geometry-1.pdf		18
MATH-ALLS-2_theory-of-geometry-2.tex	pdflatex	fail	12	False		MATH-ALLS-2_theory-of-geometry-2.tex:2547: LaTeX Error: Command \k unavailable	5
MATH-ALLS-2_theory-of-geometry-3.tex	pdflatex	success	0	False	build\compile-audit\standalone\MATH-ALLS-2_theory-of-geometry-3\MATH-ALLS-2_theory-of-geometry-3.pdf		8
MATH-ALLS-2_theory-of-geometry-4.tex	pdflatex	success	0	False	build\compile-audit\standalone\MATH-ALLS-2_theory-of-geometry-4\MATH-ALLS-2_theory-of-geometry-4.pdf		11
MATH-ALLS-2_theory-of-geometry-II.tex	pdflatex	success	0	False	build\compile-audit\standalone\MATH-ALLS-2_theory-of-geometry-II\MATH-ALLS-2_theory-of-geometry-II.pdf		16
MATH-ALLS-2_theory-of-geometry-III.tex	pdflatex	success	0	False	build\compile-audit\standalone\MATH-ALLS-2_theory-of-geometry-III\MATH-ALLS-2_theory-of-geometry-III.pdf		8
MATH-ALLS-2_theory-of-geometry-IV.tex	pdflatex	fail	12	False		MATH-ALLS-2_theory-of-geometry-IV.tex:2170: Improper \spacefactor.	2
MATH-ALLS-2_theory-of-real-analysis.tex	pdflatex	timeout	124	True	build\compile-audit\standalone\MATH-ALLS-2_theory-of-real-analysis\MATH-ALLS-2_theory-of-real-analysis.pdf		111
MATH-ALLS-2_wiki-green.tex	pdflatex	success	0	False	build\compile-audit\standalone\MATH-ALLS-2_wiki-green\MATH-ALLS-2_wiki-green.pdf		9
