"file"	"command"	"old"	"new"
"Downloads_Exercise_1_2_append.tex"	"includegraphics"	"kernel_heatmap.png"	"figures/Downloads_kernel_heatmap.png"
"Downloads_interpolation.tex"	"input"	"interpolation_all.tex"	"Downloads_interpolation_all.tex"
"Downloads_latex_embed_examples_3_5.tex"	"includegraphics"	"homology_group_realization_with_spheres_and_moore.png"	"figures/Downloads_homology_group_realization_with_spheres_and_moore.png"
"Downloads_latex_embed_examples_3_5.tex"	"includegraphics"	"mathematical_diagram_of_lens_space_l_p_3.png"	"figures/Downloads_mathematical_diagram_of_lens_space_l_p_3.png"
"Downloads_latex_embed_examples_3_5.tex"	"includegraphics"	"moore_space_construction_and_homology_sequence.png"	"figures/Downloads_moore_space_construction_and_homology_sequence.png"
"Downloads_latex_embed_examples_3_5.tex"	"includegraphics"	"quotient_space_constructions_and_homology.png"	"figures/Downloads_quotient_space_constructions_and_homology.png"
"Downloads_latex_embed_examples_3_5.tex"	"includegraphics"	"quotient_space_constructions_and_homology.png"	"figures/Downloads_quotient_space_constructions_and_homology.png"
"Downloads_problems_9_10_visuals_embedded.tex"	"includegraphics"	"figures/fig_annulus_connecting_map.png"	"figures/Downloads_figures_fig_annulus_connecting_map.png"
"Downloads_problems_9_10_visuals_embedded.tex"	"includegraphics"	"figures/fig_bockstein_rp2.png"	"figures/Downloads_figures_fig_bockstein_rp2.png"
"Downloads_problems_9_10_visuals_embedded.tex"	"includegraphics"	"figures/fig_even_vs_odd_rpn.png"	"figures/Downloads_figures_fig_even_vs_odd_rpn.png"
"Downloads_problems_9_10_visuals_embedded.tex"	"includegraphics"	"figures/fig_pairing_boundary_disk_sphere.png"	"figures/Downloads_figures_fig_pairing_boundary_disk_sphere.png"
"Downloads_problems_9_10_visuals_snippet.tex"	"includegraphics"	"figures/fig_annulus_connecting_map.png"	"figures/Downloads_figures_fig_annulus_connecting_map.png"
"Downloads_problems_9_10_visuals_snippet.tex"	"includegraphics"	"figures/fig_bockstein_rp2.png"	"figures/Downloads_figures_fig_bockstein_rp2.png"
"Downloads_problems_9_10_visuals_snippet.tex"	"includegraphics"	"figures/fig_even_vs_odd_rpn.png"	"figures/Downloads_figures_fig_even_vs_odd_rpn.png"
"Downloads_problems_9_10_visuals_snippet.tex"	"includegraphics"	"figures/fig_pairing_boundary_disk_sphere.png"	"figures/Downloads_figures_fig_pairing_boundary_disk_sphere.png"
"Downloads_theory-of-algebraic-topology-11.tex"	"includegraphics"	"figures/fig_annulus_connecting_map.png"	"figures/Downloads_figures_fig_annulus_connecting_map.png"
"Downloads_theory-of-algebraic-topology-11.tex"	"includegraphics"	"figures/fig_bockstein_rp2.png"	"figures/Downloads_figures_fig_bockstein_rp2.png"
"Downloads_theory-of-algebraic-topology-11.tex"	"includegraphics"	"figures/fig_even_vs_odd_rpn.png"	"figures/Downloads_figures_fig_even_vs_odd_rpn.png"
"Downloads_theory-of-algebraic-topology-11.tex"	"includegraphics"	"figures/fig_pairing_boundary_disk_sphere.png"	"figures/Downloads_figures_fig_pairing_boundary_disk_sphere.png"
"Downloads_theory-of-algebraic-topology-11.tex"	"includegraphics"	"hemisphere_cw_chain_complex.png"	"figures/Downloads_hemisphere_cw_chain_complex.png"
"Downloads_theory-of-algebraic-topology-11.tex"	"includegraphics"	"hemisphere_cw_decomposition.png"	"figures/Downloads_hemisphere_cw_decomposition.png"
"Downloads_theory-of-algebraic-topology-11.tex"	"includegraphics"	"hemisphere_cw_skeleta.png"	"figures/Downloads_hemisphere_cw_skeleta.png"
"Downloads_theory-of-algebraic-topology-11.tex"	"includegraphics"	"homology_group_realization_with_spheres_and_moore.png"	"figures/Downloads_homology_group_realization_with_spheres_and_moore.png"
"Downloads_theory-of-algebraic-topology-11.tex"	"includegraphics"	"mathematical_diagram_of_lens_space_l_p_3.png"	"figures/Downloads_mathematical_diagram_of_lens_space_l_p_3.png"
"Downloads_theory-of-algebraic-topology-11.tex"	"includegraphics"	"moore_space_construction_and_homology_sequence.png"	"figures/Downloads_moore_space_construction_and_homology_sequence.png"
"Downloads_theory-of-algebraic-topology-11.tex"	"includegraphics"	"quotient_space_constructions_and_homology.png"	"figures/Downloads_quotient_space_constructions_and_homology.png"
"Downloads_theory-of-algebraic-topology-14.tex"	"includegraphics"	"classification_of_vector_bundles_over_spheres.png"	"figures/Downloads_classification_of_vector_bundles_over_spheres.png"
"Downloads_theory-of-algebraic-topology-14.tex"	"includegraphics"	"key_diagrams_of_vector_bundles_over_spheres.png"	"figures/Downloads_key_diagrams_of_vector_bundles_over_spheres.png"
"Downloads_theory-of-analysis-FD.tex"	"includegraphics"	"chi_flat_function.png"	"figures/Downloads_chi_flat_function.png"
"Downloads_theory-of-analysis-FD.tex"	"includegraphics"	"conv_gauss_integrand.png"	"figures/Downloads_conv_gauss_integrand.png"
"Downloads_theory-of-analysis-FD.tex"	"includegraphics"	"conv_gauss_overlap.png"	"figures/Downloads_conv_gauss_overlap.png"
"Downloads_theory-of-analysis-FD.tex"	"includegraphics"	"conv_sin_integrand.png"	"figures/Downloads_conv_sin_integrand.png"
"Downloads_theory-of-analysis-FD.tex"	"includegraphics"	"conv_sin_overlap.png"	"figures/Downloads_conv_sin_overlap.png"
"Downloads_theory-of-analysis-FD.tex"	"includegraphics"	"convolution_overlap.png"	"figures/Downloads_convolution_overlap.png"
"Downloads_theory-of-analysis-FD.tex"	"includegraphics"	"convolution_smoothing.png"	"figures/Downloads_convolution_smoothing.png"
"Downloads_theory-of-analysis-FD.tex"	"includegraphics"	"delta_gaussian_approx.png"	"figures/Downloads_delta_gaussian_approx.png"
"Downloads_theory-of-analysis-FD.tex"	"includegraphics"	"delta_prime_gaussian.png"	"figures/Downloads_delta_prime_gaussian.png"
"Downloads_theory-of-analysis-FD.tex"	"includegraphics"	"eta_smooth_step.png"	"figures/Downloads_eta_smooth_step.png"
"Downloads_theory-of-analysis-FD.tex"	"includegraphics"	"example_delta_action.png"	"figures/Downloads_example_delta_action.png"
"Downloads_theory-of-analysis-FD.tex"	"includegraphics"	"example_delta_prime_action.png"	"figures/Downloads_example_delta_prime_action.png"
"Downloads_theory-of-analysis-FD.tex"	"includegraphics"	"example_heaviside.png"	"figures/Downloads_example_heaviside.png"
"Downloads_theory-of-analysis-FD.tex"	"includegraphics"	"example_pv_1_over_x_simple.png"	"figures/Downloads_example_pv_1_over_x_simple.png"
"Downloads_theory-of-analysis-FD.tex"	"includegraphics"	"example_PV_action.png"	"figures/Downloads_example_PV_action.png"
"Downloads_theory-of-analysis-FD.tex"	"includegraphics"	"example_regular_Tf.png"	"figures/Downloads_example_regular_Tf.png"
"Downloads_theory-of-analysis-FD.tex"	"includegraphics"	"example_Tf_times_phi.png"	"figures/Downloads_example_Tf_times_phi.png"
"Downloads_theory-of-analysis-FD.tex"	"includegraphics"	"F_mag_theta_pi_over_3"	"figures/Downloads_.figs_F_mag_theta_pi_over_3.png"
"Downloads_theory-of-analysis-FD.tex"	"includegraphics"	"F_mapping_z_to_w_theta_pi_over_2"	"figures/Downloads_.figs_F_mapping_z_to_w_theta_pi_over_2.png"
"Downloads_theory-of-analysis-FD.tex"	"includegraphics"	"F_mapping_z_to_w_theta_pi_over_4"	"figures/Downloads_.figs_F_mapping_z_to_w_theta_pi_over_4.png"
"Downloads_theory-of-analysis-FD.tex"	"includegraphics"	"F_mapping_z_to_w_theta_pi_over_8"	"figures/Downloads_.figs_F_mapping_z_to_w_theta_pi_over_8.png"
"Downloads_theory-of-analysis-FD.tex"	"includegraphics"	"F_mapping_z_to_w.png"	"figures/Downloads_.figs_F_mapping_z_to_w.png"
"Downloads_theory-of-analysis-FD.tex"	"includegraphics"	"F_real_theta_pi_over_3.png"	"figures/Downloads_.figs_F_real_theta_pi_over_3.png"
"Downloads_theory-of-analysis-FD.tex"	"includegraphics"	"gaussian_F_heatmap.png"	"figures/Downloads_gaussian_F_heatmap.png"
"Downloads_theory-of-analysis-FD.tex"	"includegraphics"	"gaussian_u.png"	"figures/Downloads_gaussian_u.png"
"Downloads_theory-of-analysis-FD.tex"	"includegraphics"	"Green_Damped_c1.png"	"figures/Downloads_Green_Damped_c1.png"
"Downloads_theory-of-analysis-FD.tex"	"includegraphics"	"Green_Dirichlet_01.png"	"figures/Downloads_Green_Dirichlet_01.png"
"Downloads_theory-of-analysis-FD.tex"	"includegraphics"	"Green_Helmholtz_k2.png"	"figures/Downloads_Green_Helmholtz_k2.png"
"Downloads_theory-of-analysis-FD.tex"	"includegraphics"	"Green_minus_d2_plus_1.png"	"figures/Downloads_Green_minus_d2_plus_1.png"
"Downloads_theory-of-analysis-FD.tex"	"includegraphics"	"Green_minus_d2.png"	"figures/Downloads_Green_minus_d2.png"
"Downloads_theory-of-analysis-FD.tex"	"includegraphics"	"Green_Neumann_01.png"	"figures/Downloads_Green_Neumann_01.png"
"Downloads_theory-of-analysis-FD.tex"	"includegraphics"	"Green_periodic_circle.png"	"figures/Downloads_Green_periodic_circle.png"
"Downloads_theory-of-analysis-FD.tex"	"includegraphics"	"Green2D_log_kernel.png"	"figures/Downloads_Green2D_log_kernel.png"
"Downloads_theory-of-analysis-FD.tex"	"includegraphics"	"local_mollification_example.png"	"figures/Downloads_local_mollification_example.png"
"Downloads_theory-of-analysis-FD.tex"	"includegraphics"	"phi_and_phi_x_minus_y.png"	"figures/Downloads_phi_and_phi_x_minus_y.png"
"Downloads_theory-of-analysis-FD.tex"	"includegraphics"	"phi_difference_quotients.png"	"figures/Downloads_phi_difference_quotients.png"
"Downloads_theory-of-analysis-FD.tex"	"includegraphics"	"phi_translations.png"	"figures/Downloads_phi_translations.png"
"Downloads_theory-of-analysis-FD.tex"	"includegraphics"	"psi_radial_bump.png"	"figures/Downloads_psi_radial_bump.png"
"Downloads_theory-of-analysis-FD.tex"	"includegraphics"	"pv_1_over_x.png"	"figures/Downloads_pv_1_over_x.png"
"Downloads_theory-of-analysis-FD.tex"	"includegraphics"	"regular_distribution_f.png"	"figures/Downloads_regular_distribution_f.png"
"Downloads_theory-of-analysis-FD.tex"	"includegraphics"	"simple_vs_gaussian.png"	"figures/Downloads_simple_vs_gaussian.png"
"Downloads_theory-of-analysis-FD.tex"	"includegraphics"	"trig_F_heatmap.png"	"figures/Downloads_trig_F_heatmap.png"
"Downloads_theory-of-analysis-FD.tex"	"includegraphics"	"trig_u.png"	"figures/Downloads_trig_u.png"
"Downloads_theory-of-analysis-FD2.tex"	"includegraphics"	"abs_and_sign_smooth.png"	"figures/Downloads_abs_and_sign_smooth.png"
"Downloads_theory-of-analysis-FD2.tex"	"includegraphics"	"bump_fourier_magnitude.png"	"figures/Downloads_bump_fourier_magnitude.png"
"Downloads_theory-of-analysis-FD2.tex"	"includegraphics"	"bump_fourier_magnitude.png"	"figures/Downloads_bump_fourier_magnitude.png"
"Downloads_theory-of-analysis-FD2.tex"	"includegraphics"	"bump_function.png"	"figures/Downloads_bump_function.png"
"Downloads_theory-of-analysis-FD2.tex"	"includegraphics"	"bump_function.png"	"figures/Downloads_bump_function.png"
"Downloads_theory-of-analysis-FD2.tex"	"includegraphics"	"convolution_example.png"	"figures/Downloads_convolution_example.png"
"Downloads_theory-of-analysis-FD2.tex"	"includegraphics"	"coulomb_vs_yukawa_linear.png"	"figures/Downloads_coulomb_vs_yukawa_linear.png"
"Downloads_theory-of-analysis-FD2.tex"	"includegraphics"	"coulomb_vs_yukawa_loglog.png"	"figures/Downloads_coulomb_vs_yukawa_loglog.png"
"Downloads_theory-of-analysis-FD2.tex"	"includegraphics"	"delta_gaussian_approxs.png"	"figures/Downloads_delta_gaussian_approxs.png"
"Downloads_theory-of-analysis-FD2.tex"	"includegraphics"	"dual_lattice_plot.png"	"figures/Downloads_dual_lattice_plot.png"
"Downloads_theory-of-analysis-FD2.tex"	"includegraphics"	"ex5_1_periodisation_1d.png"	"figures/Downloads_ex5_1_periodisation_1d.png"
"Downloads_theory-of-analysis-FD2.tex"	"includegraphics"	"ex5_1_supports_translates.png"	"figures/Downloads_ex5_1_supports_translates.png"
"Downloads_theory-of-analysis-FD2.tex"	"includegraphics"	"ex5_2_Qk_counts.png"	"figures/Downloads_ex5_2_Qk_counts.png"
"Downloads_theory-of-analysis-FD2.tex"	"includegraphics"	"ex5_2_Qk_Z2_shells.png"	"figures/Downloads_ex5_2_Qk_Z2_shells.png"
"Downloads_theory-of-analysis-FD2.tex"	"includegraphics"	"ex5_3_contributions.png"	"figures/Downloads_ex5_3_contributions.png"
"Downloads_theory-of-analysis-FD2.tex"	"includegraphics"	"ex5_3_weighted_comb.png"	"figures/Downloads_ex5_3_weighted_comb.png"
"Downloads_theory-of-analysis-FD2.tex"	"includegraphics"	"ex5_4_periodic_approx.png"	"figures/Downloads_ex5_4_periodic_approx.png"
"Downloads_theory-of-analysis-FD2.tex"	"includegraphics"	"ex5_5_fourier_gibbs_zoom.png"	"figures/Downloads_ex5_5_fourier_gibbs_zoom.png"
"Downloads_theory-of-analysis-FD2.tex"	"includegraphics"	"ex5_5_fourier_global.png"	"figures/Downloads_ex5_5_fourier_global.png"
"Downloads_theory-of-analysis-FD2.tex"	"includegraphics"	"ex5_6_square_gibbs_zoom.png"	"figures/Downloads_ex5_6_square_gibbs_zoom.png"
"Downloads_theory-of-analysis-FD2.tex"	"includegraphics"	"ex5_6_square_global.png"	"figures/Downloads_ex5_6_square_global.png"
"Downloads_theory-of-analysis-FD2.tex"	"includegraphics"	"exponential_wave_plot.png"	"figures/Downloads_exponential_wave_plot.png"
"Downloads_theory-of-analysis-FD2.tex"	"includegraphics"	"fourier_coeff_structure.png"	"figures/Downloads_fourier_coeff_structure.png"
"Downloads_theory-of-analysis-FD2.tex"	"includegraphics"	"fR_fourier_sin_profile.png"	"figures/Downloads_fR_fourier_sin_profile.png"
"Downloads_theory-of-analysis-FD2.tex"	"includegraphics"	"gaussian_freq_space.png"	"figures/Downloads_gaussian_freq_space.png"
"Downloads_theory-of-analysis-FD2.tex"	"includegraphics"	"gaussian_x_space.png"	"figures/Downloads_gaussian_x_space.png"
"Downloads_theory-of-analysis-FD2.tex"	"includegraphics"	"greens_function.png"	"figures/Downloads_greens_function.png"
"Downloads_theory-of-analysis-FD2.tex"	"includegraphics"	"heaviside_smooth.png"	"figures/Downloads_heaviside_smooth.png"
"Downloads_theory-of-analysis-FD2.tex"	"includegraphics"	"lattice_plot.png"	"figures/Downloads_lattice_plot.png"
"Downloads_theory-of-analysis-FD2.tex"	"includegraphics"	"pv_approx_1_over_x.png"	"figures/Downloads_pv_approx_1_over_x.png"
"Downloads_theory-of-analysis-FD2.tex"	"includegraphics"	"pv_compare_1_over_x.png"	"figures/Downloads_pv_compare_1_over_x.png"
"Downloads_theory-of-analysis-FD2.tex"	"includegraphics"	"pv_regularisations_full.png"	"figures/Downloads_pv_regularisations_full.png"
"Downloads_theory-of-analysis-FD2.tex"	"includegraphics"	"pv_regularisations_zoom.png"	"figures/Downloads_pv_regularisations_zoom.png"
"Downloads_theory-of-analysis-FD2.tex"	"includegraphics"	"schrodinger_kernel_t1.png"	"figures/Downloads_schrodinger_kernel_t1.png"
"Downloads_theory-of-analysis-FD2.tex"	"includegraphics"	"schrodinger_kernel_t2.png"	"figures/Downloads_schrodinger_kernel_t2.png"
"Downloads_theory-of-analysis-FD2.tex"	"includegraphics"	"schrodinger_kernel_t3.png"	"figures/Downloads_schrodinger_kernel_t3.png"
"Downloads_theory-of-analysis-FD2.tex"	"includegraphics"	"sign_function.png"	"figures/Downloads_sign_function.png"
"Downloads_theory-of-analysis-FD2.tex"	"includegraphics"	"translation_f_and_shift.png"	"figures/Downloads_translation_f_and_shift.png"
"Downloads_theory-of-analysis-FD2.tex"	"includegraphics"	"translation_F_magnitude.png"	"figures/Downloads_translation_F_magnitude.png"
"Downloads_theory-of-analysis-FD2.tex"	"includegraphics"	"translation_F_phase.png"	"figures/Downloads_translation_F_phase.png"
"Downloads_theory-of-analysis-FD2.tex"	"includegraphics"	"truncated_sign_fR.png"	"figures/Downloads_truncated_sign_fR.png"
"Downloads_theory-of-analysis-FD2.tex"	"includegraphics"	"yukawa_fourier.png"	"figures/Downloads_yukawa_fourier.png"
"Downloads_theory-of-analysis-FD2.tex"	"includegraphics"	"yukawa_function.png"	"figures/Downloads_yukawa_function.png"
"Downloads_theory-of-analysis-functions-II.tex"	"includegraphics"	"example1_f_block.png"	"figures/Downloads_example1_f_block.png"
"Downloads_theory-of-analysis-functions-II.tex"	"includegraphics"	"example1_u_solution.png"	"figures/Downloads_example1_u_solution.png"
"Downloads_theory-of-analysis-functions-II.tex"	"includegraphics"	"exampleA_box_fourier.png"	"figures/Downloads_exampleA_box_fourier.png"
"Downloads_theory-of-analysis-functions-II.tex"	"includegraphics"	"exampleA_box_function.png"	"figures/Downloads_exampleA_box_function.png"
"Downloads_theory-of-analysis-functions-II.tex"	"includegraphics"	"exampleB_bump_fourier.png"	"figures/Downloads_exampleB_bump_fourier.png"
"Downloads_theory-of-analysis-functions-II.tex"	"includegraphics"	"exampleB_bump_function.png"	"figures/Downloads_exampleB_bump_function.png"
"Downloads_theory-of-analysis-functions-II.tex"	"includegraphics"	"exampleC_disk_fourier_radial.png"	"figures/Downloads_exampleC_disk_fourier_radial.png"
"Downloads_theory-of-analysis-functions-II.tex"	"includegraphics"	"exampleC_disk_indicator.png"	"figures/Downloads_exampleC_disk_indicator.png"
"Downloads_theory-of-analysis-functions-II.tex"	"includegraphics"	"fourier_heaviside_components.png"	"figures/Downloads_fourier_heaviside_components.png"
"Downloads_theory-of-analysis-functions-II.tex"	"includegraphics"	"functions-charts.png"	"figures/Downloads_functions-charts.png"
"Downloads_theory-of-analysis-functions-II.tex"	"includegraphics"	"greens_heatmap.png"	"figures/Downloads_greens_heatmap.png"
"Downloads_theory-of-analysis-functions-II.tex"	"includegraphics"	"greens_slices.png"	"figures/Downloads_greens_slices.png"
"Downloads_theory-of-analysis-functions-II.tex"	"includegraphics"	"hs_bessel_smoothing.png"	"figures/Downloads_hs_bessel_smoothing.png"
"Downloads_theory-of-analysis-functions-II.tex"	"includegraphics"	"hs_examples_cum_bump.png"	"figures/Downloads_hs_examples_cum_bump.png"
"Downloads_theory-of-analysis-functions-II.tex"	"includegraphics"	"hs_examples_cum_gaussian.png"	"figures/Downloads_hs_examples_cum_gaussian.png"
"Downloads_theory-of-analysis-functions-II.tex"	"includegraphics"	"hs_examples_cum_indicator.png"	"figures/Downloads_hs_examples_cum_indicator.png"
"Downloads_theory-of-analysis-functions-II.tex"	"includegraphics"	"hs_examples_fourier_mag.png"	"figures/Downloads_hs_examples_fourier_mag.png"
"Downloads_theory-of-analysis-functions-II.tex"	"includegraphics"	"hs_examples_xspace.png"	"figures/Downloads_hs_examples_xspace.png"
"Downloads_theory-of-analysis-functions-II.tex"	"includegraphics"	"hs_frequency_weights.png"	"figures/Downloads_hs_frequency_weights.png"
"Downloads_theory-of-analysis-functions-II.tex"	"includegraphics"	"hs_gagliardo_kernel.png"	"figures/Downloads_hs_gagliardo_kernel.png"
"Downloads_theory-of-analysis-functions-II.tex"	"includegraphics"	"periodized_gaussian_compare.png"	"figures/Downloads_periodized_gaussian_compare.png"
"Downloads_theory-of-analysis-functions-II.tex"	"includegraphics"	"periodized_gaussian_errors.png"	"figures/Downloads_periodized_gaussian_errors.png"
"Downloads_theory-of-analysis-functions-II.tex"	"includegraphics"	"space-diagram.png"	"figures/Downloads_space-diagram.png"
"Downloads_theory-of-analysis-functions-II.tex"	"includegraphics"	"weak_poisson_f.png"	"figures/Downloads_weak_poisson_f.png"
"Downloads_theory-of-analysis-functions-II.tex"	"includegraphics"	"weak_poisson_u.png"	"figures/Downloads_weak_poisson_u.png"
"Downloads_theory-of-analysis-functions-II.tex"	"includegraphics"	"weak_poisson_uprime.png"	"figures/Downloads_weak_poisson_uprime.png"
"Downloads_theory-of-analysis-functions.tex"	"includegraphics"	"covering_vitali_5B.png"	"figures/Downloads_covering_vitali_5B.png"
"Downloads_theory-of-analysis-functions.tex"	"includegraphics"	"covering_wiener_3B.png"	"figures/Downloads_covering_wiener_3B.png"
"Downloads_theory-of-analysis-functions.tex"	"includegraphics"	"ex5_moving_intervals_alt_alpha.png"	"figures/Downloads_ex5_moving_intervals_alt_alpha.png"
"Downloads_theory-of-analysis-functions.tex"	"includegraphics"	"ex5_moving_intervals.png"	"figures/Downloads_ex5_moving_intervals.png"
"Downloads_theory-of-analysis-functions.tex"	"includegraphics"	"ex6_distribution_decay_p3.png"	"figures/Downloads_ex6_distribution_decay_p3.png"
"Downloads_theory-of-analysis-functions.tex"	"includegraphics"	"ex6_distribution_decay.png"	"figures/Downloads_ex6_distribution_decay.png"
"Downloads_theory-of-analysis-functions.tex"	"includegraphics"	"ex6_weak_vs_strong_lp_p3.png"	"figures/Downloads_ex6_weak_vs_strong_lp_p3.png"
"Downloads_theory-of-analysis-functions.tex"	"includegraphics"	"ex6_weak_vs_strong_lp.png"	"figures/Downloads_ex6_weak_vs_strong_lp.png"
"Downloads_theory-of-analysis-functions.tex"	"includegraphics"	"exA_f_and_g0.png"	"figures/Downloads_exA_f_and_g0.png"
"Downloads_theory-of-analysis-functions.tex"	"includegraphics"	"exB_f_h_G.png"	"figures/Downloads_exB_f_h_G.png"
"Downloads_theory-of-analysis-functions.tex"	"includegraphics"	"exB_minkowski_bars.png"	"figures/Downloads_exB_minkowski_bars.png"
"Downloads_theory-of-analysis-functions.tex"	"includegraphics"	"figure_lsc_epigraph.png"	"figures/Downloads_figure_lsc_epigraph.png"
"Downloads_theory-of-analysis-functions.tex"	"includegraphics"	"figure_lsc_strict_inequality.png"	"figures/Downloads_figure_lsc_strict_inequality.png"
"Downloads_theory-of-analysis-functions.tex"	"includegraphics"	"figureA_dyadic_partition.png"	"figures/Downloads_figureA_dyadic_partition.png"
"Downloads_theory-of-analysis-functions.tex"	"includegraphics"	"figureB_step_function.png"	"figures/Downloads_figureB_step_function.png"
"Downloads_theory-of-analysis-functions.tex"	"includegraphics"	"figureC_normalized_indicators.png"	"figures/Downloads_figureC_normalized_indicators.png"
"Downloads_theory-of-analysis-functions.tex"	"includegraphics"	"lp_boundary_alpha_vs_p.png"	"figures/Downloads_lp_boundary_alpha_vs_p.png"
"Downloads_theory-of-analysis-functions.tex"	"includegraphics"	"lp_decay.png"	"figures/Downloads_lp_decay.png"
"Downloads_theory-of-analysis-functions.tex"	"includegraphics"	"lp_integrability_decay.png"	"figures/Downloads_lp_integrability_decay.png"
"Downloads_theory-of-analysis-functions.tex"	"includegraphics"	"lp_log_borderline_norm_vs_gamma_p2.png"	"figures/Downloads_lp_log_borderline_norm_vs_gamma_p2.png"
"Downloads_theory-of-analysis-functions.tex"	"includegraphics"	"lp_norm_vs_p_decay_alpha15.png"	"figures/Downloads_lp_norm_vs_p_decay_alpha15.png"
"Downloads_theory-of-analysis-functions.tex"	"includegraphics"	"lp_singularities.png"	"figures/Downloads_lp_singularities.png"
"Downloads_theory-of-analysis-functions.tex"	"includegraphics"	"two_balls_B_and_3B.png"	"figures/Downloads_two_balls_B_and_3B.png"
"Downloads_theory-of-analysis-functions.tex"	"includegraphics"	"weakLp_decay_family.png"	"figures/Downloads_weakLp_decay_family.png"
"Downloads_theory-of-analysis-functions.tex"	"includegraphics"	"weakLp_functions.png"	"figures/Downloads_weakLp_functions.png"
"Downloads_theory-of-analysis-functions.tex"	"includegraphics"	"weakLp_integrand_tail.png"	"figures/Downloads_weakLp_integrand_tail.png"
"Downloads_theory-of-analysis-functions.tex"	"includegraphics"	"weakLp_integrands.png"	"figures/Downloads_weakLp_integrands.png"
"Downloads_theory-of-analysis-functions.tex"	"includegraphics"	"weakLp_tails.png"	"figures/Downloads_weakLp_tails.png"
"Downloads_theory-of-analysis-II.tex"	"includegraphics"	"clipn_sin2_plot.png"	"figures/Downloads_clipn_sin2_plot.png"
"Downloads_theory-of-analysis-II.tex"	"includegraphics"	"curve_C_xy_plane.png"	"figures/Downloads_curve_C_xy_plane.png"
"Downloads_theory-of-analysis-II.tex"	"includegraphics"	"dist_n2_global.png"	"figures/Downloads_dist_n2_global.png"
"Downloads_theory-of-analysis-II.tex"	"includegraphics"	"dist_n2_zoom.png"	"figures/Downloads_dist_n2_zoom.png"
"Downloads_theory-of-analysis-II.tex"	"includegraphics"	"F_mapping_xy_to_uv_side_by_side.png"	"figures/Downloads_F_mapping_xy_to_uv_side_by_side.png"
"Downloads_theory-of-analysis-II.tex"	"includegraphics"	"g_global.png"	"figures/Downloads_g_global.png"
"Downloads_theory-of-analysis-II.tex"	"includegraphics"	"g_zoom.png"	"figures/Downloads_g_zoom.png"
"Downloads_theory-of-analysis-II.tex"	"includegraphics"	"gprime_semilog.png"	"figures/Downloads_gprime_semilog.png"
"Downloads_theory-of-analysis-II.tex"	"includegraphics"	"gprime_zoom.png"	"figures/Downloads_gprime_zoom.png"
"Downloads_theory-of-analysis-II.tex"	"includegraphics"	"image_FC_uv_plane.png"	"figures/Downloads_image_FC_uv_plane.png"
"Downloads_theory-of-analysis-II.tex"	"includegraphics"	"phi_periodic_plot.png"	"figures/Downloads_phi_periodic_plot.png"
"Downloads_theory-of-analysis-II.tex"	"includegraphics"	"problem14_subharmonic_heatmap.png"	"figures/Downloads_problem14_subharmonic_heatmap.png"
"Downloads_theory-of-analysis-II.tex"	"includegraphics"	"problem14_subharmonic_heatmap.png"	"figures/Downloads_problem14_subharmonic_heatmap.png"
"Downloads_theory-of-analysis-II.tex"	"includegraphics"	"sinx2_global.png"	"figures/Downloads_sinx2_global.png"
"Downloads_theory-of-analysis-II.tex"	"includegraphics"	"sinx2_zoom.png"	"figures/Downloads_sinx2_zoom.png"
"Downloads_theory-of-analysis-II.tex"	"includegraphics"	"sinx3_over_xp1_global.png"	"figures/Downloads_sinx3_over_xp1_global.png"
"Downloads_theory-of-analysis-II.tex"	"includegraphics"	"sinx3_over_xp1_tail.png"	"figures/Downloads_sinx3_over_xp1_tail.png"
"Downloads_theory-of-analysis-II.tex"	"includegraphics"	"weierstrass_partial_sums.png"	"figures/Downloads_weierstrass_partial_sums.png"
"Downloads_theory-of-analysis-II.tex"	"includegraphics"	"weierstrass_zoom.png"	"figures/Downloads_weierstrass_zoom.png"
"Downloads_theory-of-analysis-topics.tex"	"includegraphics"	"hat_fan_n10.png"	"figures/Downloads_hat_fan_n10.png"
"Downloads_theory-of-analysis-topics.tex"	"includegraphics"	"hat_fan_n5.png"	"figures/Downloads_hat_fan_n5.png"
"Downloads_theory-of-analysis-topics.tex"	"includegraphics"	"hat_single_n8_r3.png"	"figures/Downloads_hat_single_n8_r3.png"
"Downloads_theory-of-analysis-topology.tex"	"includegraphics"	"folium_curve_IFT.png"	"figures/Downloads_folium_curve_IFT.png"
"Downloads_theory-of-analysis-topology.tex"	"includegraphics"	"folium_curve_IFT.png"	"figures/Downloads_folium_curve_IFT.png"
"Downloads_theory-of-complex-analysis-gamma.tex"	"includegraphics"	"gamma_integrand_smap_horizontal.png"	"figures/Downloads_.figs_gamma_integrand_smap_horizontal.png"
"Downloads_theory-of-complex-analysis-gamma.tex"	"includegraphics"	"gamma_integrand_smap_vertical.png"	"figures/Downloads_.figs_gamma_integrand_smap_vertical.png"
"Downloads_theory-of-complex-analysis-gamma.tex"	"includegraphics"	"gamma_integrand_z_heatmap.png"	"figures/Downloads_.figs_gamma_integrand_z_heatmap.png"
"Downloads_theory-of-complex-analysis-gamma.tex"	"includegraphics"	"gamma_integrand_zmap_circles.png"	"figures/Downloads_.figs_gamma_integrand_zmap_circles.png"
"Downloads_theory-of-complex-analysis-gamma.tex"	"includegraphics"	"gamma_integrand_zmap_rays.png"	"figures/Downloads_.figs_gamma_integrand_zmap_rays.png"
"Downloads_theory-of-complex-analysis-maps.tex"	"includegraphics"	".figs/cayley_lines_w.png"	"figures/Downloads_.figs_cayley_lines_w.png"
"Downloads_theory-of-complex-analysis-maps.tex"	"includegraphics"	".figs/cayley_lines_z.png"	"figures/Downloads_.figs_cayley_lines_z.png"
"Downloads_theory-of-complex-analysis-maps.tex"	"includegraphics"	".figs/cayley_w_chords.png"	"figures/Downloads_.figs_cayley_w_chords.png"
"Downloads_theory-of-complex-analysis-maps.tex"	"includegraphics"	".figs/cayley_w_grid.png"	"figures/Downloads_.figs_cayley_w_grid.png"
"Downloads_theory-of-complex-analysis-maps.tex"	"includegraphics"	".figs/cayley_z_chords.png"	"figures/Downloads_.figs_cayley_z_chords.png"
"Downloads_theory-of-complex-analysis-maps.tex"	"includegraphics"	".figs/cayley_z_grid.png"	"figures/Downloads_.figs_cayley_z_grid.png"
"Downloads_theory-of-complex-analysis-maps.tex"	"includegraphics"	".figs/crossratio_line_w_plane.png"	"figures/Downloads_.figs_crossratio_line_w_plane.png"
"Downloads_theory-of-complex-analysis-maps.tex"	"includegraphics"	".figs/crossratio_line_z_plane.png"	"figures/Downloads_.figs_crossratio_line_z_plane.png"
"Downloads_theory-of-complex-analysis-maps.tex"	"includegraphics"	".figs/crossratio_w_plane.png"	"figures/Downloads_.figs_crossratio_w_plane.png"
"Downloads_theory-of-complex-analysis-maps.tex"	"includegraphics"	".figs/crossratio_z_plane.png"	"figures/Downloads_.figs_crossratio_z_plane.png"
"Downloads_theory-of-complex-analysis-maps.tex"	"includegraphics"	".figs/disk_auto_w.png"	"figures/Downloads_.figs_disk_auto_w.png"
"Downloads_theory-of-complex-analysis-maps.tex"	"includegraphics"	".figs/disk_auto_z.png"	"figures/Downloads_.figs_disk_auto_z.png"
"Downloads_theory-of-complex-analysis-maps.tex"	"includegraphics"	".figs/hp_auto_w_clean.png"	"figures/Downloads_.figs_hp_auto_w_clean.png"
"Downloads_theory-of-complex-analysis-maps.tex"	"includegraphics"	".figs/hp_auto_z_clean.png"	"figures/Downloads_.figs_hp_auto_z_clean.png"
"Downloads_theory-of-complex-analysis-maps.tex"	"includegraphics"	".figs/hp_h1h2_w.png"	"figures/Downloads_.figs_hp_h1h2_w.png"
"Downloads_theory-of-complex-analysis-maps.tex"	"includegraphics"	".figs/hp_h1h2_z.png"	"figures/Downloads_.figs_hp_h1h2_z.png"
"Downloads_theory-of-complex-analysis-maps.tex"	"includegraphics"	".figs/hp_to_hp_w_plane_fixed.png"	"figures/Downloads_.figs_hp_to_hp_w_plane_fixed.png"
"Downloads_theory-of-complex-analysis-maps.tex"	"includegraphics"	".figs/hp_to_hp_z_plane_fixed.png"	"figures/Downloads_.figs_hp_to_hp_z_plane_fixed.png"
"Downloads_theory-of-complex-analysis-maps.tex"	"includegraphics"	".figs/nontrivial_w.png"	"figures/Downloads_.figs_nontrivial_w.png"
"Downloads_theory-of-complex-analysis-maps.tex"	"includegraphics"	".figs/nontrivial_z.png"	"figures/Downloads_.figs_nontrivial_z.png"
"Downloads_theory-of-complex-analysis-maps.tex"	"includegraphics"	".figs/strip2hp_w_grid_clean.png"	"figures/Downloads_.figs_strip2hp_w_grid_clean.png"
"Downloads_theory-of-complex-analysis-maps.tex"	"includegraphics"	".figs/strip2hp_w_slanted.png"	"figures/Downloads_.figs_strip2hp_w_slanted.png"
"Downloads_theory-of-complex-analysis-maps.tex"	"includegraphics"	".figs/strip2hp_z_grid_clean.png"	"figures/Downloads_.figs_strip2hp_z_grid_clean.png"
"Downloads_theory-of-complex-analysis-maps.tex"	"includegraphics"	".figs/strip2hp_z_slanted.png"	"figures/Downloads_.figs_strip2hp_z_slanted.png"
"Downloads_theory-of-complex-analysis-next.tex"	"includegraphics"	"cos.png"	"figures/Downloads_cos.png"
"Downloads_theory-of-complex-analysis-next.tex"	"includegraphics"	"exp_minus_x2_real.png"	"figures/Downloads_exp_minus_x2_real.png"
"Downloads_theory-of-complex-analysis-next.tex"	"includegraphics"	"exp_minus_z2_imag.png"	"figures/Downloads_exp_minus_z2_imag.png"
"Downloads_theory-of-complex-analysis-next.tex"	"includegraphics"	"gb_multi_math.png"	"figures/Downloads_gb_multi_math.png"
"Downloads_theory-of-complex-analysis-next.tex"	"includegraphics"	"im_exp_minus_z2_plane.png"	"figures/Downloads_im_exp_minus_z2_plane.png"
"Downloads_theory-of-complex-analysis-next.tex"	"includegraphics"	"im_exp_minus_z2_plane.png"	"figures/Downloads_im_exp_minus_z2_plane.png"
"Downloads_theory-of-complex-analysis-next.tex"	"includegraphics"	"im_nodal_hyperbolas.png"	"figures/Downloads_im_nodal_hyperbolas.png"
"Downloads_theory-of-complex-analysis-next.tex"	"includegraphics"	"level_curves_argument.png"	"figures/Downloads_level_curves_argument.png"
"Downloads_theory-of-complex-analysis-next.tex"	"includegraphics"	"level_curves_modulus.png"	"figures/Downloads_level_curves_modulus.png"
"Downloads_theory-of-complex-analysis-next.tex"	"includegraphics"	"re_exp_minus_z2_plane.png"	"figures/Downloads_re_exp_minus_z2_plane.png"
"Downloads_theory-of-complex-analysis-next.tex"	"includegraphics"	"re_exp_minus_z2_plane.png"	"figures/Downloads_re_exp_minus_z2_plane.png"
"Downloads_theory-of-complex-analysis-next.tex"	"includegraphics"	"re_im_nodal_overlay.png"	"figures/Downloads_re_im_nodal_overlay.png"
"Downloads_theory-of-complex-analysis-next.tex"	"includegraphics"	"re_nodal_hyperbolas.png"	"figures/Downloads_re_nodal_hyperbolas.png"
"Downloads_theory-of-complex-analysis-next.tex"	"includegraphics"	"sinh.png"	"figures/Downloads_sinh.png"
"Downloads_theory-of-complex-analysis.tex"	"includegraphics"	"example_conjugation.png"	"figures/Downloads_example_conjugation.png"
"Downloads_theory-of-complex-analysis.tex"	"includegraphics"	"example_general_mixed.png"	"figures/Downloads_example_general_mixed.png"
"Downloads_theory-of-complex-analysis.tex"	"includegraphics"	"example_rotation_scaling.png"	"figures/Downloads_example_rotation_scaling.png"
"Downloads_theory-of-complex-analysis.tex"	"includegraphics"	"example_shear.png"	"figures/Downloads_example_shear.png"
"Downloads_theory-of-complex-analysis.tex"	"includegraphics"	"lens_domain.png"	"figures/Downloads_lens_domain.png"
"Downloads_theory-of-complex-analysis.tex"	"includegraphics"	"lens_to_sector.png"	"figures/Downloads_lens_to_sector.png"
"Downloads_theory-of-complex-analysis.tex"	"includegraphics"	"log_im_heatmap.png"	"figures/Downloads_log_im_heatmap.png"
"Downloads_theory-of-complex-analysis.tex"	"includegraphics"	"log_mapping_domain.png"	"figures/Downloads_log_mapping_domain.png"
"Downloads_theory-of-complex-analysis.tex"	"includegraphics"	"log_mapping_image.png"	"figures/Downloads_log_mapping_image.png"
"Downloads_theory-of-complex-analysis.tex"	"includegraphics"	"log_re_heatmap.png"	"figures/Downloads_log_re_heatmap.png"
"Downloads_theory-of-complex-analysis.tex"	"includegraphics"	"power_alpha_general.png"	"figures/Downloads_power_alpha_general.png"
"Downloads_theory-of-complex-analysis.tex"	"includegraphics"	"power_alpha_pure_imag_i.png"	"figures/Downloads_power_alpha_pure_imag_i.png"
"Downloads_theory-of-complex-analysis.tex"	"includegraphics"	"power_alpha_real_half.png"	"figures/Downloads_power_alpha_real_half.png"
"Downloads_theory-of-complex-analysis.tex"	"includegraphics"	"power_alpha_real2.png"	"figures/Downloads_power_alpha_real2.png"
"Downloads_theory-of-complex-analysis.tex"	"includegraphics"	"power_mapping_domain.png"	"figures/Downloads_power_mapping_domain.png"
"Downloads_theory-of-complex-analysis.tex"	"includegraphics"	"prob5_eiz_heatmap.png"	"figures/Downloads_prob5_eiz_heatmap.png"
"Downloads_theory-of-complex-analysis.tex"	"includegraphics"	"prob5_ineq_heatmap.png"	"figures/Downloads_prob5_ineq_heatmap.png"
"Downloads_theory-of-complex-analysis.tex"	"includegraphics"	"sector_domain.png"	"figures/Downloads_sector_domain.png"
"Downloads_theory-of-complex-analysis.tex"	"includegraphics"	"sector_to_disk.png"	"figures/Downloads_sector_to_disk.png"
"Downloads_theory-of-complex-analysis.tex"	"includegraphics"	"sector_to_halfplane.png"	"figures/Downloads_sector_to_halfplane.png"
"Downloads_theory-of-complex-analysis.tex"	"includegraphics"	"strip_domain.png"	"figures/Downloads_strip_domain.png"
"Downloads_theory-of-complex-analysis.tex"	"includegraphics"	"strip_to_quadrant.png"	"figures/Downloads_strip_to_quadrant.png"
"Downloads_theory-of-geometry-1.tex"	"includegraphics"	".figs/fig_saddle_x2_minus_y2_contours.png"	"figures/Downloads_.figs_fig_saddle_x2_minus_y2_contours.png"
"Downloads_theory-of-geometry-1.tex"	"includegraphics"	".figs/fig_saddle_x2_minus_y2_surface.png"	"figures/Downloads_.figs_fig_saddle_x2_minus_y2_surface.png"
"Downloads_theory-of-geometry-1.tex"	"includegraphics"	".figs/fig_saddle_x4_minus_y4_contours.png"	"figures/Downloads_.figs_fig_saddle_x4_minus_y4_contours.png"
"Downloads_theory-of-geometry-1.tex"	"includegraphics"	".figs/fig_saddle_x4_minus_y4_surface.png"	"figures/Downloads_.figs_fig_saddle_x4_minus_y4_surface.png"
"Downloads_theory-of-geometry-1.tex"	"includegraphics"	"det_R4_to_R_slice_contours_ad_fixed_bc.png"	"figures/Downloads_det_R4_to_R_slice_contours_ad_fixed_bc.png"
"Downloads_theory-of-geometry-1.tex"	"includegraphics"	"det_R4_to_R_slice_contours_bc_fixed_ad.png"	"figures/Downloads_det_R4_to_R_slice_contours_bc_fixed_ad.png"
"Downloads_theory-of-geometry-1.tex"	"includegraphics"	"det_R4_to_R_slice_surface_ad_fixed_bc.png"	"figures/Downloads_det_R4_to_R_slice_surface_ad_fixed_bc.png"
"Downloads_theory-of-geometry-1.tex"	"includegraphics"	"det_slice_gradfield_ad_fixed_bc.png"	"figures/Downloads_det_slice_gradfield_ad_fixed_bc.png"
"Downloads_theory-of-geometry-1.tex"	"includegraphics"	"det_slice_gradfield_bc_fixed_ad.png"	"figures/Downloads_det_slice_gradfield_bc_fixed_ad.png"
"Downloads_theory-of-geometry-1.tex"	"includegraphics"	"fig10_cusp_boundary_neighborhood.png"	"figures/Downloads_fig10_cusp_boundary_neighborhood.png"
"Downloads_theory-of-geometry-1.tex"	"includegraphics"	"fig10_flattened_boundary_halfspace.png"	"figures/Downloads_fig10_flattened_boundary_halfspace.png"
"Downloads_theory-of-geometry-1.tex"	"includegraphics"	"fig10_flattened_boundary_halfspace.png"	"figures/Downloads_fig10_flattened_boundary_halfspace.png"
"Downloads_theory-of-geometry-1.tex"	"includegraphics"	"fig10_halfplane_model.png"	"figures/Downloads_fig10_halfplane_model.png"
"Downloads_theory-of-geometry-1.tex"	"includegraphics"	"fig10_halfplane_model.png"	"figures/Downloads_fig10_halfplane_model.png"
"Downloads_theory-of-geometry-1.tex"	"includegraphics"	"fig10_smooth_boundary_graph_neighborhood.png"	"figures/Downloads_fig10_smooth_boundary_graph_neighborhood.png"
"Downloads_theory-of-geometry-1.tex"	"includegraphics"	"fig10_square_corner_neighborhood.png"	"figures/Downloads_fig10_square_corner_neighborhood.png"
"Downloads_theory-of-geometry-1.tex"	"includegraphics"	"fig10_square_corner_neighborhood.png"	"figures/Downloads_fig10_square_corner_neighborhood.png"
"Downloads_theory-of-geometry-1.tex"	"includegraphics"	"fig10_square_edge_neighborhood.png"	"figures/Downloads_fig10_square_edge_neighborhood.png"
"Downloads_theory-of-geometry-1.tex"	"includegraphics"	"fig10_square_edge_neighborhood.png"	"figures/Downloads_fig10_square_edge_neighborhood.png"
"Downloads_theory-of-geometry-1.tex"	"includegraphics"	"fig13_mod2_even_preimage_v2.png"	"figures/Downloads_fig13_mod2_even_preimage_v2.png"
"Downloads_theory-of-geometry-1.tex"	"includegraphics"	"fig13_mod2_odd_preimage_v2.png"	"figures/Downloads_fig13_mod2_odd_preimage_v2.png"
"Downloads_theory-of-geometry-1.tex"	"includegraphics"	"fig13_noncompact_target_v2.png"	"figures/Downloads_fig13_noncompact_target_v2.png"
"Downloads_theory-of-geometry-1.tex"	"includegraphics"	"fig13_well_definedness_v2.png"	"figures/Downloads_fig13_well_definedness_v2.png"
"Downloads_theory-of-geometry-1.tex"	"includegraphics"	"fig14_lambda_zoom.png"	"figures/Downloads_fig14_lambda_zoom.png"
"Downloads_theory-of-geometry-1.tex"	"includegraphics"	"fig14_phi_zoom.png"	"figures/Downloads_fig14_phi_zoom.png"
"Downloads_theory-of-geometry-1.tex"	"includegraphics"	"fig14_radial_bump_zoom.png"	"figures/Downloads_fig14_radial_bump_zoom.png"
"Downloads_theory-of-geometry-1.tex"	"includegraphics"	"fig14_sigma.png"	"figures/Downloads_fig14_sigma.png"
"Downloads_theory-of-geometry-1.tex"	"includegraphics"	"fig14_tau_zoom.png"	"figures/Downloads_fig14_tau_zoom.png"
"Downloads_theory-of-geometry-1.tex"	"includegraphics"	"morse_fig1_monkey_saddle_contours.png"	"figures/Downloads_morse_fig1_monkey_saddle_contours.png"
"Downloads_theory-of-geometry-1.tex"	"includegraphics"	"morse_fig1_monkey_saddle_contours.png"	"figures/Downloads_morse_fig1_monkey_saddle_contours.png"
"Downloads_theory-of-geometry-1.tex"	"includegraphics"	"morse_fig2_perturbed_contours.png"	"figures/Downloads_morse_fig2_perturbed_contours.png"
"Downloads_theory-of-geometry-1.tex"	"includegraphics"	"morse_fig2_perturbed_contours.png"	"figures/Downloads_morse_fig2_perturbed_contours.png"
"Downloads_theory-of-geometry-1.tex"	"includegraphics"	"morse_fig3_det_M2_slice_uv.png"	"figures/Downloads_morse_fig3_det_M2_slice_uv.png"
"Downloads_theory-of-geometry-1.tex"	"includegraphics"	"morse_fig3_det_M2_slice_uv.png"	"figures/Downloads_morse_fig3_det_M2_slice_uv.png"
"Downloads_theory-of-geometry-1.tex"	"includegraphics"	"problem2_disk_grid.png"	"figures/Downloads_problem2_disk_grid.png"
"Downloads_theory-of-geometry-1.tex"	"includegraphics"	"problem2_image_grid.png"	"figures/Downloads_problem2_image_grid.png"
"Downloads_theory-of-geometry-1.tex"	"includegraphics"	"problem2_map_1d.png"	"figures/Downloads_problem2_map_1d.png"
"Downloads_theory-of-geometry-1.tex"	"includegraphics"	"problem4_axes_union.png"	"figures/Downloads_problem4_axes_union.png"
"Downloads_theory-of-geometry-1.tex"	"includegraphics"	"problem4_cone_a_eq_0.png"	"figures/Downloads_problem4_cone_a_eq_0.png"
"Downloads_theory-of-geometry-1.tex"	"includegraphics"	"problem4_hyperboloid_a_gt_0.png"	"figures/Downloads_problem4_hyperboloid_a_gt_0.png"
"Downloads_theory-of-geometry-1.tex"	"includegraphics"	"problem4_sublevel_cross_section.png"	"figures/Downloads_problem4_sublevel_cross_section.png"
"Downloads_theory-of-geometry-1.tex"	"includegraphics"	"problem6_embedding_circle.png"	"figures/Downloads_problem6_embedding_circle.png"
"Downloads_theory-of-geometry-1.tex"	"includegraphics"	"problem6_immersion_figure_eight.png"	"figures/Downloads_problem6_immersion_figure_eight.png"
"Downloads_theory-of-geometry-1.tex"	"includegraphics"	"problem6_immersion_R_wraps_circle.png"	"figures/Downloads_problem6_immersion_R_wraps_circle.png"
"Downloads_theory-of-geometry-1.tex"	"includegraphics"	"problem7_compact_to_R_no_submersion.png"	"figures/Downloads_problem7_compact_to_R_no_submersion.png"
"Downloads_theory-of-geometry-1.tex"	"includegraphics"	"problem7_open_map_projection.png"	"figures/Downloads_problem7_open_map_projection.png"
"Downloads_theory-of-geometry-1.tex"	"includegraphics"	"problem7_submersion_level_sets.png"	"figures/Downloads_problem7_submersion_level_sets.png"
"Downloads_theory-of-geometry-1.tex"	"includegraphics"	"problem8_circle_tangent_kernel.png"	"figures/Downloads_problem8_circle_tangent_kernel.png"
"Downloads_theory-of-geometry-1.tex"	"includegraphics"	"problem8_projection_levelset_kernel.png"	"figures/Downloads_problem8_projection_levelset_kernel.png"
"Downloads_theory-of-geometry-1.tex"	"includegraphics"	"problem8_R3_to_R2_projection_fiber_kernel.png"	"figures/Downloads_problem8_R3_to_R2_projection_fiber_kernel.png"
"Downloads_theory-of-geometry-1.tex"	"includegraphics"	"problem8_sphere_tangent_plane.png"	"figures/Downloads_problem8_sphere_tangent_plane.png"
"Downloads_theory-of-geometry-2.tex"	"includegraphics"	".figs/cylinder_helix_frenet.png"	"figures/Downloads_.figs_cylinder_helix_frenet.png"
"Downloads_theory-of-geometry-2.tex"	"includegraphics"	".figs/cylinder_helix_kappa_tau.png"	"figures/Downloads_.figs_cylinder_helix_kappa_tau.png"
"Downloads_theory-of-geometry-2.tex"	"includegraphics"	".figs/hyperbolic_paraboloid_curve_frenet.png"	"figures/Downloads_.figs_hyperbolic_paraboloid_curve_frenet.png"
"Downloads_theory-of-geometry-2.tex"	"includegraphics"	".figs/hyperbolic_paraboloid_kappa_tau.png"	"figures/Downloads_.figs_hyperbolic_paraboloid_kappa_tau.png"
"Downloads_theory-of-geometry-2.tex"	"includegraphics"	".figs/sphere_parallel_frenet.png"	"figures/Downloads_.figs_sphere_parallel_frenet.png"
"Downloads_theory-of-geometry-2.tex"	"includegraphics"	".figs/sphere_torsion_comparison.png"	"figures/Downloads_.figs_sphere_torsion_comparison.png"
"Downloads_theory-of-geometry-2.tex"	"includegraphics"	".figs/sphere_two_curves.png"	"figures/Downloads_.figs_sphere_two_curves.png"
"Downloads_theory-of-geometry-2.tex"	"includegraphics"	".figs/torus_knot_darboux.png"	"figures/Downloads_.figs_torus_knot_darboux.png"
"Downloads_theory-of-geometry-2.tex"	"includegraphics"	".figs/torus_knot_frame.png"	"figures/Downloads_.figs_torus_knot_frame.png"
"Downloads_theory-of-geometry-2.tex"	"includegraphics"	".figs/torus_knot_kappa_tau.png"	"figures/Downloads_.figs_torus_knot_kappa_tau.png"
"Downloads_theory-of-geometry-2.tex"	"includegraphics"	".figs/torus_parallel_frenet.png"	"figures/Downloads_.figs_torus_parallel_frenet.png"
"Downloads_theory-of-geometry-2.tex"	"includegraphics"	"fig_torsion_circle3d.png"	"figures/Downloads_fig_torsion_circle3d.png"
"Downloads_theory-of-geometry-2.tex"	"includegraphics"	"fig_torsion_helix_k_tau.png"	"figures/Downloads_fig_torsion_helix_k_tau.png"
"Downloads_theory-of-geometry-2.tex"	"includegraphics"	"fig_torsion_helix3d.png"	"figures/Downloads_fig_torsion_helix3d.png"
"Downloads_theory-of-geometry-2.tex"	"includegraphics"	"fig_torsion_wavy_binormal_components.png"	"figures/Downloads_fig_torsion_wavy_binormal_components.png"
"Downloads_theory-of-geometry-2.tex"	"includegraphics"	"fig_torsion_wavy_k_tau.png"	"figures/Downloads_fig_torsion_wavy_k_tau.png"
"Downloads_theory-of-geometry-2.tex"	"includegraphics"	"problem7_kn_vs_theta.png"	"figures/Downloads_problem7_kn_vs_theta.png"
"Downloads_theory-of-geometry-2.tex"	"includegraphics"	"problem7_kn_vs_theta.png"	"figures/Downloads_problem7_kn_vs_theta.png"
"Downloads_theory-of-geometry-2.tex"	"includegraphics"	"problem7_kn_vs_theta.png"	"figures/Downloads_problem7_kn_vs_theta.png"
"Downloads_theory-of-geometry-2.tex"	"includegraphics"	"problem8_generating_curve_torus.png"	"figures/Downloads_problem8_generating_curve_torus.png"
"Downloads_theory-of-geometry-2.tex"	"includegraphics"	"problem8_H_vs_v_torus.png"	"figures/Downloads_problem8_H_vs_v_torus.png"
"Downloads_theory-of-geometry-2.tex"	"includegraphics"	"problem8_K_vs_v_torus.png"	"figures/Downloads_problem8_K_vs_v_torus.png"
"Downloads_theory-of-geometry-2.tex"	"includegraphics"	"problem8_torus_wireframe.png"	"figures/Downloads_problem8_torus_wireframe.png"
"Downloads_theory-of-geometry-2.tex"	"includegraphics"	"problem8_torus_wireframe.png"	"figures/Downloads_problem8_torus_wireframe.png"
"Downloads_theory-of-geometry-3.tex"	"includegraphics"	"counter_sphere.png"	"figures/Downloads_counter_sphere.png"
"Downloads_theory-of-geometry-3.tex"	"includegraphics"	"H_paraboloid_counterexample.png"	"figures/Downloads_H_paraboloid_counterexample.png"
"Downloads_theory-of-geometry-3.tex"	"includegraphics"	"H_scherk_minimal_graph.png"	"figures/Downloads_H_scherk_minimal_graph.png"
"Downloads_theory-of-geometry-3.tex"	"includegraphics"	"minimal_catenoid.png"	"figures/Downloads_minimal_catenoid.png"
"Downloads_theory-of-geometry-3.tex"	"includegraphics"	"minimal_enneper.png"	"figures/Downloads_minimal_enneper.png"
"Downloads_theory-of-geometry-3.tex"	"includegraphics"	"minimal_helicoid.png"	"figures/Downloads_minimal_helicoid.png"
"Downloads_theory-of-geometry-3.tex"	"includegraphics"	"minimal_plane.png"	"figures/Downloads_minimal_plane.png"
"Downloads_theory-of-geometry-4.tex"	"includegraphics"	"poincare_hopf_closed_orbit.png"	"figures/Downloads_poincare_hopf_closed_orbit.png"
"Downloads_theory-of-geometry-III.tex"	"includegraphics"	"exp_cone.png"	"figures/Downloads_exp_cone.png"
"Downloads_theory-of-geometry-III.tex"	"includegraphics"	"helicoid.png"	"figures/Downloads_helicoid.png"
"Downloads_theory-of-geometry-III.tex"	"includegraphics"	"metric_disc_area.png"	"figures/Downloads_metric_disc_area.png"
"Downloads_theory-of-geometry-III.tex"	"includegraphics"	"metric_disc_length.png"	"figures/Downloads_metric_disc_length.png"
"Downloads_theory-of-geometry-III.tex"	"includegraphics"	"metric_disc_length.png"	"figures/Downloads_metric_disc_length.png"
"Downloads_theory-of-geometry-III.tex"	"includegraphics"	"metric_square_g1_aniso.png"	"figures/Downloads_metric_square_g1_aniso.png"
"Downloads_theory-of-geometry-III.tex"	"includegraphics"	"metric_square_g2_aniso.png"	"figures/Downloads_metric_square_g2_aniso.png"
"Downloads_theory-of-geometry-III.tex"	"includegraphics"	"moving_frame_sphere_stereo.png"	"figures/Downloads_moving_frame_sphere_stereo.png"
"Downloads_theory-of-geometry-III.tex"	"includegraphics"	"moving_frame_sphere.png"	"figures/Downloads_moving_frame_sphere.png"
"Downloads_theory-of-geometry-IV.tex"	"includegraphics"	".figs/poincare_intersecting_reflections.png"	"figures/Downloads_.figs_poincare_intersecting_reflections.png"
"Downloads_theory-of-geometry-IV.tex"	"includegraphics"	".figs/poincare_reflection_in_line.png"	"figures/Downloads_.figs_poincare_reflection_in_line.png"
"Downloads_theory-of-geometry.tex"	"includegraphics"	"cone_surface.png"	"figures/Downloads_cone_surface.png"
"Downloads_theory-of-geometry.tex"	"includegraphics"	"e1.png"	"figures/Downloads_e1.png"
"Downloads_theory-of-geometry.tex"	"includegraphics"	"e3.png"	"figures/Downloads_e3.png"
"Downloads_theory-of-geometry.tex"	"includegraphics"	"klein_construction_steps.png"	"figures/Downloads_klein_construction_steps.png"
"Downloads_theory-of-geometry.tex"	"includegraphics"	"plane_two_origins.png"	"figures/Downloads_plane_two_origins.png"
"Downloads_theory-of-geometry.tex"	"includegraphics"	"sigma_times_Rdelta.png"	"figures/Downloads_sigma_times_Rdelta.png"
"Downloads_vector_bundle_diagrams_snippet_1_.tex"	"includegraphics"	"classification_of_vector_bundles_over_spheres.png"	"figures/Downloads_classification_of_vector_bundles_over_spheres.png"
"Downloads_vector_bundle_diagrams_snippet_1_.tex"	"includegraphics"	"key_diagrams_of_vector_bundles_over_spheres.png"	"figures/Downloads_key_diagrams_of_vector_bundles_over_spheres.png"
"Downloads_vector_bundle_diagrams_snippet.tex"	"includegraphics"	"classification_of_vector_bundles_over_spheres.png"	"figures/Downloads_classification_of_vector_bundles_over_spheres.png"
"Downloads_vector_bundle_diagrams_snippet.tex"	"includegraphics"	"key_diagrams_of_vector_bundles_over_spheres.png"	"figures/Downloads_key_diagrams_of_vector_bundles_over_spheres.png"
"Downloads_vector_bundle_diagrams_standalone.tex"	"includegraphics"	"classification_of_vector_bundles_over_spheres.png"	"figures/Downloads_classification_of_vector_bundles_over_spheres.png"
"Downloads_vector_bundle_diagrams_standalone.tex"	"includegraphics"	"key_diagrams_of_vector_bundles_over_spheres.png"	"figures/Downloads_key_diagrams_of_vector_bundles_over_spheres.png"
"MATH_ALLS-3_marie_curie_school_latex_package_marie_curie_school_simple.tex"	"includegraphics"	"marie_curie_school_portrait_simple.png"	"figures/MATH_ALLS-3_marie_curie_school_latex_package_marie_curie_school_portrait_simple.png"
"MATH_ALLS-3_marie_curie_school_styled_package_marie_curie_school_styled.tex"	"includegraphics"	"marie_curie_stylized_crop.png"	"figures/MATH_ALLS-3_marie_curie_school_styled_package_marie_curie_stylized_crop.png"
"MATH-ALLS-2_Exercise_1_2_append.tex"	"includegraphics"	"kernel_heatmap.png"	"figures/MATH-ALLS-2_kernel_heatmap.png"
"MATH-ALLS-2_interpolation.tex"	"input"	"interpolation_all.tex"	"MATH-ALLS-2_interpolation_all.tex"
"MATH-ALLS-2_theory-of-analysis-FD.tex"	"includegraphics"	"chi_flat_function.png"	"figures/MATH-ALLS-2_chi_flat_function.png"
"MATH-ALLS-2_theory-of-analysis-FD.tex"	"includegraphics"	"conv_gauss_integrand.png"	"figures/MATH-ALLS-2_conv_gauss_integrand.png"
"MATH-ALLS-2_theory-of-analysis-FD.tex"	"includegraphics"	"conv_gauss_overlap.png"	"figures/MATH-ALLS-2_conv_gauss_overlap.png"
"MATH-ALLS-2_theory-of-analysis-FD.tex"	"includegraphics"	"conv_sin_integrand.png"	"figures/MATH-ALLS-2_conv_sin_integrand.png"
"MATH-ALLS-2_theory-of-analysis-FD.tex"	"includegraphics"	"conv_sin_overlap.png"	"figures/MATH-ALLS-2_conv_sin_overlap.png"
"MATH-ALLS-2_theory-of-analysis-FD.tex"	"includegraphics"	"convolution_overlap.png"	"figures/MATH-ALLS-2_convolution_overlap.png"
"MATH-ALLS-2_theory-of-analysis-FD.tex"	"includegraphics"	"convolution_smoothing.png"	"figures/MATH-ALLS-2_convolution_smoothing.png"
"MATH-ALLS-2_theory-of-analysis-FD.tex"	"includegraphics"	"delta_gaussian_approx.png"	"figures/MATH-ALLS-2_delta_gaussian_approx.png"
"MATH-ALLS-2_theory-of-analysis-FD.tex"	"includegraphics"	"delta_prime_gaussian.png"	"figures/MATH-ALLS-2_delta_prime_gaussian.png"
"MATH-ALLS-2_theory-of-analysis-FD.tex"	"includegraphics"	"eta_smooth_step.png"	"figures/MATH-ALLS-2_eta_smooth_step.png"
"MATH-ALLS-2_theory-of-analysis-FD.tex"	"includegraphics"	"example_delta_action.png"	"figures/MATH-ALLS-2_example_delta_action.png"
"MATH-ALLS-2_theory-of-analysis-FD.tex"	"includegraphics"	"example_delta_prime_action.png"	"figures/MATH-ALLS-2_example_delta_prime_action.png"
"MATH-ALLS-2_theory-of-analysis-FD.tex"	"includegraphics"	"example_heaviside.png"	"figures/MATH-ALLS-2_example_heaviside.png"
"MATH-ALLS-2_theory-of-analysis-FD.tex"	"includegraphics"	"example_pv_1_over_x_simple.png"	"figures/MATH-ALLS-2_example_pv_1_over_x_simple.png"
"MATH-ALLS-2_theory-of-analysis-FD.tex"	"includegraphics"	"example_PV_action.png"	"figures/MATH-ALLS-2_example_PV_action.png"
"MATH-ALLS-2_theory-of-analysis-FD.tex"	"includegraphics"	"example_regular_Tf.png"	"figures/MATH-ALLS-2_example_regular_Tf.png"
"MATH-ALLS-2_theory-of-analysis-FD.tex"	"includegraphics"	"example_Tf_times_phi.png"	"figures/MATH-ALLS-2_example_Tf_times_phi.png"
"MATH-ALLS-2_theory-of-analysis-FD.tex"	"includegraphics"	"F_mag_theta_pi_over_3"	"figures/MATH-ALLS-2_F_mag_theta_pi_over_3.png"
"MATH-ALLS-2_theory-of-analysis-FD.tex"	"includegraphics"	"F_mapping_z_to_w_theta_pi_over_2"	"figures/MATH-ALLS-2_F_mapping_z_to_w_theta_pi_over_2.png"
"MATH-ALLS-2_theory-of-analysis-FD.tex"	"includegraphics"	"F_mapping_z_to_w_theta_pi_over_4"	"figures/MATH-ALLS-2_F_mapping_z_to_w_theta_pi_over_4.png"
"MATH-ALLS-2_theory-of-analysis-FD.tex"	"includegraphics"	"F_mapping_z_to_w_theta_pi_over_8"	"figures/MATH-ALLS-2_F_mapping_z_to_w_theta_pi_over_8.png"
"MATH-ALLS-2_theory-of-analysis-FD.tex"	"includegraphics"	"F_mapping_z_to_w.png"	"figures/MATH-ALLS-2_F_mapping_z_to_w.png"
"MATH-ALLS-2_theory-of-analysis-FD.tex"	"includegraphics"	"F_real_theta_pi_over_3.png"	"figures/MATH-ALLS-2_F_real_theta_pi_over_3.png"
"MATH-ALLS-2_theory-of-analysis-FD.tex"	"includegraphics"	"gaussian_F_heatmap.png"	"figures/MATH-ALLS-2_gaussian_F_heatmap.png"
"MATH-ALLS-2_theory-of-analysis-FD.tex"	"includegraphics"	"gaussian_u.png"	"figures/MATH-ALLS-2_gaussian_u.png"
"MATH-ALLS-2_theory-of-analysis-FD.tex"	"includegraphics"	"Green_Damped_c1.png"	"figures/MATH-ALLS-2_Green_Damped_c1.png"
"MATH-ALLS-2_theory-of-analysis-FD.tex"	"includegraphics"	"Green_Dirichlet_01.png"	"figures/MATH-ALLS-2_Green_Dirichlet_01.png"
"MATH-ALLS-2_theory-of-analysis-FD.tex"	"includegraphics"	"Green_Helmholtz_k2.png"	"figures/MATH-ALLS-2_Green_Helmholtz_k2.png"
"MATH-ALLS-2_theory-of-analysis-FD.tex"	"includegraphics"	"Green_minus_d2_plus_1.png"	"figures/MATH-ALLS-2_Green_minus_d2_plus_1.png"
"MATH-ALLS-2_theory-of-analysis-FD.tex"	"includegraphics"	"Green_minus_d2.png"	"figures/MATH-ALLS-2_Green_minus_d2.png"
"MATH-ALLS-2_theory-of-analysis-FD.tex"	"includegraphics"	"Green_Neumann_01.png"	"figures/MATH-ALLS-2_Green_Neumann_01.png"
"MATH-ALLS-2_theory-of-analysis-FD.tex"	"includegraphics"	"Green_periodic_circle.png"	"figures/MATH-ALLS-2_Green_periodic_circle.png"
"MATH-ALLS-2_theory-of-analysis-FD.tex"	"includegraphics"	"Green2D_log_kernel.png"	"figures/MATH-ALLS-2_Green2D_log_kernel.png"
"MATH-ALLS-2_theory-of-analysis-FD.tex"	"includegraphics"	"local_mollification_example.png"	"figures/MATH-ALLS-2_local_mollification_example.png"
"MATH-ALLS-2_theory-of-analysis-FD.tex"	"includegraphics"	"phi_and_phi_x_minus_y.png"	"figures/MATH-ALLS-2_phi_and_phi_x_minus_y.png"
"MATH-ALLS-2_theory-of-analysis-FD.tex"	"includegraphics"	"phi_difference_quotients.png"	"figures/MATH-ALLS-2_phi_difference_quotients.png"
"MATH-ALLS-2_theory-of-analysis-FD.tex"	"includegraphics"	"phi_translations.png"	"figures/MATH-ALLS-2_phi_translations.png"
"MATH-ALLS-2_theory-of-analysis-FD.tex"	"includegraphics"	"psi_radial_bump.png"	"figures/MATH-ALLS-2_psi_radial_bump.png"
"MATH-ALLS-2_theory-of-analysis-FD.tex"	"includegraphics"	"pv_1_over_x.png"	"figures/MATH-ALLS-2_pv_1_over_x.png"
"MATH-ALLS-2_theory-of-analysis-FD.tex"	"includegraphics"	"regular_distribution_f.png"	"figures/MATH-ALLS-2_regular_distribution_f.png"
"MATH-ALLS-2_theory-of-analysis-FD.tex"	"includegraphics"	"simple_vs_gaussian.png"	"figures/MATH-ALLS-2_simple_vs_gaussian.png"
"MATH-ALLS-2_theory-of-analysis-FD.tex"	"includegraphics"	"trig_F_heatmap.png"	"figures/MATH-ALLS-2_trig_F_heatmap.png"
"MATH-ALLS-2_theory-of-analysis-FD.tex"	"includegraphics"	"trig_u.png"	"figures/MATH-ALLS-2_trig_u.png"
"MATH-ALLS-2_theory-of-analysis-FD2.tex"	"includegraphics"	"abs_and_sign_smooth.png"	"figures/MATH-ALLS-2_abs_and_sign_smooth.png"
"MATH-ALLS-2_theory-of-analysis-FD2.tex"	"includegraphics"	"bump_fourier_magnitude.png"	"figures/MATH-ALLS-2_bump_fourier_magnitude.png"
"MATH-ALLS-2_theory-of-analysis-FD2.tex"	"includegraphics"	"bump_fourier_magnitude.png"	"figures/MATH-ALLS-2_bump_fourier_magnitude.png"
"MATH-ALLS-2_theory-of-analysis-FD2.tex"	"includegraphics"	"bump_function.png"	"figures/MATH-ALLS-2_bump_function.png"
"MATH-ALLS-2_theory-of-analysis-FD2.tex"	"includegraphics"	"bump_function.png"	"figures/MATH-ALLS-2_bump_function.png"
"MATH-ALLS-2_theory-of-analysis-FD2.tex"	"includegraphics"	"convolution_example.png"	"figures/MATH-ALLS-2_convolution_example.png"
"MATH-ALLS-2_theory-of-analysis-FD2.tex"	"includegraphics"	"coulomb_vs_yukawa_linear.png"	"figures/MATH-ALLS-2_coulomb_vs_yukawa_linear.png"
"MATH-ALLS-2_theory-of-analysis-FD2.tex"	"includegraphics"	"coulomb_vs_yukawa_loglog.png"	"figures/MATH-ALLS-2_coulomb_vs_yukawa_loglog.png"
"MATH-ALLS-2_theory-of-analysis-FD2.tex"	"includegraphics"	"delta_gaussian_approxs.png"	"figures/MATH-ALLS-2_delta_gaussian_approxs.png"
"MATH-ALLS-2_theory-of-analysis-FD2.tex"	"includegraphics"	"dual_lattice_plot.png"	"figures/MATH-ALLS-2_dual_lattice_plot.png"
"MATH-ALLS-2_theory-of-analysis-FD2.tex"	"includegraphics"	"ex5_1_periodisation_1d.png"	"figures/MATH-ALLS-2_ex5_1_periodisation_1d.png"
"MATH-ALLS-2_theory-of-analysis-FD2.tex"	"includegraphics"	"ex5_1_supports_translates.png"	"figures/MATH-ALLS-2_ex5_1_supports_translates.png"
"MATH-ALLS-2_theory-of-analysis-FD2.tex"	"includegraphics"	"ex5_2_Qk_counts.png"	"figures/MATH-ALLS-2_ex5_2_Qk_counts.png"
"MATH-ALLS-2_theory-of-analysis-FD2.tex"	"includegraphics"	"ex5_2_Qk_Z2_shells.png"	"figures/MATH-ALLS-2_ex5_2_Qk_Z2_shells.png"
"MATH-ALLS-2_theory-of-analysis-FD2.tex"	"includegraphics"	"ex5_3_contributions.png"	"figures/MATH-ALLS-2_ex5_3_contributions.png"
"MATH-ALLS-2_theory-of-analysis-FD2.tex"	"includegraphics"	"ex5_3_weighted_comb.png"	"figures/MATH-ALLS-2_ex5_3_weighted_comb.png"
"MATH-ALLS-2_theory-of-analysis-FD2.tex"	"includegraphics"	"ex5_4_periodic_approx.png"	"figures/MATH-ALLS-2_ex5_4_periodic_approx.png"
"MATH-ALLS-2_theory-of-analysis-FD2.tex"	"includegraphics"	"ex5_5_fourier_gibbs_zoom.png"	"figures/MATH-ALLS-2_ex5_5_fourier_gibbs_zoom.png"
"MATH-ALLS-2_theory-of-analysis-FD2.tex"	"includegraphics"	"ex5_5_fourier_global.png"	"figures/MATH-ALLS-2_ex5_5_fourier_global.png"
"MATH-ALLS-2_theory-of-analysis-FD2.tex"	"includegraphics"	"ex5_6_square_gibbs_zoom.png"	"figures/MATH-ALLS-2_ex5_6_square_gibbs_zoom.png"
"MATH-ALLS-2_theory-of-analysis-FD2.tex"	"includegraphics"	"ex5_6_square_global.png"	"figures/MATH-ALLS-2_ex5_6_square_global.png"
"MATH-ALLS-2_theory-of-analysis-FD2.tex"	"includegraphics"	"exponential_wave_plot.png"	"figures/MATH-ALLS-2_exponential_wave_plot.png"
"MATH-ALLS-2_theory-of-analysis-FD2.tex"	"includegraphics"	"fourier_coeff_structure.png"	"figures/MATH-ALLS-2_fourier_coeff_structure.png"
"MATH-ALLS-2_theory-of-analysis-FD2.tex"	"includegraphics"	"fR_fourier_sin_profile.png"	"figures/MATH-ALLS-2_fR_fourier_sin_profile.png"
"MATH-ALLS-2_theory-of-analysis-FD2.tex"	"includegraphics"	"gaussian_freq_space.png"	"figures/MATH-ALLS-2_gaussian_freq_space.png"
"MATH-ALLS-2_theory-of-analysis-FD2.tex"	"includegraphics"	"gaussian_x_space.png"	"figures/MATH-ALLS-2_gaussian_x_space.png"
"MATH-ALLS-2_theory-of-analysis-FD2.tex"	"includegraphics"	"greens_function.png"	"figures/MATH-ALLS-2_greens_function.png"
"MATH-ALLS-2_theory-of-analysis-FD2.tex"	"includegraphics"	"heaviside_smooth.png"	"figures/MATH-ALLS-2_heaviside_smooth.png"
"MATH-ALLS-2_theory-of-analysis-FD2.tex"	"includegraphics"	"lattice_plot.png"	"figures/MATH-ALLS-2_lattice_plot.png"
"MATH-ALLS-2_theory-of-analysis-FD2.tex"	"includegraphics"	"pv_approx_1_over_x.png"	"figures/MATH-ALLS-2_pv_approx_1_over_x.png"
"MATH-ALLS-2_theory-of-analysis-FD2.tex"	"includegraphics"	"pv_compare_1_over_x.png"	"figures/MATH-ALLS-2_pv_compare_1_over_x.png"
"MATH-ALLS-2_theory-of-analysis-FD2.tex"	"includegraphics"	"pv_regularisations_full.png"	"figures/MATH-ALLS-2_pv_regularisations_full.png"
"MATH-ALLS-2_theory-of-analysis-FD2.tex"	"includegraphics"	"pv_regularisations_zoom.png"	"figures/MATH-ALLS-2_pv_regularisations_zoom.png"
"MATH-ALLS-2_theory-of-analysis-FD2.tex"	"includegraphics"	"schrodinger_kernel_t1.png"	"figures/MATH-ALLS-2_schrodinger_kernel_t1.png"
"MATH-ALLS-2_theory-of-analysis-FD2.tex"	"includegraphics"	"schrodinger_kernel_t2.png"	"figures/MATH-ALLS-2_schrodinger_kernel_t2.png"
"MATH-ALLS-2_theory-of-analysis-FD2.tex"	"includegraphics"	"schrodinger_kernel_t3.png"	"figures/MATH-ALLS-2_schrodinger_kernel_t3.png"
"MATH-ALLS-2_theory-of-analysis-FD2.tex"	"includegraphics"	"sign_function.png"	"figures/MATH-ALLS-2_sign_function.png"
"MATH-ALLS-2_theory-of-analysis-FD2.tex"	"includegraphics"	"translation_f_and_shift.png"	"figures/MATH-ALLS-2_translation_f_and_shift.png"
"MATH-ALLS-2_theory-of-analysis-FD2.tex"	"includegraphics"	"translation_F_magnitude.png"	"figures/MATH-ALLS-2_translation_F_magnitude.png"
"MATH-ALLS-2_theory-of-analysis-FD2.tex"	"includegraphics"	"translation_F_phase.png"	"figures/MATH-ALLS-2_translation_F_phase.png"
"MATH-ALLS-2_theory-of-analysis-FD2.tex"	"includegraphics"	"truncated_sign_fR.png"	"figures/MATH-ALLS-2_truncated_sign_fR.png"
"MATH-ALLS-2_theory-of-analysis-FD2.tex"	"includegraphics"	"yukawa_fourier.png"	"figures/MATH-ALLS-2_yukawa_fourier.png"
"MATH-ALLS-2_theory-of-analysis-FD2.tex"	"includegraphics"	"yukawa_function.png"	"figures/MATH-ALLS-2_yukawa_function.png"
"MATH-ALLS-2_theory-of-analysis-functions-II.tex"	"includegraphics"	"example1_f_block.png"	"figures/MATH-ALLS-2_example1_f_block.png"
"MATH-ALLS-2_theory-of-analysis-functions-II.tex"	"includegraphics"	"example1_u_solution.png"	"figures/MATH-ALLS-2_example1_u_solution.png"
"MATH-ALLS-2_theory-of-analysis-functions-II.tex"	"includegraphics"	"exampleA_box_fourier.png"	"figures/MATH-ALLS-2_exampleA_box_fourier.png"
"MATH-ALLS-2_theory-of-analysis-functions-II.tex"	"includegraphics"	"exampleA_box_function.png"	"figures/MATH-ALLS-2_exampleA_box_function.png"
"MATH-ALLS-2_theory-of-analysis-functions-II.tex"	"includegraphics"	"exampleB_bump_fourier.png"	"figures/MATH-ALLS-2_exampleB_bump_fourier.png"
"MATH-ALLS-2_theory-of-analysis-functions-II.tex"	"includegraphics"	"exampleB_bump_function.png"	"figures/MATH-ALLS-2_exampleB_bump_function.png"
"MATH-ALLS-2_theory-of-analysis-functions-II.tex"	"includegraphics"	"exampleC_disk_fourier_radial.png"	"figures/MATH-ALLS-2_exampleC_disk_fourier_radial.png"
"MATH-ALLS-2_theory-of-analysis-functions-II.tex"	"includegraphics"	"exampleC_disk_indicator.png"	"figures/MATH-ALLS-2_exampleC_disk_indicator.png"
"MATH-ALLS-2_theory-of-analysis-functions-II.tex"	"includegraphics"	"fourier_heaviside_components.png"	"figures/MATH-ALLS-2_fourier_heaviside_components.png"
"MATH-ALLS-2_theory-of-analysis-functions-II.tex"	"includegraphics"	"functions-charts.png"	"figures/MATH-ALLS-2_functions-charts.png"
"MATH-ALLS-2_theory-of-analysis-functions-II.tex"	"includegraphics"	"greens_heatmap.png"	"figures/MATH-ALLS-2_greens_heatmap.png"
"MATH-ALLS-2_theory-of-analysis-functions-II.tex"	"includegraphics"	"greens_slices.png"	"figures/MATH-ALLS-2_greens_slices.png"
"MATH-ALLS-2_theory-of-analysis-functions-II.tex"	"includegraphics"	"hs_bessel_smoothing.png"	"figures/MATH-ALLS-2_hs_bessel_smoothing.png"
"MATH-ALLS-2_theory-of-analysis-functions-II.tex"	"includegraphics"	"hs_examples_cum_bump.png"	"figures/MATH-ALLS-2_hs_examples_cum_bump.png"
"MATH-ALLS-2_theory-of-analysis-functions-II.tex"	"includegraphics"	"hs_examples_cum_gaussian.png"	"figures/MATH-ALLS-2_hs_examples_cum_gaussian.png"
"MATH-ALLS-2_theory-of-analysis-functions-II.tex"	"includegraphics"	"hs_examples_cum_indicator.png"	"figures/MATH-ALLS-2_hs_examples_cum_indicator.png"
"MATH-ALLS-2_theory-of-analysis-functions-II.tex"	"includegraphics"	"hs_examples_fourier_mag.png"	"figures/MATH-ALLS-2_hs_examples_fourier_mag.png"
"MATH-ALLS-2_theory-of-analysis-functions-II.tex"	"includegraphics"	"hs_examples_xspace.png"	"figures/MATH-ALLS-2_hs_examples_xspace.png"
"MATH-ALLS-2_theory-of-analysis-functions-II.tex"	"includegraphics"	"hs_frequency_weights.png"	"figures/MATH-ALLS-2_hs_frequency_weights.png"
"MATH-ALLS-2_theory-of-analysis-functions-II.tex"	"includegraphics"	"hs_gagliardo_kernel.png"	"figures/MATH-ALLS-2_hs_gagliardo_kernel.png"
"MATH-ALLS-2_theory-of-analysis-functions-II.tex"	"includegraphics"	"periodized_gaussian_compare.png"	"figures/MATH-ALLS-2_periodized_gaussian_compare.png"
"MATH-ALLS-2_theory-of-analysis-functions-II.tex"	"includegraphics"	"periodized_gaussian_errors.png"	"figures/MATH-ALLS-2_periodized_gaussian_errors.png"
"MATH-ALLS-2_theory-of-analysis-functions-II.tex"	"includegraphics"	"space-diagram.png"	"figures/MATH-ALLS-2_space-diagram.png"
"MATH-ALLS-2_theory-of-analysis-functions-II.tex"	"includegraphics"	"weak_poisson_f.png"	"figures/MATH-ALLS-2_weak_poisson_f.png"
"MATH-ALLS-2_theory-of-analysis-functions-II.tex"	"includegraphics"	"weak_poisson_u.png"	"figures/MATH-ALLS-2_weak_poisson_u.png"
"MATH-ALLS-2_theory-of-analysis-functions-II.tex"	"includegraphics"	"weak_poisson_uprime.png"	"figures/MATH-ALLS-2_weak_poisson_uprime.png"
"MATH-ALLS-2_theory-of-analysis-functions.tex"	"includegraphics"	"covering_vitali_5B.png"	"figures/MATH-ALLS-2_covering_vitali_5B.png"
"MATH-ALLS-2_theory-of-analysis-functions.tex"	"includegraphics"	"covering_wiener_3B.png"	"figures/MATH-ALLS-2_covering_wiener_3B.png"
"MATH-ALLS-2_theory-of-analysis-functions.tex"	"includegraphics"	"ex5_moving_intervals_alt_alpha.png"	"figures/MATH-ALLS-2_ex5_moving_intervals_alt_alpha.png"
"MATH-ALLS-2_theory-of-analysis-functions.tex"	"includegraphics"	"ex5_moving_intervals.png"	"figures/MATH-ALLS-2_ex5_moving_intervals.png"
"MATH-ALLS-2_theory-of-analysis-functions.tex"	"includegraphics"	"ex6_distribution_decay_p3.png"	"figures/MATH-ALLS-2_ex6_distribution_decay_p3.png"
"MATH-ALLS-2_theory-of-analysis-functions.tex"	"includegraphics"	"ex6_distribution_decay.png"	"figures/MATH-ALLS-2_ex6_distribution_decay.png"
"MATH-ALLS-2_theory-of-analysis-functions.tex"	"includegraphics"	"ex6_weak_vs_strong_lp_p3.png"	"figures/MATH-ALLS-2_ex6_weak_vs_strong_lp_p3.png"
"MATH-ALLS-2_theory-of-analysis-functions.tex"	"includegraphics"	"ex6_weak_vs_strong_lp.png"	"figures/MATH-ALLS-2_ex6_weak_vs_strong_lp.png"
"MATH-ALLS-2_theory-of-analysis-functions.tex"	"includegraphics"	"exA_f_and_g0.png"	"figures/MATH-ALLS-2_exA_f_and_g0.png"
"MATH-ALLS-2_theory-of-analysis-functions.tex"	"includegraphics"	"exB_f_h_G.png"	"figures/MATH-ALLS-2_exB_f_h_G.png"
"MATH-ALLS-2_theory-of-analysis-functions.tex"	"includegraphics"	"exB_minkowski_bars.png"	"figures/MATH-ALLS-2_exB_minkowski_bars.png"
"MATH-ALLS-2_theory-of-analysis-functions.tex"	"includegraphics"	"figure_lsc_epigraph.png"	"figures/MATH-ALLS-2_figure_lsc_epigraph.png"
"MATH-ALLS-2_theory-of-analysis-functions.tex"	"includegraphics"	"figure_lsc_strict_inequality.png"	"figures/MATH-ALLS-2_figure_lsc_strict_inequality.png"
"MATH-ALLS-2_theory-of-analysis-functions.tex"	"includegraphics"	"figureA_dyadic_partition.png"	"figures/MATH-ALLS-2_figureA_dyadic_partition.png"
"MATH-ALLS-2_theory-of-analysis-functions.tex"	"includegraphics"	"figureB_step_function.png"	"figures/MATH-ALLS-2_figureB_step_function.png"
"MATH-ALLS-2_theory-of-analysis-functions.tex"	"includegraphics"	"figureC_normalized_indicators.png"	"figures/MATH-ALLS-2_figureC_normalized_indicators.png"
"MATH-ALLS-2_theory-of-analysis-functions.tex"	"includegraphics"	"lp_boundary_alpha_vs_p.png"	"figures/MATH-ALLS-2_lp_boundary_alpha_vs_p.png"
"MATH-ALLS-2_theory-of-analysis-functions.tex"	"includegraphics"	"lp_decay.png"	"figures/MATH-ALLS-2_lp_decay.png"
"MATH-ALLS-2_theory-of-analysis-functions.tex"	"includegraphics"	"lp_integrability_decay.png"	"figures/MATH-ALLS-2_lp_integrability_decay.png"
"MATH-ALLS-2_theory-of-analysis-functions.tex"	"includegraphics"	"lp_log_borderline_norm_vs_gamma_p2.png"	"figures/MATH-ALLS-2_lp_log_borderline_norm_vs_gamma_p2.png"
"MATH-ALLS-2_theory-of-analysis-functions.tex"	"includegraphics"	"lp_norm_vs_p_decay_alpha15.png"	"figures/MATH-ALLS-2_lp_norm_vs_p_decay_alpha15.png"
"MATH-ALLS-2_theory-of-analysis-functions.tex"	"includegraphics"	"lp_singularities.png"	"figures/MATH-ALLS-2_lp_singularities.png"
"MATH-ALLS-2_theory-of-analysis-functions.tex"	"includegraphics"	"two_balls_B_and_3B.png"	"figures/MATH-ALLS-2_two_balls_B_and_3B.png"
"MATH-ALLS-2_theory-of-analysis-functions.tex"	"includegraphics"	"weakLp_decay_family.png"	"figures/MATH-ALLS-2_weakLp_decay_family.png"
"MATH-ALLS-2_theory-of-analysis-functions.tex"	"includegraphics"	"weakLp_functions.png"	"figures/MATH-ALLS-2_weakLp_functions.png"
"MATH-ALLS-2_theory-of-analysis-functions.tex"	"includegraphics"	"weakLp_integrand_tail.png"	"figures/MATH-ALLS-2_weakLp_integrand_tail.png"
"MATH-ALLS-2_theory-of-analysis-functions.tex"	"includegraphics"	"weakLp_integrands.png"	"figures/MATH-ALLS-2_weakLp_integrands.png"
"MATH-ALLS-2_theory-of-analysis-functions.tex"	"includegraphics"	"weakLp_tails.png"	"figures/MATH-ALLS-2_weakLp_tails.png"
"MATH-ALLS-2_theory-of-analysis-II.tex"	"includegraphics"	"clipn_sin2_plot.png"	"figures/MATH-ALLS-2_clipn_sin2_plot.png"
"MATH-ALLS-2_theory-of-analysis-II.tex"	"includegraphics"	"curve_C_xy_plane.png"	"figures/MATH-ALLS-2_curve_C_xy_plane.png"
"MATH-ALLS-2_theory-of-analysis-II.tex"	"includegraphics"	"dist_n2_global.png"	"figures/MATH-ALLS-2_dist_n2_global.png"
"MATH-ALLS-2_theory-of-analysis-II.tex"	"includegraphics"	"dist_n2_zoom.png"	"figures/MATH-ALLS-2_dist_n2_zoom.png"
"MATH-ALLS-2_theory-of-analysis-II.tex"	"includegraphics"	"F_mapping_xy_to_uv_side_by_side.png"	"figures/MATH-ALLS-2_F_mapping_xy_to_uv_side_by_side.png"
"MATH-ALLS-2_theory-of-analysis-II.tex"	"includegraphics"	"g_global.png"	"figures/MATH-ALLS-2_g_global.png"
"MATH-ALLS-2_theory-of-analysis-II.tex"	"includegraphics"	"g_zoom.png"	"figures/MATH-ALLS-2_g_zoom.png"
"MATH-ALLS-2_theory-of-analysis-II.tex"	"includegraphics"	"gprime_semilog.png"	"figures/MATH-ALLS-2_gprime_semilog.png"
"MATH-ALLS-2_theory-of-analysis-II.tex"	"includegraphics"	"gprime_zoom.png"	"figures/MATH-ALLS-2_gprime_zoom.png"
"MATH-ALLS-2_theory-of-analysis-II.tex"	"includegraphics"	"image_FC_uv_plane.png"	"figures/MATH-ALLS-2_image_FC_uv_plane.png"
"MATH-ALLS-2_theory-of-analysis-II.tex"	"includegraphics"	"phi_periodic_plot.png"	"figures/MATH-ALLS-2_phi_periodic_plot.png"
"MATH-ALLS-2_theory-of-analysis-II.tex"	"includegraphics"	"problem14_subharmonic_heatmap.png"	"figures/MATH-ALLS-2_problem14_subharmonic_heatmap.png"
"MATH-ALLS-2_theory-of-analysis-II.tex"	"includegraphics"	"problem14_subharmonic_heatmap.png"	"figures/MATH-ALLS-2_problem14_subharmonic_heatmap.png"
"MATH-ALLS-2_theory-of-analysis-II.tex"	"includegraphics"	"sinx2_global.png"	"figures/MATH-ALLS-2_sinx2_global.png"
"MATH-ALLS-2_theory-of-analysis-II.tex"	"includegraphics"	"sinx2_zoom.png"	"figures/MATH-ALLS-2_sinx2_zoom.png"
"MATH-ALLS-2_theory-of-analysis-II.tex"	"includegraphics"	"sinx3_over_xp1_global.png"	"figures/MATH-ALLS-2_sinx3_over_xp1_global.png"
"MATH-ALLS-2_theory-of-analysis-II.tex"	"includegraphics"	"sinx3_over_xp1_tail.png"	"figures/MATH-ALLS-2_sinx3_over_xp1_tail.png"
"MATH-ALLS-2_theory-of-analysis-II.tex"	"includegraphics"	"weierstrass_partial_sums.png"	"figures/MATH-ALLS-2_weierstrass_partial_sums.png"
"MATH-ALLS-2_theory-of-analysis-II.tex"	"includegraphics"	"weierstrass_zoom.png"	"figures/MATH-ALLS-2_weierstrass_zoom.png"
"MATH-ALLS-2_theory-of-analysis-topics.tex"	"includegraphics"	"hat_fan_n10.png"	"figures/MATH-ALLS-2_hat_fan_n10.png"
"MATH-ALLS-2_theory-of-analysis-topics.tex"	"includegraphics"	"hat_fan_n5.png"	"figures/MATH-ALLS-2_hat_fan_n5.png"
"MATH-ALLS-2_theory-of-analysis-topics.tex"	"includegraphics"	"hat_single_n8_r3.png"	"figures/MATH-ALLS-2_hat_single_n8_r3.png"
"MATH-ALLS-2_theory-of-analysis-topology.tex"	"includegraphics"	"folium_curve_IFT.png"	"figures/MATH-ALLS-2_folium_curve_IFT.png"
"MATH-ALLS-2_theory-of-analysis-topology.tex"	"includegraphics"	"folium_curve_IFT.png"	"figures/MATH-ALLS-2_folium_curve_IFT.png"
"MATH-ALLS-2_theory-of-complex-analysis-gamma.tex"	"includegraphics"	"gamma_integrand_smap_horizontal.png"	"figures/MATH-ALLS-2_gamma_integrand_smap_horizontal.png"
"MATH-ALLS-2_theory-of-complex-analysis-gamma.tex"	"includegraphics"	"gamma_integrand_smap_vertical.png"	"figures/MATH-ALLS-2_gamma_integrand_smap_vertical.png"
"MATH-ALLS-2_theory-of-complex-analysis-gamma.tex"	"includegraphics"	"gamma_integrand_z_heatmap.png"	"figures/MATH-ALLS-2_gamma_integrand_z_heatmap.png"
"MATH-ALLS-2_theory-of-complex-analysis-gamma.tex"	"includegraphics"	"gamma_integrand_zmap_circles.png"	"figures/MATH-ALLS-2_gamma_integrand_zmap_circles.png"
"MATH-ALLS-2_theory-of-complex-analysis-gamma.tex"	"includegraphics"	"gamma_integrand_zmap_rays.png"	"figures/MATH-ALLS-2_gamma_integrand_zmap_rays.png"
"MATH-ALLS-2_theory-of-complex-analysis-maps.tex"	"includegraphics"	".figs/cayley_lines_w.png"	"figures/MATH-ALLS-2_.figs_cayley_lines_w.png"
"MATH-ALLS-2_theory-of-complex-analysis-maps.tex"	"includegraphics"	".figs/cayley_lines_z.png"	"figures/MATH-ALLS-2_.figs_cayley_lines_z.png"
"MATH-ALLS-2_theory-of-complex-analysis-maps.tex"	"includegraphics"	".figs/cayley_w_chords.png"	"figures/MATH-ALLS-2_.figs_cayley_w_chords.png"
"MATH-ALLS-2_theory-of-complex-analysis-maps.tex"	"includegraphics"	".figs/cayley_w_grid.png"	"figures/MATH-ALLS-2_.figs_cayley_w_grid.png"
"MATH-ALLS-2_theory-of-complex-analysis-maps.tex"	"includegraphics"	".figs/cayley_z_chords.png"	"figures/MATH-ALLS-2_.figs_cayley_z_chords.png"
"MATH-ALLS-2_theory-of-complex-analysis-maps.tex"	"includegraphics"	".figs/cayley_z_grid.png"	"figures/MATH-ALLS-2_.figs_cayley_z_grid.png"
"MATH-ALLS-2_theory-of-complex-analysis-maps.tex"	"includegraphics"	".figs/crossratio_line_w_plane.png"	"figures/MATH-ALLS-2_.figs_crossratio_line_w_plane.png"
"MATH-ALLS-2_theory-of-complex-analysis-maps.tex"	"includegraphics"	".figs/crossratio_line_z_plane.png"	"figures/MATH-ALLS-2_.figs_crossratio_line_z_plane.png"
"MATH-ALLS-2_theory-of-complex-analysis-maps.tex"	"includegraphics"	".figs/crossratio_w_plane.png"	"figures/MATH-ALLS-2_.figs_crossratio_w_plane.png"
"MATH-ALLS-2_theory-of-complex-analysis-maps.tex"	"includegraphics"	".figs/crossratio_z_plane.png"	"figures/MATH-ALLS-2_.figs_crossratio_z_plane.png"
"MATH-ALLS-2_theory-of-complex-analysis-maps.tex"	"includegraphics"	".figs/disk_auto_w.png"	"figures/MATH-ALLS-2_.figs_disk_auto_w.png"
"MATH-ALLS-2_theory-of-complex-analysis-maps.tex"	"includegraphics"	".figs/disk_auto_z.png"	"figures/MATH-ALLS-2_.figs_disk_auto_z.png"
"MATH-ALLS-2_theory-of-complex-analysis-maps.tex"	"includegraphics"	".figs/hp_auto_w_clean.png"	"figures/MATH-ALLS-2_.figs_hp_auto_w_clean.png"
"MATH-ALLS-2_theory-of-complex-analysis-maps.tex"	"includegraphics"	".figs/hp_auto_z_clean.png"	"figures/MATH-ALLS-2_.figs_hp_auto_z_clean.png"
"MATH-ALLS-2_theory-of-complex-analysis-maps.tex"	"includegraphics"	".figs/hp_h1h2_w.png"	"figures/MATH-ALLS-2_.figs_hp_h1h2_w.png"
"MATH-ALLS-2_theory-of-complex-analysis-maps.tex"	"includegraphics"	".figs/hp_h1h2_z.png"	"figures/MATH-ALLS-2_.figs_hp_h1h2_z.png"
"MATH-ALLS-2_theory-of-complex-analysis-maps.tex"	"includegraphics"	".figs/hp_to_hp_w_plane_fixed.png"	"figures/MATH-ALLS-2_.figs_hp_to_hp_w_plane_fixed.png"
"MATH-ALLS-2_theory-of-complex-analysis-maps.tex"	"includegraphics"	".figs/hp_to_hp_z_plane_fixed.png"	"figures/MATH-ALLS-2_.figs_hp_to_hp_z_plane_fixed.png"
"MATH-ALLS-2_theory-of-complex-analysis-maps.tex"	"includegraphics"	".figs/nontrivial_w.png"	"figures/MATH-ALLS-2_.figs_nontrivial_w.png"
"MATH-ALLS-2_theory-of-complex-analysis-maps.tex"	"includegraphics"	".figs/nontrivial_z.png"	"figures/MATH-ALLS-2_.figs_nontrivial_z.png"
"MATH-ALLS-2_theory-of-complex-analysis-maps.tex"	"includegraphics"	".figs/strip2hp_w_grid_clean.png"	"figures/MATH-ALLS-2_.figs_strip2hp_w_grid_clean.png"
"MATH-ALLS-2_theory-of-complex-analysis-maps.tex"	"includegraphics"	".figs/strip2hp_w_slanted.png"	"figures/MATH-ALLS-2_.figs_strip2hp_w_slanted.png"
"MATH-ALLS-2_theory-of-complex-analysis-maps.tex"	"includegraphics"	".figs/strip2hp_z_grid_clean.png"	"figures/MATH-ALLS-2_.figs_strip2hp_z_grid_clean.png"
"MATH-ALLS-2_theory-of-complex-analysis-maps.tex"	"includegraphics"	".figs/strip2hp_z_slanted.png"	"figures/MATH-ALLS-2_.figs_strip2hp_z_slanted.png"
"MATH-ALLS-2_theory-of-complex-analysis-next.tex"	"includegraphics"	"cos.png"	"figures/MATH-ALLS-2_cos.png"
"MATH-ALLS-2_theory-of-complex-analysis-next.tex"	"includegraphics"	"exp_minus_x2_real.png"	"figures/MATH-ALLS-2_exp_minus_x2_real.png"
"MATH-ALLS-2_theory-of-complex-analysis-next.tex"	"includegraphics"	"exp_minus_z2_imag.png"	"figures/MATH-ALLS-2_exp_minus_z2_imag.png"
"MATH-ALLS-2_theory-of-complex-analysis-next.tex"	"includegraphics"	"gb_multi_math.png"	"figures/MATH-ALLS-2_gb_multi_math.png"
"MATH-ALLS-2_theory-of-complex-analysis-next.tex"	"includegraphics"	"im_exp_minus_z2_plane.png"	"figures/MATH-ALLS-2_im_exp_minus_z2_plane.png"
"MATH-ALLS-2_theory-of-complex-analysis-next.tex"	"includegraphics"	"im_exp_minus_z2_plane.png"	"figures/MATH-ALLS-2_im_exp_minus_z2_plane.png"
"MATH-ALLS-2_theory-of-complex-analysis-next.tex"	"includegraphics"	"im_nodal_hyperbolas.png"	"figures/MATH-ALLS-2_im_nodal_hyperbolas.png"
"MATH-ALLS-2_theory-of-complex-analysis-next.tex"	"includegraphics"	"level_curves_argument.png"	"figures/MATH-ALLS-2_level_curves_argument.png"
"MATH-ALLS-2_theory-of-complex-analysis-next.tex"	"includegraphics"	"level_curves_modulus.png"	"figures/MATH-ALLS-2_level_curves_modulus.png"
"MATH-ALLS-2_theory-of-complex-analysis-next.tex"	"includegraphics"	"re_exp_minus_z2_plane.png"	"figures/MATH-ALLS-2_re_exp_minus_z2_plane.png"
"MATH-ALLS-2_theory-of-complex-analysis-next.tex"	"includegraphics"	"re_exp_minus_z2_plane.png"	"figures/MATH-ALLS-2_re_exp_minus_z2_plane.png"
"MATH-ALLS-2_theory-of-complex-analysis-next.tex"	"includegraphics"	"re_im_nodal_overlay.png"	"figures/MATH-ALLS-2_re_im_nodal_overlay.png"
"MATH-ALLS-2_theory-of-complex-analysis-next.tex"	"includegraphics"	"re_nodal_hyperbolas.png"	"figures/MATH-ALLS-2_re_nodal_hyperbolas.png"
"MATH-ALLS-2_theory-of-complex-analysis-next.tex"	"includegraphics"	"sinh.png"	"figures/MATH-ALLS-2_sinh.png"
"MATH-ALLS-2_theory-of-complex-analysis.tex"	"includegraphics"	"example_conjugation.png"	"figures/MATH-ALLS-2_example_conjugation.png"
"MATH-ALLS-2_theory-of-complex-analysis.tex"	"includegraphics"	"example_general_mixed.png"	"figures/MATH-ALLS-2_example_general_mixed.png"
"MATH-ALLS-2_theory-of-complex-analysis.tex"	"includegraphics"	"example_rotation_scaling.png"	"figures/MATH-ALLS-2_example_rotation_scaling.png"
"MATH-ALLS-2_theory-of-complex-analysis.tex"	"includegraphics"	"example_shear.png"	"figures/MATH-ALLS-2_example_shear.png"
"MATH-ALLS-2_theory-of-complex-analysis.tex"	"includegraphics"	"lens_domain.png"	"figures/MATH-ALLS-2_lens_domain.png"
"MATH-ALLS-2_theory-of-complex-analysis.tex"	"includegraphics"	"lens_to_sector.png"	"figures/MATH-ALLS-2_lens_to_sector.png"
"MATH-ALLS-2_theory-of-complex-analysis.tex"	"includegraphics"	"log_im_heatmap.png"	"figures/MATH-ALLS-2_log_im_heatmap.png"
"MATH-ALLS-2_theory-of-complex-analysis.tex"	"includegraphics"	"log_mapping_domain.png"	"figures/MATH-ALLS-2_log_mapping_domain.png"
"MATH-ALLS-2_theory-of-complex-analysis.tex"	"includegraphics"	"log_mapping_image.png"	"figures/MATH-ALLS-2_log_mapping_image.png"
"MATH-ALLS-2_theory-of-complex-analysis.tex"	"includegraphics"	"log_re_heatmap.png"	"figures/MATH-ALLS-2_log_re_heatmap.png"
"MATH-ALLS-2_theory-of-complex-analysis.tex"	"includegraphics"	"power_alpha_general.png"	"figures/MATH-ALLS-2_power_alpha_general.png"
"MATH-ALLS-2_theory-of-complex-analysis.tex"	"includegraphics"	"power_alpha_pure_imag_i.png"	"figures/MATH-ALLS-2_power_alpha_pure_imag_i.png"
"MATH-ALLS-2_theory-of-complex-analysis.tex"	"includegraphics"	"power_alpha_real_half.png"	"figures/MATH-ALLS-2_power_alpha_real_half.png"
"MATH-ALLS-2_theory-of-complex-analysis.tex"	"includegraphics"	"power_alpha_real2.png"	"figures/MATH-ALLS-2_power_alpha_real2.png"
"MATH-ALLS-2_theory-of-complex-analysis.tex"	"includegraphics"	"power_mapping_domain.png"	"figures/MATH-ALLS-2_power_mapping_domain.png"
"MATH-ALLS-2_theory-of-complex-analysis.tex"	"includegraphics"	"prob5_eiz_heatmap.png"	"figures/MATH-ALLS-2_prob5_eiz_heatmap.png"
"MATH-ALLS-2_theory-of-complex-analysis.tex"	"includegraphics"	"prob5_ineq_heatmap.png"	"figures/MATH-ALLS-2_prob5_ineq_heatmap.png"
"MATH-ALLS-2_theory-of-complex-analysis.tex"	"includegraphics"	"sector_domain.png"	"figures/MATH-ALLS-2_sector_domain.png"
"MATH-ALLS-2_theory-of-complex-analysis.tex"	"includegraphics"	"sector_to_disk.png"	"figures/MATH-ALLS-2_sector_to_disk.png"
"MATH-ALLS-2_theory-of-complex-analysis.tex"	"includegraphics"	"sector_to_halfplane.png"	"figures/MATH-ALLS-2_sector_to_halfplane.png"
"MATH-ALLS-2_theory-of-complex-analysis.tex"	"includegraphics"	"strip_domain.png"	"figures/MATH-ALLS-2_strip_domain.png"
"MATH-ALLS-2_theory-of-complex-analysis.tex"	"includegraphics"	"strip_to_quadrant.png"	"figures/MATH-ALLS-2_strip_to_quadrant.png"
"MATH-ALLS-2_theory-of-geometry-1.tex"	"includegraphics"	".figs/fig_saddle_x2_minus_y2_contours.png"	"figures/MATH-ALLS-2_.figs_fig_saddle_x2_minus_y2_contours.png"
"MATH-ALLS-2_theory-of-geometry-1.tex"	"includegraphics"	".figs/fig_saddle_x2_minus_y2_surface.png"	"figures/MATH-ALLS-2_.figs_fig_saddle_x2_minus_y2_surface.png"
"MATH-ALLS-2_theory-of-geometry-1.tex"	"includegraphics"	".figs/fig_saddle_x4_minus_y4_contours.png"	"figures/MATH-ALLS-2_.figs_fig_saddle_x4_minus_y4_contours.png"
"MATH-ALLS-2_theory-of-geometry-1.tex"	"includegraphics"	".figs/fig_saddle_x4_minus_y4_surface.png"	"figures/MATH-ALLS-2_.figs_fig_saddle_x4_minus_y4_surface.png"
"MATH-ALLS-2_theory-of-geometry-1.tex"	"includegraphics"	"det_R4_to_R_slice_contours_ad_fixed_bc.png"	"figures/MATH-ALLS-2_det_R4_to_R_slice_contours_ad_fixed_bc.png"
"MATH-ALLS-2_theory-of-geometry-1.tex"	"includegraphics"	"det_R4_to_R_slice_contours_bc_fixed_ad.png"	"figures/MATH-ALLS-2_det_R4_to_R_slice_contours_bc_fixed_ad.png"
"MATH-ALLS-2_theory-of-geometry-1.tex"	"includegraphics"	"det_R4_to_R_slice_surface_ad_fixed_bc.png"	"figures/MATH-ALLS-2_det_R4_to_R_slice_surface_ad_fixed_bc.png"
"MATH-ALLS-2_theory-of-geometry-1.tex"	"includegraphics"	"det_slice_gradfield_ad_fixed_bc.png"	"figures/MATH-ALLS-2_det_slice_gradfield_ad_fixed_bc.png"
"MATH-ALLS-2_theory-of-geometry-1.tex"	"includegraphics"	"det_slice_gradfield_bc_fixed_ad.png"	"figures/MATH-ALLS-2_det_slice_gradfield_bc_fixed_ad.png"
"MATH-ALLS-2_theory-of-geometry-1.tex"	"includegraphics"	"fig10_cusp_boundary_neighborhood.png"	"figures/MATH-ALLS-2_fig10_cusp_boundary_neighborhood.png"
"MATH-ALLS-2_theory-of-geometry-1.tex"	"includegraphics"	"fig10_flattened_boundary_halfspace.png"	"figures/MATH-ALLS-2_fig10_flattened_boundary_halfspace.png"
"MATH-ALLS-2_theory-of-geometry-1.tex"	"includegraphics"	"fig10_flattened_boundary_halfspace.png"	"figures/MATH-ALLS-2_fig10_flattened_boundary_halfspace.png"
"MATH-ALLS-2_theory-of-geometry-1.tex"	"includegraphics"	"fig10_halfplane_model.png"	"figures/MATH-ALLS-2_fig10_halfplane_model.png"
"MATH-ALLS-2_theory-of-geometry-1.tex"	"includegraphics"	"fig10_halfplane_model.png"	"figures/MATH-ALLS-2_fig10_halfplane_model.png"
"MATH-ALLS-2_theory-of-geometry-1.tex"	"includegraphics"	"fig10_smooth_boundary_graph_neighborhood.png"	"figures/MATH-ALLS-2_fig10_smooth_boundary_graph_neighborhood.png"
"MATH-ALLS-2_theory-of-geometry-1.tex"	"includegraphics"	"fig10_square_corner_neighborhood.png"	"figures/MATH-ALLS-2_fig10_square_corner_neighborhood.png"
"MATH-ALLS-2_theory-of-geometry-1.tex"	"includegraphics"	"fig10_square_corner_neighborhood.png"	"figures/MATH-ALLS-2_fig10_square_corner_neighborhood.png"
"MATH-ALLS-2_theory-of-geometry-1.tex"	"includegraphics"	"fig10_square_edge_neighborhood.png"	"figures/MATH-ALLS-2_fig10_square_edge_neighborhood.png"
"MATH-ALLS-2_theory-of-geometry-1.tex"	"includegraphics"	"fig10_square_edge_neighborhood.png"	"figures/MATH-ALLS-2_fig10_square_edge_neighborhood.png"
"MATH-ALLS-2_theory-of-geometry-1.tex"	"includegraphics"	"fig13_mod2_even_preimage_v2.png"	"figures/MATH-ALLS-2_fig13_mod2_even_preimage_v2.png"
"MATH-ALLS-2_theory-of-geometry-1.tex"	"includegraphics"	"fig13_mod2_odd_preimage_v2.png"	"figures/MATH-ALLS-2_fig13_mod2_odd_preimage_v2.png"
"MATH-ALLS-2_theory-of-geometry-1.tex"	"includegraphics"	"fig13_noncompact_target_v2.png"	"figures/MATH-ALLS-2_fig13_noncompact_target_v2.png"
"MATH-ALLS-2_theory-of-geometry-1.tex"	"includegraphics"	"fig13_well_definedness_v2.png"	"figures/MATH-ALLS-2_fig13_well_definedness_v2.png"
"MATH-ALLS-2_theory-of-geometry-1.tex"	"includegraphics"	"fig14_lambda_zoom.png"	"figures/MATH-ALLS-2_fig14_lambda_zoom.png"
"MATH-ALLS-2_theory-of-geometry-1.tex"	"includegraphics"	"fig14_phi_zoom.png"	"figures/MATH-ALLS-2_fig14_phi_zoom.png"
"MATH-ALLS-2_theory-of-geometry-1.tex"	"includegraphics"	"fig14_radial_bump_zoom.png"	"figures/MATH-ALLS-2_fig14_radial_bump_zoom.png"
"MATH-ALLS-2_theory-of-geometry-1.tex"	"includegraphics"	"fig14_sigma.png"	"figures/MATH-ALLS-2_fig14_sigma.png"
"MATH-ALLS-2_theory-of-geometry-1.tex"	"includegraphics"	"fig14_tau_zoom.png"	"figures/MATH-ALLS-2_fig14_tau_zoom.png"
"MATH-ALLS-2_theory-of-geometry-1.tex"	"includegraphics"	"morse_fig1_monkey_saddle_contours.png"	"figures/MATH-ALLS-2_morse_fig1_monkey_saddle_contours.png"
"MATH-ALLS-2_theory-of-geometry-1.tex"	"includegraphics"	"morse_fig1_monkey_saddle_contours.png"	"figures/MATH-ALLS-2_morse_fig1_monkey_saddle_contours.png"
"MATH-ALLS-2_theory-of-geometry-1.tex"	"includegraphics"	"morse_fig2_perturbed_contours.png"	"figures/MATH-ALLS-2_morse_fig2_perturbed_contours.png"
"MATH-ALLS-2_theory-of-geometry-1.tex"	"includegraphics"	"morse_fig2_perturbed_contours.png"	"figures/MATH-ALLS-2_morse_fig2_perturbed_contours.png"
"MATH-ALLS-2_theory-of-geometry-1.tex"	"includegraphics"	"morse_fig3_det_M2_slice_uv.png"	"figures/MATH-ALLS-2_morse_fig3_det_M2_slice_uv.png"
"MATH-ALLS-2_theory-of-geometry-1.tex"	"includegraphics"	"morse_fig3_det_M2_slice_uv.png"	"figures/MATH-ALLS-2_morse_fig3_det_M2_slice_uv.png"
"MATH-ALLS-2_theory-of-geometry-1.tex"	"includegraphics"	"problem2_disk_grid.png"	"figures/MATH-ALLS-2_problem2_disk_grid.png"
"MATH-ALLS-2_theory-of-geometry-1.tex"	"includegraphics"	"problem2_image_grid.png"	"figures/MATH-ALLS-2_problem2_image_grid.png"
"MATH-ALLS-2_theory-of-geometry-1.tex"	"includegraphics"	"problem2_map_1d.png"	"figures/MATH-ALLS-2_problem2_map_1d.png"
"MATH-ALLS-2_theory-of-geometry-1.tex"	"includegraphics"	"problem4_axes_union.png"	"figures/MATH-ALLS-2_problem4_axes_union.png"
"MATH-ALLS-2_theory-of-geometry-1.tex"	"includegraphics"	"problem4_cone_a_eq_0.png"	"figures/MATH-ALLS-2_problem4_cone_a_eq_0.png"
"MATH-ALLS-2_theory-of-geometry-1.tex"	"includegraphics"	"problem4_hyperboloid_a_gt_0.png"	"figures/MATH-ALLS-2_problem4_hyperboloid_a_gt_0.png"
"MATH-ALLS-2_theory-of-geometry-1.tex"	"includegraphics"	"problem4_sublevel_cross_section.png"	"figures/MATH-ALLS-2_problem4_sublevel_cross_section.png"
"MATH-ALLS-2_theory-of-geometry-1.tex"	"includegraphics"	"problem6_embedding_circle.png"	"figures/MATH-ALLS-2_problem6_embedding_circle.png"
"MATH-ALLS-2_theory-of-geometry-1.tex"	"includegraphics"	"problem6_immersion_figure_eight.png"	"figures/MATH-ALLS-2_problem6_immersion_figure_eight.png"
"MATH-ALLS-2_theory-of-geometry-1.tex"	"includegraphics"	"problem6_immersion_R_wraps_circle.png"	"figures/MATH-ALLS-2_problem6_immersion_R_wraps_circle.png"
"MATH-ALLS-2_theory-of-geometry-1.tex"	"includegraphics"	"problem7_compact_to_R_no_submersion.png"	"figures/MATH-ALLS-2_problem7_compact_to_R_no_submersion.png"
"MATH-ALLS-2_theory-of-geometry-1.tex"	"includegraphics"	"problem7_open_map_projection.png"	"figures/MATH-ALLS-2_problem7_open_map_projection.png"
"MATH-ALLS-2_theory-of-geometry-1.tex"	"includegraphics"	"problem7_submersion_level_sets.png"	"figures/MATH-ALLS-2_problem7_submersion_level_sets.png"
"MATH-ALLS-2_theory-of-geometry-1.tex"	"includegraphics"	"problem8_circle_tangent_kernel.png"	"figures/MATH-ALLS-2_problem8_circle_tangent_kernel.png"
"MATH-ALLS-2_theory-of-geometry-1.tex"	"includegraphics"	"problem8_projection_levelset_kernel.png"	"figures/MATH-ALLS-2_problem8_projection_levelset_kernel.png"
"MATH-ALLS-2_theory-of-geometry-1.tex"	"includegraphics"	"problem8_R3_to_R2_projection_fiber_kernel.png"	"figures/MATH-ALLS-2_problem8_R3_to_R2_projection_fiber_kernel.png"
"MATH-ALLS-2_theory-of-geometry-1.tex"	"includegraphics"	"problem8_sphere_tangent_plane.png"	"figures/MATH-ALLS-2_problem8_sphere_tangent_plane.png"
"MATH-ALLS-2_theory-of-geometry-2.tex"	"includegraphics"	".figs/cylinder_helix_frenet.png"	"figures/MATH-ALLS-2_.figs_cylinder_helix_frenet.png"
"MATH-ALLS-2_theory-of-geometry-2.tex"	"includegraphics"	".figs/cylinder_helix_kappa_tau.png"	"figures/MATH-ALLS-2_.figs_cylinder_helix_kappa_tau.png"
"MATH-ALLS-2_theory-of-geometry-2.tex"	"includegraphics"	".figs/hyperbolic_paraboloid_curve_frenet.png"	"figures/MATH-ALLS-2_.figs_hyperbolic_paraboloid_curve_frenet.png"
"MATH-ALLS-2_theory-of-geometry-2.tex"	"includegraphics"	".figs/hyperbolic_paraboloid_kappa_tau.png"	"figures/MATH-ALLS-2_.figs_hyperbolic_paraboloid_kappa_tau.png"
"MATH-ALLS-2_theory-of-geometry-2.tex"	"includegraphics"	".figs/sphere_parallel_frenet.png"	"figures/MATH-ALLS-2_.figs_sphere_parallel_frenet.png"
"MATH-ALLS-2_theory-of-geometry-2.tex"	"includegraphics"	".figs/sphere_torsion_comparison.png"	"figures/MATH-ALLS-2_.figs_sphere_torsion_comparison.png"
"MATH-ALLS-2_theory-of-geometry-2.tex"	"includegraphics"	".figs/sphere_two_curves.png"	"figures/MATH-ALLS-2_.figs_sphere_two_curves.png"
"MATH-ALLS-2_theory-of-geometry-2.tex"	"includegraphics"	".figs/torus_knot_darboux.png"	"figures/MATH-ALLS-2_.figs_torus_knot_darboux.png"
"MATH-ALLS-2_theory-of-geometry-2.tex"	"includegraphics"	".figs/torus_knot_frame.png"	"figures/MATH-ALLS-2_.figs_torus_knot_frame.png"
"MATH-ALLS-2_theory-of-geometry-2.tex"	"includegraphics"	".figs/torus_knot_kappa_tau.png"	"figures/MATH-ALLS-2_.figs_torus_knot_kappa_tau.png"
"MATH-ALLS-2_theory-of-geometry-2.tex"	"includegraphics"	".figs/torus_parallel_frenet.png"	"figures/MATH-ALLS-2_.figs_torus_parallel_frenet.png"
"MATH-ALLS-2_theory-of-geometry-2.tex"	"includegraphics"	"fig_torsion_circle3d.png"	"figures/MATH-ALLS-2_fig_torsion_circle3d.png"
"MATH-ALLS-2_theory-of-geometry-2.tex"	"includegraphics"	"fig_torsion_helix_k_tau.png"	"figures/MATH-ALLS-2_fig_torsion_helix_k_tau.png"
"MATH-ALLS-2_theory-of-geometry-2.tex"	"includegraphics"	"fig_torsion_helix3d.png"	"figures/MATH-ALLS-2_fig_torsion_helix3d.png"
"MATH-ALLS-2_theory-of-geometry-2.tex"	"includegraphics"	"fig_torsion_wavy_binormal_components.png"	"figures/MATH-ALLS-2_fig_torsion_wavy_binormal_components.png"
"MATH-ALLS-2_theory-of-geometry-2.tex"	"includegraphics"	"fig_torsion_wavy_k_tau.png"	"figures/MATH-ALLS-2_fig_torsion_wavy_k_tau.png"
"MATH-ALLS-2_theory-of-geometry-2.tex"	"includegraphics"	"problem7_kn_vs_theta.png"	"figures/MATH-ALLS-2_problem7_kn_vs_theta.png"
"MATH-ALLS-2_theory-of-geometry-2.tex"	"includegraphics"	"problem7_kn_vs_theta.png"	"figures/MATH-ALLS-2_problem7_kn_vs_theta.png"
"MATH-ALLS-2_theory-of-geometry-2.tex"	"includegraphics"	"problem7_kn_vs_theta.png"	"figures/MATH-ALLS-2_problem7_kn_vs_theta.png"
"MATH-ALLS-2_theory-of-geometry-2.tex"	"includegraphics"	"problem8_generating_curve_torus.png"	"figures/MATH-ALLS-2_problem8_generating_curve_torus.png"
"MATH-ALLS-2_theory-of-geometry-2.tex"	"includegraphics"	"problem8_H_vs_v_torus.png"	"figures/MATH-ALLS-2_problem8_H_vs_v_torus.png"
"MATH-ALLS-2_theory-of-geometry-2.tex"	"includegraphics"	"problem8_K_vs_v_torus.png"	"figures/MATH-ALLS-2_problem8_K_vs_v_torus.png"
"MATH-ALLS-2_theory-of-geometry-2.tex"	"includegraphics"	"problem8_torus_wireframe.png"	"figures/MATH-ALLS-2_problem8_torus_wireframe.png"
"MATH-ALLS-2_theory-of-geometry-2.tex"	"includegraphics"	"problem8_torus_wireframe.png"	"figures/MATH-ALLS-2_problem8_torus_wireframe.png"
"MATH-ALLS-2_theory-of-geometry-3.tex"	"includegraphics"	"counter_sphere.png"	"figures/MATH-ALLS-2_counter_sphere.png"
"MATH-ALLS-2_theory-of-geometry-3.tex"	"includegraphics"	"H_paraboloid_counterexample.png"	"figures/MATH-ALLS-2_H_paraboloid_counterexample.png"
"MATH-ALLS-2_theory-of-geometry-3.tex"	"includegraphics"	"H_scherk_minimal_graph.png"	"figures/MATH-ALLS-2_H_scherk_minimal_graph.png"
"MATH-ALLS-2_theory-of-geometry-3.tex"	"includegraphics"	"minimal_catenoid.png"	"figures/MATH-ALLS-2_minimal_catenoid.png"
"MATH-ALLS-2_theory-of-geometry-3.tex"	"includegraphics"	"minimal_enneper.png"	"figures/MATH-ALLS-2_minimal_enneper.png"
"MATH-ALLS-2_theory-of-geometry-3.tex"	"includegraphics"	"minimal_helicoid.png"	"figures/MATH-ALLS-2_minimal_helicoid.png"
"MATH-ALLS-2_theory-of-geometry-3.tex"	"includegraphics"	"minimal_plane.png"	"figures/MATH-ALLS-2_minimal_plane.png"
"MATH-ALLS-2_theory-of-geometry-4.tex"	"includegraphics"	"poincare_hopf_closed_orbit.png"	"figures/MATH-ALLS-2_poincare_hopf_closed_orbit.png"
"MATH-ALLS-2_theory-of-geometry-III.tex"	"includegraphics"	"exp_cone.png"	"figures/MATH-ALLS-2_exp_cone.png"
"MATH-ALLS-2_theory-of-geometry-III.tex"	"includegraphics"	"helicoid.png"	"figures/MATH-ALLS-2_helicoid.png"
"MATH-ALLS-2_theory-of-geometry-III.tex"	"includegraphics"	"metric_disc_area.png"	"figures/MATH-ALLS-2_metric_disc_area.png"
"MATH-ALLS-2_theory-of-geometry-III.tex"	"includegraphics"	"metric_disc_length.png"	"figures/MATH-ALLS-2_metric_disc_length.png"
"MATH-ALLS-2_theory-of-geometry-III.tex"	"includegraphics"	"metric_disc_length.png"	"figures/MATH-ALLS-2_metric_disc_length.png"
"MATH-ALLS-2_theory-of-geometry-III.tex"	"includegraphics"	"metric_square_g1_aniso.png"	"figures/MATH-ALLS-2_metric_square_g1_aniso.png"
"MATH-ALLS-2_theory-of-geometry-III.tex"	"includegraphics"	"metric_square_g2_aniso.png"	"figures/MATH-ALLS-2_metric_square_g2_aniso.png"
"MATH-ALLS-2_theory-of-geometry-III.tex"	"includegraphics"	"moving_frame_sphere_stereo.png"	"figures/MATH-ALLS-2_moving_frame_sphere_stereo.png"
"MATH-ALLS-2_theory-of-geometry-III.tex"	"includegraphics"	"moving_frame_sphere.png"	"figures/MATH-ALLS-2_moving_frame_sphere.png"
"MATH-ALLS-2_theory-of-geometry-IV.tex"	"includegraphics"	".figs/poincare_intersecting_reflections.png"	"figures/MATH-ALLS-2_.figs_poincare_intersecting_reflections.png"
"MATH-ALLS-2_theory-of-geometry-IV.tex"	"includegraphics"	".figs/poincare_reflection_in_line.png"	"figures/MATH-ALLS-2_.figs_poincare_reflection_in_line.png"
"MATH-ALLS-2_theory-of-geometry.tex"	"includegraphics"	"cone_surface.png"	"figures/MATH-ALLS-2_cone_surface.png"
"MATH-ALLS-2_theory-of-geometry.tex"	"includegraphics"	"e1.png"	"figures/MATH-ALLS-2_e1.png"
"MATH-ALLS-2_theory-of-geometry.tex"	"includegraphics"	"e3.png"	"figures/MATH-ALLS-2_e3.png"
"MATH-ALLS-2_theory-of-geometry.tex"	"includegraphics"	"klein_construction_steps.png"	"figures/MATH-ALLS-2_klein_construction_steps.png"
"MATH-ALLS-2_theory-of-geometry.tex"	"includegraphics"	"plane_two_origins.png"	"figures/MATH-ALLS-2_plane_two_origins.png"
"MATH-ALLS-2_theory-of-geometry.tex"	"includegraphics"	"sigma_times_Rdelta.png"	"figures/MATH-ALLS-2_sigma_times_Rdelta.png"
