volume	chapter_code	chapter_title	status	next_action	canonical_path	bytes	sha256
I	I/01	Scalars, Vectors and Linear Combinations	FROZEN	COMPLETE	books/vol01_linear_algebra/chapters/ch01_scalars_vectors_and_linear_combinations/chapter.tex	15509	7863c246113e52b9c218f1a5323c9b59e6382a4155f2cb8b20d85cc463fb9d4c
I	I/02	Subspaces, Span and Linear Independence	FROZEN	COMPLETE	books/vol01_linear_algebra/chapters/ch02_subspaces_span_and_linear_independence/chapter.tex	13328	c6c8a7c041529b3a3ce831a77c786b172c6682d31b62df9ad6a6c422551e28ca
I	I/03	Bases and Dimension	FROZEN	COMPLETE	books/vol01_linear_algebra/chapters/ch03_bases_and_dimension/chapter.tex	12881	71c679b9da747d4816dc7a6e3ca8c696ef3719600728d8e9a8533a336ec01935
I	I/04	Coordinates and Change of Basis	FROZEN	COMPLETE	books/vol01_linear_algebra/chapters/ch04_coordinates_and_change_of_basis/chapter.tex	13126	e8ec7501d99e91936faa2f313f036fbfcf4b27e8ef3b7e5f4302cd2cf9a419d6
I	I/05	Linear Transformations	FROZEN	COMPLETE	books/vol01_linear_algebra/chapters/ch05_linear_transformations/chapter.tex	12341	be25121b73b2a7b39496befd4715c22c9ebafaf1cbae33cc536ee12b800a46b4
I	I/06	Kernels, Images and Isomorphisms	FROZEN	COMPLETE	books/vol01_linear_algebra/chapters/ch06_kernels_images_and_isomorphisms/chapter.tex	12473	78bd31a9a3f5be2efa1781f7cbc67aee45b7478f86f1f57844d7d84ccfef9fdc
I	I/07	Matrix Representation of Linear Maps	FROZEN	COMPLETE	books/vol01_linear_algebra/chapters/ch07_matrix_representation_of_linear_maps/chapter.tex	12215	fdcbb390af45cb398d188309232a9a318754822a2d8af14037906d61983f1962
I	I/08	Determinants and Trace	FROZEN	COMPLETE	books/vol01_linear_algebra/chapters/ch08_determinants_and_trace/chapter.tex	12299	54909fa0e62cf8f07f1d18cf324f83514df8904811090fa32dccc68d13021e99
I	I/09	Eigenvalues and Eigenvectors	FROZEN	COMPLETE	books/vol01_linear_algebra/chapters/ch09_eigenvalues_and_eigenvectors/chapter.tex	12607	6dbac2dfe62b78ae71bf0389ca1a1ee3c9d1037fe4226a51d17c2611623a7de9
I	I/10	Invariant Subspaces and Triangularization	FROZEN	COMPLETE	books/vol01_linear_algebra/chapters/ch10_invariant_subspaces_and_triangularization/chapter.tex	12918	620b85d06434d3f91ce2bf9b8e32df4aa64bb4de9957be47fe55858aeff38496
I	I/11	Diagonalization and Minimal Polynomials	FROZEN	COMPLETE	books/vol01_linear_algebra/chapters/ch11_diagonalization_and_minimal_polynomials/chapter.tex	12998	f8a134ac1adf3db9ab230e1f4b962bf34017d0f0c9480ee9d60e546277d1c669
I	I/12	Canonical Forms	FROZEN	COMPLETE	books/vol01_linear_algebra/chapters/ch12_canonical_forms/chapter.tex	12419	4dfe44a70548cd089de6197dd81cd0141aa421ba65ffe4026b0ec70e04499ee9
I	I/13	Inner Products and Orthogonality	FROZEN	COMPLETE	books/vol01_linear_algebra/chapters/ch13_inner_products_and_orthogonality/chapter.tex	11770	295152161771b823227782ace142feb4dc976ee858173e5022df64880c1412ea
I	I/14	Gram–Schmidt and Orthogonal Projection	FROZEN	COMPLETE	books/vol01_linear_algebra/chapters/ch14_gram_schmidt_and_orthogonal_projection/chapter.tex	12209	4d8a7ab33add738d1e8825dbc2a7552ec14877ffc38bcfc3f06e768075539170
I	I/15	Orthogonal and Unitary Operators	FROZEN	COMPLETE	books/vol01_linear_algebra/chapters/ch15_orthogonal_and_unitary_operators/chapter.tex	11195	8f405c538b4b191f3ffe45bc803d99ae0febdbbb195b548cd9ed2bf4c0050c58
I	I/16	The Spectral Theorem	FROZEN	COMPLETE	books/vol01_linear_algebra/chapters/ch16_the_spectral_theorem/chapter.tex	12152	576514a020d8d8b79e32bce023af597efde65a542bc57f107b262a614e74ae3e
I	I/17	Quadratic Forms	FROZEN	COMPLETE	books/vol01_linear_algebra/chapters/ch17_quadratic_forms/chapter.tex	11869	4f8bbbd0a68ba2318840dd083f750e875fe6bc75d17a329fd77e8b2a4ed5b0f9
I	I/18	Singular-Value Decomposition	FROZEN	COMPLETE	books/vol01_linear_algebra/chapters/ch18_singular_value_decomposition/chapter.tex	12387	dec2742b2fec7051ae7b182096e3dff4e8ac0f700c4ef53061a7187e9969bd4c
II	II/01	The Real Number System and Completeness	FROZEN	COMPLETE	books/vol02_real_analysis/chapters/ch01_the_real_number_system_and_completeness/chapter.tex	9680	015583fd9ba9aca96c2f49da3d46697b9de9d4b5ab68600103e3dfe6e42a6e9a
II	II/02	Euclidean and Normed Spaces	FROZEN	COMPLETE	books/vol02_real_analysis/chapters/ch02_euclidean_and_normed_spaces/chapter.tex	8387	e5fc86b5ee86356b4c132483b7b2dfe7713c114ec1fab0a451d4b1782dc6b01c
II	II/03	Sequences and Cauchy Sequences	FROZEN	COMPLETE	books/vol02_real_analysis/chapters/ch03_sequences_and_cauchy_sequences/chapter.tex	8542	18d6c6d1d0966e9917c8e9a8c68baa8fe649fc61a30f4fdf25c0d01a5851daa0
II	II/04	Open and Closed Sets	FROZEN	COMPLETE	books/vol02_real_analysis/chapters/ch04_open_and_closed_sets/chapter.tex	8873	61ea009aa769aa0ff870184c3d66e4bb89a13657a610845f94787e985d260afe
II	II/05	Metric Spaces and Continuity	FROZEN	COMPLETE	books/vol02_real_analysis/chapters/ch05_metric_spaces_and_continuity/chapter.tex	8579	fce2cc9c623dcfbafc0d38dad5c8d3cd1fd76f32efc7d69b1c4d994efe7f93b1
II	II/06	Compactness	FROZEN	COMPLETE	books/vol02_real_analysis/chapters/ch06_compactness/chapter.tex	8969	c49add21efa95da29f405ec5f198840dece6a38d7382626d70f9afe50855004d
II	II/07	Connectedness and Path Connectedness	FROZEN	COMPLETE	books/vol02_real_analysis/chapters/ch07_connectedness_and_path_connectedness/chapter.tex	8874	dd037ce212196aa3777e29651fd34e2d5b5969d506b292db03f667ecf472cfa5
II	II/08	Differentiability in Several Variables	FROZEN	COMPLETE	books/vol02_real_analysis/chapters/ch08_differentiability_in_several_variables/chapter.tex	9786	a7a21f747f007e744d8600ed34ad5fe8c90b244078bf410a1345c4aec39b7efd
II	II/09	Inverse and Implicit Function Principles	FROZEN	COMPLETE	books/vol02_real_analysis/chapters/ch09_inverse_and_implicit_function_principles/chapter.tex	10541	9aa05f3bed8e2fbb78ce404f7bf4f10106a6ed92ba44b4f21989ef3d7ae8f27e
II	II/10	Riemann Integration	FROZEN	COMPLETE	books/vol02_real_analysis/chapters/ch10_riemann_integration/chapter.tex	9169	db6370fd5f086b91d6b04778f14c58ecb8e6bd93068f14084ad345f3607f8cfb
II	II/11	Pointwise and Uniform Convergence	FROZEN	COMPLETE	books/vol02_real_analysis/chapters/ch11_pointwise_and_uniform_convergence/chapter.tex	9027	7a7399fe8db2ef28759a188955988bcb59d59859ec54135838f97339f471e833
II	II/12	Interchanging Limits, Derivatives and Integrals	FROZEN	COMPLETE	books/vol02_real_analysis/chapters/ch12_interchanging_limits_derivatives_and_integrals/chapter.tex	9888	dce73202921dc48e900c59d82d137183391e0a00099d0a2aba066dc74ed35acd
II	II/13	Infinite Series of Functions	FROZEN	COMPLETE	books/vol02_real_analysis/chapters/ch13_infinite_series_of_functions/chapter.tex	8613	344d1f6577557d73b41136d0c4441cfa75410443b36562266c9af71cff350194
II	II/14	Trigonometric Series	FROZEN	COMPLETE	books/vol02_real_analysis/chapters/ch14_trigonometric_series/chapter.tex	8558	0d28a5f75d9dca0f2ec0e027ee8272e1aa6078c0ac68717387931d76c0858c31
II	II/15	Pathological and Nowhere-Differentiable Functions	FROZEN	COMPLETE	books/vol02_real_analysis/chapters/ch15_pathological_and_nowhere_differentiable_functions/chapter.tex	9446	da4cc2b47680c87362b6db4118ee82775cb53d3f99249cfcdf7c2941a3271553
II	II/16	Contraction Mappings	FROZEN	COMPLETE	books/vol02_real_analysis/chapters/ch16_contraction_mappings/chapter.tex	7978	e9a1eb2370b17496853365583b15b2b9878c31b094aeda348f20b18fdee4f5b5
II	II/17	Brouwer-Type Fixed-Point Ideas	FROZEN	COMPLETE	books/vol02_real_analysis/chapters/ch17_brouwer_type_fixed_point_ideas/chapter.tex	8409	cdabb980690989dfccfe58a44f9c44d72faca825a7827ea8a4504f40c3aa8cb9
II	II/18	Integral Equations	FROZEN	COMPLETE	books/vol02_real_analysis/chapters/ch18_integral_equations/chapter.tex	8511	9d3895c415db35620679198b8b03908a01318f38e059030b596c14caf7174bf2
II	II/19	Elementary Existence Theory for ODEs	FROZEN	COMPLETE	books/vol02_real_analysis/chapters/ch19_elementary_existence_theory_for_odes/chapter.tex	8409	afc217d13b5c8961d204520b46169972c1410df7418f6cd7f3d4d693755aa634
II	II/20	Polynomial Interpolation	FROZEN	COMPLETE	books/vol02_real_analysis/chapters/ch20_polynomial_interpolation/chapter.tex	8250	ab44f35f3a854638151b3c65ca5801754909aeda831461f14de3477fdfa11d65
II	II/21	Polynomial Approximation	FROZEN	COMPLETE	books/vol02_real_analysis/chapters/ch21_polynomial_approximation/chapter.tex	8392	3d0d135f304fd4521c635972e6e3ac830a939183ab632c4d312e469af6ec63e1
II	II/22	Chebyshev and Minimax Approximation	FROZEN	COMPLETE	books/vol02_real_analysis/chapters/ch22_chebyshev_and_minimax_approximation/chapter.tex	8111	d4cabf70935c3bd14ade69870512035463073b4dc69b056276b17ad3f2fc2f7a
II	II/23	The Alternation Principle	FROZEN	COMPLETE	books/vol02_real_analysis/chapters/ch23_the_alternation_principle/chapter.tex	8835	eee8a0d0700cdee2c11c8fac4980b4a6a924bf153480b2c045e18045154ef639
II	II/24	Numerical Quadrature	FROZEN	COMPLETE	books/vol02_real_analysis/chapters/ch24_numerical_quadrature/chapter.tex	8089	e5dcd990e45c0eead49fdea28446bdcf9013e2ddff327fe74195ab96c2ca581e
II	II/25	Continued Fractions and Approximation Topics	FROZEN	COMPLETE	books/vol02_real_analysis/chapters/ch25_continued_fractions_and_approximation_topics/chapter.tex	8871	3f97a9047d206c8b32abbf9959ebdc0a1eb6e10eb225878f93f8a286a85ce087
III	III/01	Sigma-Algebras and Measures	FROZEN	COMPLETE	books/vol03_fourier_distributions_pde/chapters/ch01_sigma_algebras_and_measures/chapter.tex	18133	d96f68d9f50941c38160224b1535d585d28efca3080e645a175f318bc231f9ea
III	III/02	Measurable Functions	FROZEN	COMPLETE	books/vol03_fourier_distributions_pde/chapters/ch02_measurable_functions/chapter.tex	17302	92e6a63d25ea1b82131d8ef1f463ff3c3a2675234b7d117ead71838ebfcb8f60
III	III/03	The Lebesgue Integral	FROZEN	COMPLETE	books/vol03_fourier_distributions_pde/chapters/ch03_the_lebesgue_integral/chapter.tex	16847	453265e4c10e0e86d4ac54945060bbbec7570260b7e09241cffd000dba6f0c0c
III	III/04	Convergence Theorems	FROZEN	COMPLETE	books/vol03_fourier_distributions_pde/chapters/ch04_convergence_theorems/chapter.tex	16995	8a7f8d92e7a55ca6b9e6d3495901daa18742d4765bc8de6b9767e0c2be530b13
III	III/05	Product Measures and Fubini Theory	FROZEN	COMPLETE	books/vol03_fourier_distributions_pde/chapters/ch05_product_measures_and_fubini_theory/chapter.tex	17452	ae72665258054d1d43422f057bee0a092cc47d3188e4978146a4def3eb0425f0
III	III/06	Lp Spaces	FROZEN	COMPLETE	books/vol03_fourier_distributions_pde/chapters/ch06_lp_spaces/chapter.tex	16791	ec69182a129eadad7d9a2ba79f56a3926aad321171b79515fb492e26b254458d
III	III/07	Hölder, Minkowski and Interpolation	FROZEN	COMPLETE	books/vol03_fourier_distributions_pde/chapters/ch07_h_lder_minkowski_and_interpolation/chapter.tex	16122	2ddc6209d2eeffef222079870478a25e728c74e0baba2c57c6fd0398de2e9f9c
III	III/08	Egorov, Vitali and Weak-Lp Ideas	FROZEN	COMPLETE	books/vol03_fourier_distributions_pde/chapters/ch08_egorov_vitali_and_weak_lp_ideas/chapter.tex	17436	0bad91e1ada674f9902c69f5d9a5d591c5dc4a89a55d3ace3abd32e30ce804a4
III	III/09	Fourier Series	FROZEN	COMPLETE	books/vol03_fourier_distributions_pde/chapters/ch09_fourier_series/chapter.tex	17231	02d0f22aad238a8b90f4fa82ed377f03e93978a232d2c9d0d63a9882da88eae1
III	III/10	Convolution and Approximate Identities	FROZEN	COMPLETE	books/vol03_fourier_distributions_pde/chapters/ch10_convolution_and_approximate_identities/chapter.tex	16614	4563186638bbb4739166530213b512eecebbc909d480588254a7cd97db633469
III	III/11	The Fourier Transform	FROZEN	COMPLETE	books/vol03_fourier_distributions_pde/chapters/ch11_the_fourier_transform/chapter.tex	17888	d8d463c6cdc13da5acedc119dcced6bb14172ce1a9ffd5436a3ccaaad2ddc657
III	III/12	The Gaussian and Transform Calculus	FROZEN	COMPLETE	books/vol03_fourier_distributions_pde/chapters/ch12_the_gaussian_and_transform_calculus/chapter.tex	16858	50267e3f8e18645eeeb70602d5eaa6d22c22b760d9e558d0cc8cbc4f8d934f4a
III	III/13	Plancherel and L2 Fourier Theory	FROZEN	COMPLETE	books/vol03_fourier_distributions_pde/chapters/ch13_plancherel_and_l2_fourier_theory/chapter.tex	16387	d69d782e227b7597acb6c9115247fc411f296ad9740bfe198ac04a0d7e16f013
III	III/14	The Schwartz Space	FROZEN	COMPLETE	books/vol03_fourier_distributions_pde/chapters/ch14_the_schwartz_space/chapter.tex	16522	27926f6abe969862bb921cd8c63e58dfe0e06cb545d2dd9230481ef1335b6cba
III	III/15	Test-Function Spaces	FROZEN	COMPLETE	books/vol03_fourier_distributions_pde/chapters/ch15_test_function_spaces/chapter.tex	17327	71da8129f76ea7a690af2cccd8ec09536dce9375d11ac52373b50a146a25817c
III	III/16	Distributions and Distributional Derivatives	FROZEN	COMPLETE	books/vol03_fourier_distributions_pde/chapters/ch16_distributions_and_distributional_derivatives/chapter.tex	17054	c2617686067c06a7c2df737e78e358ab2fe8c936122cb0b3b921d13262609928
III	III/17	Support and Singular Distributions	FROZEN	COMPLETE	books/vol03_fourier_distributions_pde/chapters/ch17_support_and_singular_distributions/chapter.tex	16940	b144d3dcbe14a088d6dd41655f3d83b91f69b950e579c7f498f3ed0bf9d07f89
III	III/18	Tempered Distributions	FROZEN	COMPLETE	books/vol03_fourier_distributions_pde/chapters/ch18_tempered_distributions/chapter.tex	16487	2f750ebceb546f74615fe0de3e7b70fe12840b6f4dc187429f29e3598fd86a63
III	III/19	Fourier Transform of Distributions	FROZEN	COMPLETE	books/vol03_fourier_distributions_pde/chapters/ch19_fourier_transform_of_distributions/chapter.tex	17221	eddbfdacc5a96f29c54c8c99f66be358f5b6d02dc74006baa8a26baf3fa29d18
III	III/20	Weak Derivatives	FROZEN	COMPLETE	books/vol03_fourier_distributions_pde/chapters/ch20_weak_derivatives/chapter.tex	17032	5c0e62755e190d82766fe27eacb4bba0e21eb387d4fa3808584fc9d346a165ba
III	III/21	Sobolev Spaces	FROZEN	COMPLETE	books/vol03_fourier_distributions_pde/chapters/ch21_sobolev_spaces/chapter.tex	16858	99a306fbb2d8239270767d589d6de2a45576d4ba6565186eca87e0d9ffb21bf4
III	III/22	Approximation and Density	FROZEN	COMPLETE	books/vol03_fourier_distributions_pde/chapters/ch22_approximation_and_density/chapter.tex	17322	88ad32049f42a384f27619b3e4e7f12a55b831455debe946580e26513c840d60
III	III/23	Weak Boundary-Value Problems	FROZEN	COMPLETE	books/vol03_fourier_distributions_pde/chapters/ch23_weak_boundary_value_problems/chapter.tex	17583	8bd5b8e1da89e24da81a0dce6c3a67fd4a95b0a62d75b13a5147a80030ce8e1b
III	III/24	Fundamental Solutions	FROZEN	COMPLETE	books/vol03_fourier_distributions_pde/chapters/ch24_fundamental_solutions/chapter.tex	17006	e0461f5afa4d17924d8feedeb144be663c09276d495f5fd2503ad159eb2443b8
III	III/25	Green Functions	FROZEN	COMPLETE	books/vol03_fourier_distributions_pde/chapters/ch25_green_functions/chapter.tex	17824	a45d118b62afac07a2d088da9d27e4b04d97baedcefadb3227716ae40c4b7737
III	III/26	Sturm–Liouville Green Kernels	FROZEN	COMPLETE	books/vol03_fourier_distributions_pde/chapters/ch26_sturm_liouville_green_kernels/chapter.tex	17450	c992640330aa16f01aabfbdd4bf37cf0edcf32926bfb6679dae5e028e0210889
III	III/27	Elliptic Operators and Maximum Principles	FROZEN	COMPLETE	books/vol03_fourier_distributions_pde/chapters/ch27_elliptic_operators_and_maximum_principles/chapter.tex	17226	0dd60b2008578beb1f51b09e2f1edc3f7294466987884a269bd4fdf69cfb21da
III	III/28	Spectral and Transform Methods for PDE	FROZEN	COMPLETE	books/vol03_fourier_distributions_pde/chapters/ch28_spectral_and_transform_methods_for_pde/chapter.tex	17462	a5cb02187b05a1566ed637e6dd6f14a4f3b4a5827af21f10183a312396c00a0f
IV	IV/01	Complex Differentiability	FROZEN	COMPLETE	books/vol04_complex_analysis/chapters/ch01_complex_differentiability/chapter.tex	16248	7f119de1ced1c254973d3f13caa3348db66962cb62fb633bd910b93f7e63e025
IV	IV/02	Cauchy–Riemann Equations	FROZEN	COMPLETE	books/vol04_complex_analysis/chapters/ch02_cauchy_riemann_equations/chapter.tex	15608	04c5c085456b50954a2dd1af1fdd952ebab5a7a2ed7b7464929d03c2a4ae8dbf
IV	IV/03	Power Series and Analytic Functions	FROZEN	COMPLETE	books/vol04_complex_analysis/chapters/ch03_power_series_and_analytic_functions/chapter.tex	15331	8550cf64ec6935154f7186dfee24a0064ae8120b26f2d3a724b419b1f689befc
IV	IV/04	Complex Integration	FROZEN	COMPLETE	books/vol04_complex_analysis/chapters/ch04_complex_integration/chapter.tex	15959	cde1214a8162720a63710e5928af6c6228f6c668afbd5c378acb2510bf89a6fc
IV	IV/05	Cauchy's Theorem	FROZEN	COMPLETE	books/vol04_complex_analysis/chapters/ch05_cauchy_s_theorem/chapter.tex	16175	5851b8ebde7e6979b5b6a4c75caa3fe17cc01c40d0ad3380ca3197ec9e611bcf
IV	IV/06	Cauchy's Integral Formula	FROZEN	COMPLETE	books/vol04_complex_analysis/chapters/ch06_cauchy_s_integral_formula/chapter.tex	15536	153d454e3aba06219f03c16689807e579f255d3444f67fec1c81130364a0d2bf
IV	IV/07	Zeros and the Identity Theorem	FROZEN	COMPLETE	books/vol04_complex_analysis/chapters/ch07_zeros_and_the_identity_theorem/chapter.tex	15658	fdbc7840b1d2884b01af813b31645632f53341ef07a409c275787df1581e7f36
IV	IV/08	Laurent Series	FROZEN	COMPLETE	books/vol04_complex_analysis/chapters/ch08_laurent_series/chapter.tex	15623	b4e8ee074bc558449a57fb2a2829f5ba23b818134111860618986e112784f9fc
IV	IV/09	Isolated Singularities	FROZEN	COMPLETE	books/vol04_complex_analysis/chapters/ch09_isolated_singularities/chapter.tex	15550	758e960ad5f60a6d036bf5caed5c442dc8d03c06719ef0326424dbe1bb547eaa
IV	IV/10	Residues and the Residue Theorem	FROZEN	COMPLETE	books/vol04_complex_analysis/chapters/ch10_residues_and_the_residue_theorem/chapter.tex	16379	da38698647b84240560bbc8396c6f8fbca0a151b664a61ac5aac5e68e0eb0ef5
IV	IV/11	Evaluation of Real Integrals	FROZEN	COMPLETE	books/vol04_complex_analysis/chapters/ch11_evaluation_of_real_integrals/chapter.tex	16592	c6fe13f6d18b62d276b1d48e0f29f5c8fbb7b745495f3ef40a9cbaca474c22c9
IV	IV/12	Winding Numbers and the Argument Principle	FROZEN	COMPLETE	books/vol04_complex_analysis/chapters/ch12_winding_numbers_and_the_argument_principle/chapter.tex	17480	1342ce0ca55bd59f8e215f111bdae679bb4fbc5a59dd39446bca52df612a6f52
IV	IV/13	Rouché's Theorem	FROZEN	COMPLETE	books/vol04_complex_analysis/chapters/ch13_rouch_s_theorem/chapter.tex	15453	4917fd27cef4a07d9eddc79227a5f940531e5fa5d98e935bbdd5f8aa7cace9ad
IV	IV/14	Branches of the Logarithm and Roots	FROZEN	COMPLETE	books/vol04_complex_analysis/chapters/ch14_branches_of_the_logarithm_and_roots/chapter.tex	15374	db528663ab18b48328ffbab7b1243c9a0fe13333319954b4c19f37add1b7f72d
IV	IV/15	Analytic Continuation	FROZEN	COMPLETE	books/vol04_complex_analysis/chapters/ch15_analytic_continuation/chapter.tex	15748	a2c1ad4d1850bdfcc4ee5c86f71f6c94da2d32662f2730e962f65f2888ba9cc1
IV	IV/16	Möbius Transformations	FROZEN	COMPLETE	books/vol04_complex_analysis/chapters/ch16_m_bius_transformations/chapter.tex	15960	85ce257fbe335093b356469cfa4fc2aadc67d3caf38b536f80a525a0606f3e1e
IV	IV/17	Conformal Mapping	FROZEN	COMPLETE	books/vol04_complex_analysis/chapters/ch17_conformal_mapping/chapter.tex	16703	237bce2ce79c4406536df9398819f081cf40418adabb073b40e7c6639d0dd077
IV	IV/18	Schwarz–Christoffel Transformations	FROZEN	COMPLETE	books/vol04_complex_analysis/chapters/ch18_schwarz_christoffel_transformations/chapter.tex	15400	9e6cf5f0f011ba6fa569e053af5a8143969a4a3da6dddab585d7d4dbc4999842
IV	IV/19	The Gamma Function	FROZEN	COMPLETE	books/vol04_complex_analysis/chapters/ch19_the_gamma_function/chapter.tex	15166	c361256732e76da3f6b910489d81ff12a754c1855947cc25c879ab09cc4cd175
IV	IV/20	Beta and Gamma Identities	FROZEN	COMPLETE	books/vol04_complex_analysis/chapters/ch20_beta_and_gamma_identities/chapter.tex	14936	c3b30f3cddc843b1100a09b5a383a76eda538bed2d7de9202b97967b9438401b
IV	IV/21	Keyhole Contours and Branch-Cut Integrals	FROZEN	COMPLETE	books/vol04_complex_analysis/chapters/ch21_keyhole_contours_and_branch_cut_integrals/chapter.tex	16180	7d7bd0e946d4593167a1e67326b1220de5790edd2db7c9c96211689b7a8cc59f
IV	IV/22	From Analytic Continuation to Riemann Surfaces	FROZEN	COMPLETE	books/vol04_complex_analysis/chapters/ch22_from_analytic_continuation_to_riemann_surfaces/chapter.tex	15727	97e1924ee3f4961b672c0323001009d4506bd2a07c370d354bd07e1cb7d5393b
IV	IV/23	Covering Maps and Monodromy	FROZEN	COMPLETE	books/vol04_complex_analysis/chapters/ch23_covering_maps_and_monodromy/chapter.tex	15462	6ab3d90c2dbccdc201a45f8016753efc5e3f335d216a00319fdd73e72a4007d4
IV	IV/24	Branched Coverings	FROZEN	COMPLETE	books/vol04_complex_analysis/chapters/ch24_branched_coverings/chapter.tex	15448	0c86d0c13e23f2a0c9dacb8a45f9f53cb4cc88046f179dc7c442e6c98b417b86
IV	IV/25	Construction by Gluing	FROZEN	COMPLETE	books/vol04_complex_analysis/chapters/ch25_construction_by_gluing/chapter.tex	15625	2d10e350f76c323218efec221b2d9d3039533193bedec19c16190a6fc1c57c88
IV	IV/26	Compactification and Genus	FROZEN	COMPLETE	books/vol04_complex_analysis/chapters/ch26_compactification_and_genus/chapter.tex	15845	3fd1fe7fa02c1c941abfdeb7aff1e6139965ca93b7e8e18899781b067f8da800
IV	IV/27	Lattices and Complex Tori	FROZEN	COMPLETE	books/vol04_complex_analysis/chapters/ch27_lattices_and_complex_tori/chapter.tex	16094	c1e8aff6caf5d5dce7516c289614fb3bb324868e0319abb977c3191d56f8daa8
IV	IV/28	Elliptic Functions	FROZEN	COMPLETE	books/vol04_complex_analysis/chapters/ch28_elliptic_functions/chapter.tex	15815	048764a0179e0f27d3bae19de504b04f6be575c3766363db6eb0594de9975f11
IV	IV/29	The Weierstrass ℘-Function	FROZEN	COMPLETE	books/vol04_complex_analysis/chapters/ch29_the_weierstrass_function/chapter.tex	16712	755a6d9762914841c49b49891721ca65ac6b775487d03085610274037fb87dab
IV	IV/30	Addition Formulas	FROZEN	COMPLETE	books/vol04_complex_analysis/chapters/ch30_addition_formulas/chapter.tex	15908	9937eecdea18830b7ce1a0a0406af65b1d5846821d9950b4db7e7907d54be12e
IV	IV/31	Elliptic Curves as Riemann Surfaces	FROZEN	COMPLETE	books/vol04_complex_analysis/chapters/ch31_elliptic_curves_as_riemann_surfaces/chapter.tex	16699	168c620c3cee9f0c78cd301a7f94a2f77b315ad75b666415a1c23dd5cbeb26bc
V	V/01	Rings, Ideals and Quotients	FROZEN	COMPLETE	books/vol05_commutative_algebra/chapters/ch01_rings_ideals_and_quotients/chapter.tex	16440	0d0f597737cd749ce94d6bc9e3d8c145e2f24f4308843d64dba5be0bdbf92166
V	V/02	Prime and Maximal Ideals	FROZEN	COMPLETE	books/vol05_commutative_algebra/chapters/ch02_prime_and_maximal_ideals/chapter.tex	15915	e9e11fe8b9ed828016f055bbe31cd070335b5d24472ad4eced906438ffe73af5
V	V/03	Radicals and Nilpotents	FROZEN	COMPLETE	books/vol05_commutative_algebra/chapters/ch03_radicals_and_nilpotents/chapter.tex	15193	30db920027a097abb890568872a7a6c92ca0f67fe4c00cb3eadede09bdc34b0e
V	V/04	Chinese Remainder Theory	FROZEN	COMPLETE	books/vol05_commutative_algebra/chapters/ch04_chinese_remainder_theory/chapter.tex	15352	b036963826a061afda99d159718d641b7fa249b1565d901e89fdcca3c9afa69c
V	V/05	Multiplicative Systems	FROZEN	COMPLETE	books/vol05_commutative_algebra/chapters/ch05_multiplicative_systems/chapter.tex	15923	e24c8df264f9986e98b84ef9f469f104e84ceac769ac026ed256dd529daaee47
V	V/06	Localization of Rings	FROZEN	COMPLETE	books/vol05_commutative_algebra/chapters/ch06_localization_of_rings/chapter.tex	16405	5f3b6cd5274433512d53a0a57d6857d350f3559a727133b200ea8f1f494bfcf6
V	V/07	Localization of Modules	FROZEN	COMPLETE	books/vol05_commutative_algebra/chapters/ch07_localization_of_modules/chapter.tex	15528	3ef2869dad0673778b44f933251150705952c3122d1e05956a80454b997653ba
V	V/08	Local Rings and Localization at Primes	FROZEN	COMPLETE	books/vol05_commutative_algebra/chapters/ch08_local_rings_and_localization_at_primes/chapter.tex	16541	f777421a0da7b7653114b3ce2f0af2431bbe1463261dc2fd3cebd159673e5b86
V	V/09	Modules and Exact Sequences	FROZEN	COMPLETE	books/vol05_commutative_algebra/chapters/ch09_modules_and_exact_sequences/chapter.tex	16260	dee6871e37d138dcce01c64c0535a7595bd35540764f6a9026b65257f62f6d3c
V	V/10	Tensor Products	FROZEN	COMPLETE	books/vol05_commutative_algebra/chapters/ch10_tensor_products/chapter.tex	16193	dd28422960029fcfed706aa29d7152dd88e670530b60c7c0fbcc18705cf38a7f
V	V/11	Quotients and Base Change	FROZEN	COMPLETE	books/vol05_commutative_algebra/chapters/ch11_quotients_and_base_change/chapter.tex	15503	723fa40b78b5ccfd5f31141f6873eb0d6d7865d471e560113b2daa59f74c2424
V	V/12	Hom and Finitely Presented Modules	FROZEN	COMPLETE	books/vol05_commutative_algebra/chapters/ch12_hom_and_finitely_presented_modules/chapter.tex	16676	4d221b3a6e43209aecc99a4cd4656f92e8865342f41a5743145ced1ba8a049a0
V	V/13	Free and Projective Modules	FROZEN	COMPLETE	books/vol05_commutative_algebra/chapters/ch13_free_and_projective_modules/chapter.tex	15709	6119e329fcd3367f7ab09678db46587f61308c9a1d6e939428062c6d40944979
V	V/14	Flat Modules	FROZEN	COMPLETE	books/vol05_commutative_algebra/chapters/ch14_flat_modules/chapter.tex	15433	419a88209ab401d3b880174995669e1dfc3c64129e662790741440a1975e1388
V	V/15	Noetherian Rings and Modules	FROZEN	COMPLETE	books/vol05_commutative_algebra/chapters/ch15_noetherian_rings_and_modules/chapter.tex	16194	1d3ce9e3720af8f82da0be4bcadd29815d529b22cbfe54078f280660746519ff
V	V/16	Support	FROZEN	COMPLETE	books/vol05_commutative_algebra/chapters/ch16_support/chapter.tex	16122	80885cf4aaf0e94d77280c61df9612d55eadc151cc9a37bf9b3b9af2a9b3e0d8
V	V/17	Associated Primes	FROZEN	COMPLETE	books/vol05_commutative_algebra/chapters/ch17_associated_primes/chapter.tex	16313	8eea44a9a366337a53410d5b68726d513cbb008e6f45ff33be80672732bd8553
V	V/18	Completion and I-Adic Topology	FROZEN	COMPLETE	books/vol05_commutative_algebra/chapters/ch18_completion_and_i_adic_topology/chapter.tex	15705	11276f4c7e402fc8f16bcc1f385a43d579067c3d00edc3e84d16d1de8ce4cdde
V	V/19	Integral Dependence	FROZEN	COMPLETE	books/vol05_commutative_algebra/chapters/ch19_integral_dependence/chapter.tex	16525	6785c78bf7d2e7596985cbf6be9039d526844fa1d77be0b8bca6d7adb7a59316
V	V/20	Integral Closure and Normalization	FROZEN	COMPLETE	books/vol05_commutative_algebra/chapters/ch20_integral_closure_and_normalization/chapter.tex	16301	c9d11ec383975d15fc4341491a479684716b0957861289ead446edb7f628a632
V	V/21	Valuation Rings	FROZEN	COMPLETE	books/vol05_commutative_algebra/chapters/ch21_valuation_rings/chapter.tex	16174	738b97843b55c74c6e638c08b923f49737d5cc45261afda105d7b769556d2328
V	V/22	Chain Complexes	FROZEN	COMPLETE	books/vol05_commutative_algebra/chapters/ch22_chain_complexes/chapter.tex	15336	04975c54809644b6366877d7d3192dfa8f6e42b758431006b11ba7d0b47acf64
V	V/23	Free Resolutions	FROZEN	COMPLETE	books/vol05_commutative_algebra/chapters/ch23_free_resolutions/chapter.tex	15950	80bc1d412f014d6fbdb3d01b0f82bab936e512b641a4bd1f3c38004eebadf070
V	V/24	Syzygies	FROZEN	COMPLETE	books/vol05_commutative_algebra/chapters/ch24_syzygies/chapter.tex	16157	f4433e12d40920c0dcec0b6d7219c9522b6acd6603dc1494fe571f9e66f9ec96
V	V/25	Minimal Resolutions	FROZEN	COMPLETE	books/vol05_commutative_algebra/chapters/ch25_minimal_resolutions/chapter.tex	16793	4345cf643fff901f793de1081dd0517eb5c3fb2b90cc3d5c13be1861f0c34678
V	V/26	The Tor Functor	FROZEN	COMPLETE	books/vol05_commutative_algebra/chapters/ch26_the_tor_functor/chapter.tex	16068	e6ce9d65f6f005c34001b4f96056c85535d7bea1897282567b38b08ef2bc9fe1
V	V/27	The Ext Functor	FROZEN	COMPLETE	books/vol05_commutative_algebra/chapters/ch27_the_ext_functor/chapter.tex	16089	db15e362845f3d3b63f05cbe39f7b586272a36d8830d9f1f50b952c6bcf76d90
V	V/28	Derived-Functor Viewpoint	FROZEN	COMPLETE	books/vol05_commutative_algebra/chapters/ch28_derived_functor_viewpoint/chapter.tex	17362	b4e9172c636480e3a8f3bdeee3de4146aa9b0196684db987d7708eb3e37bb7a2
VI	VI/01	Algebraic Sets	FROZEN	COMPLETE	books/vol06_algebraic_geometry/chapters/ch01_algebraic_sets/chapter.tex	19326	9786ebe665ebafe33f957cb4fe9d6eb48d4c04a269fe45ea49f0807d327570f5
VI	VI/02	The Zariski Topology	FROZEN	COMPLETE	books/vol06_algebraic_geometry/chapters/ch02_zariski_topology/chapter.tex	18344	d49fbe8e4893d766aa54a113da2859eda2fa9ea94d692098633fef6c0344eb46
VI	VI/03	Coordinate Rings	FROZEN	COMPLETE	books/vol06_algebraic_geometry/chapters/ch03_coordinate_rings/chapter.tex	15917	046d3482ca67ed88fed7a898c010832599f3db432d164cc47996fa645ec12e01
VI	VI/04	Morphisms of Affine Algebraic Sets	FROZEN	COMPLETE	books/vol06_algebraic_geometry/chapters/ch04_morphisms_affine_algebraic_sets/chapter.tex	24486	19e9eae375f3cf45fd82c244e379fd75191e0b0d97d8ad5f0663ce5c0e45e3dc
VI	VI/05	Irreducibility, Components and Connectedness	FROZEN	COMPLETE	books/vol06_algebraic_geometry/chapters/ch05_irreducibility_components/chapter.tex	21695	73d2c68bcfca1236a046efd0e970f30310986985f9496cf7e3c64c5c96668a56
VI	VI/06	Prime Ideals as Geometric Points	FROZEN	COMPLETE	books/vol06_algebraic_geometry/chapters/ch06_prime_ideals_geometric_points/chapter.tex	18264	9f170257cd9cfc2abbf551e445eb7bde1f55a34e453fe8eeb667af975b06a692
VI	VI/07	The Spectrum of a Ring	FROZEN	COMPLETE	books/vol06_algebraic_geometry/chapters/ch07_spectrum_of_a_ring/chapter.tex	13655	7cfb9f85ff4e5837dd66b2f01d04124e7895db4c573f4a3e69bf1b73de228578
VI	VI/08	Basic Open Sets D(f)	FROZEN	COMPLETE	books/vol06_algebraic_geometry/chapters/ch08_basic_open_sets/chapter.tex	14193	77a0434bec51da024a5f35ba9fd220442bffa6cbb03f2ef8157786e3413720c2
VI	VI/09	Generic and Closed Points	FROZEN	COMPLETE	books/vol06_algebraic_geometry/chapters/ch09_generic_closed_points/chapter.tex	17429	d8d043baf83f932dc1ea6769660dbd6bc9641ab252ac985cbba5773027c1f625
VI	VI/10	Reduced and Nonreduced Geometry	FROZEN	COMPLETE	books/vol06_algebraic_geometry/chapters/ch10_reduced_nonreduced_geometry/chapter.tex	20580	4ce12a1aaca88794792608ea3518b1f5898c02eaf08bce3cd5ed0b240029eae8
VI	VI/11	Local Rings and Residue Fields	FROZEN	COMPLETE	books/vol06_algebraic_geometry/chapters/ch11_local_rings_residue_fields/chapter.tex	19314	07c9ddb70848a3fd0c9c58917bce97be74f210101b0018b8871a2f4305e4c805
VI	VI/12	Presheaves	FROZEN	COMPLETE	books/vol06_algebraic_geometry/chapters/ch12_presheaves/chapter.tex	16426	4548c3f6e4fd5422afa9601bbfc7f83a05cedb25d2fa5012b768596c79834055
VI	VI/13	Sheaves and Stalks	FROZEN	COMPLETE	books/vol06_algebraic_geometry/chapters/ch13_sheaves_stalks/chapter.tex	17451	f66d1c841520f69706517a4b131026132dd746890266784ffe2700ed8ae03ad8
VI	VI/14	Sheafification	FROZEN	COMPLETE	books/vol06_algebraic_geometry/chapters/ch14_sheafification/chapter.tex	19970	734419960072c31d23e2b267d0614cf1b6e2f56eb6f38537cc0a894239baffff
VI	VI/15	Kernels, Images and Quotients of Sheaves	FROZEN	COMPLETE	books/vol06_algebraic_geometry/chapters/ch15_kernels_images_quotients/chapter.tex	13762	5e0c0b4de56828d39c22d1cd359e6e78cdaf4a038def2ec2e0920074545dd531
VI	VI/16	Exact Sequences of Sheaves	FROZEN	COMPLETE	books/vol06_algebraic_geometry/chapters/ch16_exact_sequences_sheaves/chapter.tex	10964	92381527fa7e45283a3f388d60d68a6b2356056fac1049abeae791ceae803758
VI	VI/17	The Structure Sheaf	FROZEN	COMPLETE	books/vol06_algebraic_geometry/chapters/ch17_structure_sheaf/chapter.tex	12316	ea7da21568d28f1382965e3df471e89a8c54b638e2a1cd61ec08baec2d74bb8b
VI	VI/18	Affine Schemes	FROZEN	COMPLETE	books/vol06_algebraic_geometry/chapters/ch18_affine_schemes/chapter.tex	12668	8c201d861547115c34a01cebe734d31ed17587d9ef330c29433963d38118342f
VI	VI/19	Morphisms of Affine Schemes	FROZEN	COMPLETE	books/vol06_algebraic_geometry/chapters/ch19_morphisms_affine_schemes/chapter.tex	13744	1ca8db8551b5b34c2145cda6d89070c9a3da19fdb952a9a459ee2365479c8a8f
VI	VI/20	Gluing Affine Schemes	FROZEN	COMPLETE	books/vol06_algebraic_geometry/chapters/ch20_gluing_affine_schemes/chapter.tex	12227	55fe340896f144264a2090741b9acebe76228496f782b3216ddcf4decdf82975
VI	VI/21	Schemes and Their Points	FROZEN	COMPLETE	books/vol06_algebraic_geometry/chapters/ch21_schemes_and_points/chapter.tex	10382	db8187baa006fe6db77dc2d129cbc1bc26d87a8a8538569508980833c5f46183
VI	VI/22	Open and Closed Subschemes	FROZEN	COMPLETE	books/vol06_algebraic_geometry/chapters/ch22_open_closed_subschemes/chapter.tex	9183	904679af3fc340632144b0474bdd5206a9270f9b67e4b39ee2d7aff0cdf6c621
VI	VI/23	Fiber Products	FROZEN	COMPLETE	books/vol06_algebraic_geometry/chapters/ch23_fiber_products/chapter.tex	9683	f2529874be24c597e62596a3ccd8028df86d353a2467bc099dd0e34f661ee3c1
VI	VI/24	Base Change	FROZEN	COMPLETE	books/vol06_algebraic_geometry/chapters/ch24_base_change/chapter.tex	9277	0ba21cf6ac50ab9602d55a7c71e9325e130ae26046f6a70035bb9c0890a7b200
VI	VI/25	Fibers and Geometric Fibers	FROZEN	COMPLETE	books/vol06_algebraic_geometry/chapters/ch25_fibers_geometric_fibers/chapter.tex	9601	cad344a5691327b451dd356f3b520e160b7b081a8e5bb8fb7ea0c6471790a471
VI	VI/26	Finite-Type and Noetherian Morphisms	FROZEN	COMPLETE	books/vol06_algebraic_geometry/chapters/ch26_finite_type_noetherian_morphisms/chapter.tex	11085	329f0d5d062b43a8facda200b3024d1093445d1ea4227fdf3681a761d6c346af
VI	VI/27	Integral Schemes and Function Fields	FROZEN	COMPLETE	books/vol06_algebraic_geometry/chapters/ch27_integral_schemes_function_fields/chapter.tex	10442	1284156bf4c01618e50a5729fd89636fa0386aaf3ce71d20e95161f15b69e0a6
VI	VI/28	Normalization	FROZEN	COMPLETE	books/vol06_algebraic_geometry/chapters/ch28_normalization/chapter.tex	9738	a25b20fcf743b24cb9bd05720787075cc76341db0b232c306719ba0e75546b36
VI	VI/29	Krull Dimension	FROZEN	COMPLETE	books/vol06_algebraic_geometry/chapters/ch29_krull_dimension/chapter.tex	9481	fe4ee11af3a3512ddadd6879735ed7009dac6fd7a3cb65f08561710678a23d38
VI	VI/30	Dimension of Schemes	FROZEN	COMPLETE	books/vol06_algebraic_geometry/chapters/ch30_dimension_of_schemes/chapter.tex	9933	a8f424b60c324a82cfdc3003f1084a6d5229cee22576b9cf5df1e59510ef7b27
VI	VI/31	Codimension	FROZEN	COMPLETE	books/vol06_algebraic_geometry/chapters/ch31_codimension/chapter.tex	13328	60de110395d8d66048bfaa004dfa8644ada390ae5fb5d75b57908362c755927a
VI	VI/32	Tangent Spaces and Local Geometry	FROZEN	COMPLETE	books/vol06_algebraic_geometry/chapters/ch32_tangent_spaces_and_local_geometry/chapter.tex	15042	cf89c379b93f281a31778c5c6715cf4fb292bfdd52be04b0452df1b4b6a065dd
VI	VI/33	Graded Rings	FROZEN	COMPLETE	books/vol06_algebraic_geometry/chapters/ch33_o_x_modules_quasicoherent/chapter.tex	14358	451c4403952882be9623271364dd48ee4e29c413bd870cf97c5f3e3b75b34079
VI	VI/34	Proj	FROZEN	COMPLETE	books/vol06_algebraic_geometry/chapters/ch34_graded_rings/chapter.tex	13393	fa312e68ef505919943e50b39b6bdb3be87b9de3ce35c3b508acadd7d30e2c07
VI	VI/35	Projective Space	FROZEN	COMPLETE	books/vol06_algebraic_geometry/chapters/ch35_proj/chapter.tex	18338	da0437b3e75c87836ca2f5515a310c34fdd0859a1ec818ffa11ffcdfa7883697
VI	VI/36	Projective Schemes	FROZEN	COMPLETE	books/vol06_algebraic_geometry/chapters/ch36_projective_space/chapter.tex	18054	a2c094030d807f7a8982105f86416b581cfc4169695202360bb80159933d1381
VI	VI/37	Projective Morphisms and Closed Embeddings	FROZEN	COMPLETE	books/vol06_algebraic_geometry/chapters/ch37_projective_schemes/chapter.tex	17758	38a8c400abe7103818c47530bdda8ac49fad63b0daf43326864bca1768b5663e
VI	VI/38	Coherent and Quasi-Coherent Sheaves	FROZEN	COMPLETE	books/vol06_algebraic_geometry/chapters/ch38_projective_morphisms_and_closed_embeddings/chapter.tex	21668	96f6ec34949e72b5b30a565acd5295c9afc5a91ef01c1c4b14cfccba6e449cac
VI	VI/39	Weil Divisors	FROZEN	COMPLETE	books/vol06_algebraic_geometry/chapters/ch39_weil_divisors/chapter.tex	31975	d4dde2dce3f0c99216d8e202670e1da63e41b3f399aed27dc382e1409414d553
VI	VI/40	Cartier Divisors	FROZEN	COMPLETE	books/vol06_algebraic_geometry/chapters/ch40_cartier_divisors/chapter.tex	33974	1e7d089e5d0e747154ae47c502b445e392b67a30385b5907afa15527a04dced0
VI	VI/41	Divisor Class Groups	FROZEN	COMPLETE	books/vol06_algebraic_geometry/chapters/ch41_divisor_class_groups/chapter.tex	34864	7a5786f66bd8a5322d8b83cd3088eb17236f608c66be1176d9b8c234f5510bd1
VI	VI/42	Line Bundles and Picard Groups	FROZEN	COMPLETE	books/vol06_algebraic_geometry/chapters/ch42_line_bundles_and_picard_groups/chapter.tex	32531	5a4b27c7277e2f159ef7d7365a1e81898b26d1524db9d96666da90ab0129f29e
VI	VI/43	Plane Cubics	FROZEN	COMPLETE	books/vol06_algebraic_geometry/chapters/ch43_plane_cubics/chapter.tex	31832	6d06bbb086fac2af8cb25556cb02d152b5b1609a207adce588cbcea872039a70
VI	VI/44	Cremona Transformations	FROZEN	COMPLETE	books/vol06_algebraic_geometry/chapters/ch44_cremona_transformations/chapter.tex	32587	54e448fd79b55d23ed7ee68b074d9db469bc027cfb28efce0763a82b2fe7f0d2
VI	VI/45	Blow-Ups	FROZEN	COMPLETE	books/vol06_algebraic_geometry/chapters/ch45_blow_ups/chapter.tex	36685	c9baf5b5a4e471803e49bc8cba9ca5047f6500becde53b8e661d7bfe8e3e130f
VI	VI/46	Flabby Sheaves	FROZEN	COMPLETE	books/vol06_algebraic_geometry/chapters/ch46_flabby_sheaves/chapter.tex	18158	09ccf9d5580dba0c5905b2cd55dc667116a0fcad90a662aa65ac1afe74f364ff
VI	VI/47	Čech Cohomology	FROZEN	COMPLETE	books/vol06_algebraic_geometry/chapters/ch47_ech_cohomology/chapter.tex	20770	ab635eb45fcb646423c4af72d247ba53f3aa4a28600f0076a51d3ec82f6367eb
VI	VI/48	Exact Sequences and Cohomology	FROZEN	COMPLETE	books/vol06_algebraic_geometry/chapters/ch48_exact_sequences_and_cohomology/chapter.tex	23856	8c9166ec310e1777db08b23180a75b29217379f96293c02e525fd71fc5ff7adb
VI	VI/49	Basic Vanishing Results	FROZEN	COMPLETE	books/vol06_algebraic_geometry/chapters/ch49_basic_vanishing_results/chapter.tex	21085	194c3286ebb47768a95c63a7355ea002516fbe2abb2d24d1a6f51dd04c63f5f5
VII	VII/01	Topological Manifolds	FROZEN	COMPLETE	books/vol07_differential_geometry/chapters/ch01_topological_manifolds/chapter.tex	27982	24ad83f4605259e7570993f30ca01fe4c86465020c550cd245b2878eb910b137
VII	VII/02	Smooth Structures and Atlases	FROZEN	COMPLETE	books/vol07_differential_geometry/chapters/ch02_smooth_structures_and_atlases/chapter.tex	17150	627a7078d0d1fc5c91a4e06104c2577011b791e18c6a20ef951a8229249b9e9a
VII	VII/03	Smooth Maps and Diffeomorphisms	FROZEN	COMPLETE	books/vol07_differential_geometry/chapters/ch03_smooth_maps_and_diffeomorphisms/chapter.tex	14722	320caaac126d9648a94642ec5944195e6c1bbd8c01db875dde45757858b9d719
VII	VII/04	Tangent Spaces	FROZEN	COMPLETE	books/vol07_differential_geometry/chapters/ch04_tangent_spaces/chapter.tex	19093	64d8cea0fbc908206e85c7eee69e007938d599ba307ce275fc37cd9e4955825e
VII	VII/05	Cotangent Spaces	FROZEN	COMPLETE	books/vol07_differential_geometry/chapters/ch05_cotangent_spaces/chapter.tex	18080	454c6d3bfdb95d75d479d62bf78b87dd6a6cf110aac7d06f7cbd3b8fec6a0356
VII	VII/06	Submanifolds and Products	FROZEN	COMPLETE	books/vol07_differential_geometry/chapters/ch06_submanifolds_and_products/chapter.tex	20260	d47be8e2cd1f51a5d76057e1fe4867423c52c04aae895eea76003bd7881a38b7
VII	VII/07	Vector Bundles	FROZEN	COMPLETE	books/vol07_differential_geometry/chapters/ch07_vector_bundles/chapter.tex	22502	e383b178d1b3be09605835d75118aed8b233bd8e2e326832e406f9818cbd6ba9
VII	VII/08	Principal and Frame Bundles	FROZEN	COMPLETE	books/vol07_differential_geometry/chapters/ch08_principal_and_frame_bundles/chapter.tex	22172	a99f6c407d89b904e04781fd3fd680885570d60b0e401c8b73e3b3eed4953bfc
VII	VII/09	Differential Forms	FROZEN	COMPLETE	books/vol07_differential_geometry/chapters/ch09_differential_forms/chapter.tex	19918	5f79841b1be3ce935b34470a955c839565991289673f3004d47c1a1530e90c5b
VII	VII/10	Orientation and Integration	FROZEN	COMPLETE	books/vol07_differential_geometry/chapters/ch10_orientation_and_integration/chapter.tex	23990	93d17f7c91518e4242aee21edcc0f35b39743853376c8d70a3905bcdb2efd990
VII	VII/11	Stokes' Theorem	FROZEN	COMPLETE	books/vol07_differential_geometry/chapters/ch11_stokes_theorem/chapter.tex	20287	4f0e473b8fc0d27ed3bb9ab7e0ce3989d7a9fbabaac5fef9103a9c1b2a19a855
VII	VII/12	Regular Curves	FROZEN	COMPLETE	books/vol07_differential_geometry/chapters/ch12_regular_curves/chapter.tex	20224	a63c8cd93fede2d801f0b5f967ecefcd9c965355315ba37c64ff46976b0a0e9e
VII	VII/13	Frenet Frames, Curvature and Torsion	FROZEN	COMPLETE	books/vol07_differential_geometry/chapters/ch13_frenet_frames_curvature_and_torsion/chapter.tex	19977	522f50e424e30667cfc092c300fb79964857c5147894e6d7ed29f021b5233517
VII	VII/14	Regular Surfaces	FROZEN	COMPLETE	books/vol07_differential_geometry/chapters/ch14_regular_surfaces/chapter.tex	20265	ce1f9cc81a7f653736e7e740960d8fce09375a83b484823354cc6975f37aec53
VII	VII/15	First and Second Fundamental Forms	FROZEN	COMPLETE	books/vol07_differential_geometry/chapters/ch15_first_and_second_fundamental_forms/chapter.tex	20073	018b6be3fd53cb544287afc376bc3c7d53394958db93df36902761fbc57018c8
VII	VII/16	The Gauss Map and Shape Operator	FROZEN	COMPLETE	books/vol07_differential_geometry/chapters/ch16_the_gauss_map_and_shape_operator/chapter.tex	17943	0c9e310977120843dc9e0bf68c121e1acd2253f56dfb4ae4caf8c9c9df3b8eb5
VII	VII/17	Principal, Gaussian and Mean Curvature	FROZEN	COMPLETE	books/vol07_differential_geometry/chapters/ch17_principal_gaussian_and_mean_curvature/chapter.tex	15940	b2cab3a4e7c47d8aa367156b0e016568b51fa73e3104e1dbdf542080c551d5ee
VII	VII/18	Ruled and Developable Surfaces	FROZEN	COMPLETE	books/vol07_differential_geometry/chapters/ch18_ruled_and_developable_surfaces/chapter.tex	18064	ea0e64af2ccb5d6833bc296917fcca97f80581b5f6b6532f7d08d26a3757b159
VII	VII/19	Minimal Surfaces	FROZEN	COMPLETE	books/vol07_differential_geometry/chapters/ch19_minimal_surfaces/chapter.tex	18108	d444b52a7ded7b775d18aa0f35da79410910dc6c0d61a34cce9a9e940a6f9998
VII	VII/20	Riemannian Metrics	FROZEN	COMPLETE	books/vol07_differential_geometry/chapters/ch20_riemannian_metrics/chapter.tex	17780	033eb5724f765746b4ff65fb3982e7c1bd9db24f6b35a7b66944f1cd6fc7de0c
VII	VII/21	Connections	FROZEN	COMPLETE	books/vol07_differential_geometry/chapters/ch21_connections/chapter.tex	18739	e0d06886d32d069e7797b7f5acee0f61574ab5dd14d0b53d45008834cb0781e6
VII	VII/22	The Levi–Civita Connection	FROZEN	COMPLETE	books/vol07_differential_geometry/chapters/ch22_the_levi_civita_connection/chapter.tex	18819	798a27f9dccbdd27a843b880f4b328e529ead5cc313de737c34f3818ea33888e
VII	VII/23	Geodesics	FROZEN	COMPLETE	books/vol07_differential_geometry/chapters/ch23_geodesics/chapter.tex	18417	7afce21768a3ae886ad8bb786c12d4d71cbd5706c7017ce31e493eceb7401d72
VII	VII/24	Parallel Transport	FROZEN	COMPLETE	books/vol07_differential_geometry/chapters/ch24_parallel_transport/chapter.tex	19282	1a73db0f247c9aa9b9bbd88eeaf2a64fbad7091fc898d9598594e9b707d31d8a
VII	VII/25	Holonomy	FROZEN	COMPLETE	books/vol07_differential_geometry/chapters/ch25_holonomy/chapter.tex	23852	d9a2253c94a9d099d2c50088b67924fa803460a34964bfb996a1fe217253d381
VII	VII/26	The Riemann Curvature Tensor	FROZEN	COMPLETE	books/vol07_differential_geometry/chapters/ch26_the_riemann_curvature_tensor/chapter.tex	18612	e6f392e05931d0a9693d409a4844c6b844ee3d7c67ca64bfe78f97422f006edb
VII	VII/27	Ricci and Scalar Curvature	FROZEN	COMPLETE	books/vol07_differential_geometry/chapters/ch27_ricci_and_scalar_curvature/chapter.tex	16839	7d726629c3bfdd29fe864d3e9515d3f7f782a4489b07843e6ee4aa37c5390713
VII	VII/28	Weyl Curvature	FROZEN	COMPLETE	books/vol07_differential_geometry/chapters/ch28_weyl_curvature/chapter.tex	17790	91cf2d245edc2cf540e56e7494e61db49f8aced969a0d1c33b2ab7ca746d7a5e
VII	VII/29	Indefinite Metrics	FROZEN	COMPLETE	books/vol07_differential_geometry/chapters/ch29_indefinite_metrics/chapter.tex	18146	d8ce23a9123e167c3f6b5a5dbe88adf13a869d7b647f4fe2a45de593d25f0ea2
VII	VII/30	Riemannian versus Lorentzian Geometry	FROZEN	COMPLETE	books/vol07_differential_geometry/chapters/ch30_riemannian_versus_lorentzian_geometry/chapter.tex	18306	1b6a0a1ca24b0c50e058a20e924e017641de6d10f150e26626051f28f78bc978
VII	VII/31	Hyperbolic Plane Models	FROZEN	COMPLETE	books/vol07_differential_geometry/chapters/ch31_hyperbolic_plane_models/chapter.tex	18226	670769c98435e0b56d233a919b50a6f2ad86b433208501e86b416cdae68a53d3
VII	VII/32	The Poincaré Metric	FROZEN	COMPLETE	books/vol07_differential_geometry/chapters/ch32_the_poincar_metric/chapter.tex	16109	f405f0afe87d2ae4115fac8d2a793b384175406b79e71d536acc3a69e24a59b4
VII	VII/33	Möbius Transformations and PSL(2,R)	FROZEN	COMPLETE	books/vol07_differential_geometry/chapters/ch33_m_bius_transformations_and_psl_2_r/chapter.tex	16651	e9d3e4323b738801c2a1d298ffc648287b80fe532ae5177b99e45cdcfbae1fa1
VII	VII/34	Hyperbolic Isometries	FROZEN	COMPLETE	books/vol07_differential_geometry/chapters/ch34_hyperbolic_isometries/chapter.tex	17072	859ee83f12184429bd290579adfcf5f157a8c13a27b362aa7f25b07af3208ab1
VII	VII/35	Fuchsian Groups	FROZEN	COMPLETE	books/vol07_differential_geometry/chapters/ch35_fuchsian_groups/chapter.tex	20349	8ce74ce530265b1be1c60cc146445ce07af11a6c94782e5d7dfe0df6d1b51979
VII	VII/36	Hyperbolic Three-Space and PSL(2,C)	FROZEN	COMPLETE	books/vol07_differential_geometry/chapters/ch36_hyperbolic_three_space_and_psl_2_c/chapter.tex	18135	4a5480af284412ad0c9b5fa43e61ed5bbc95bd9e17edc019e4ba127429fb5451
VII	VII/37	Kleinian Groups and Boundary Geometry	FROZEN	COMPLETE	books/vol07_differential_geometry/chapters/ch37_kleinian_groups_and_boundary_geometry/chapter.tex	20369	bc8bd789dc86710965f911998f66c3a66b0ea094f65647fc8be5b31627467633
VII	VII/38	Discrete Geodesic Problems	FROZEN	COMPLETE	books/vol07_differential_geometry/chapters/ch38_discrete_geodesic_problems/chapter.tex	24461	8193aec08ac0fd6774e93ae94f21b1ef01d3fef67a7dc50267a13251bd7fae6c
VII	VII/39	Graph and Exact Mesh Geodesics	FROZEN	COMPLETE	books/vol07_differential_geometry/chapters/ch39_graph_and_exact_mesh_geodesics/chapter.tex	23307	4f22af8683592214a54e30a6ad6859b24bd7700adbe9c781f31a608462a4a3af
VII	VII/40	The Heat Method	FROZEN	COMPLETE	books/vol07_differential_geometry/chapters/ch40_the_heat_method/chapter.tex	22224	73256df2ec6c14a09dc460146657c35a8fb0558630d5632deb0c2ea782b3301a
VII	VII/41	Discrete Laplacians	FROZEN	COMPLETE	books/vol07_differential_geometry/chapters/ch41_discrete_laplacians/chapter.tex	25590	87b8523a93a9b513581a897e9715de40f201e4a1b8e2aa44cc082082066fb270
VII	VII/42	Curvature Lines, Ridges and Valleys	FROZEN	COMPLETE	books/vol07_differential_geometry/chapters/ch42_curvature_lines_ridges_and_valleys/chapter.tex	29046	09ec65db5f4ced362c655037e15ee16613bc1bcd7c47585ddbfa4a4487cb3895
VIII	VIII/01	Homotopies of Maps	FROZEN	COMPLETE	books/vol08_algebraic_topology/chapters/ch01_homotopies_of_maps/chapter.tex	20094	7e4d9212d9e8741b29f59b384fb7a63c0179ca9d87212db58fbced0c9de03348
VIII	VIII/02	Homotopy Equivalence and Contractibility	FROZEN	COMPLETE	books/vol08_algebraic_topology/chapters/ch02_homotopy_equivalence_and_contractibility/chapter.tex	19828	2d17ae35a3632bd45441a5269cf213d8c57eb8023d187b5013ca00ff7e8c1011
VIII	VIII/03	Degree of Maps	FROZEN	COMPLETE	books/vol08_algebraic_topology/chapters/ch03_degree_of_maps/chapter.tex	17989	9978e016a71e47c6b0fa2de35b9caf4e92f637cb6c203e71c944da89d92b55ff
VIII	VIII/04	Spheres and Antipodal Maps	FROZEN	COMPLETE	books/vol08_algebraic_topology/chapters/ch04_spheres_and_antipodal_maps/chapter.tex	16108	1b9912fff768c08863ae85aaafe788e54b9ebe9256afda7aa8d0c8938a78cffe
VIII	VIII/05	Cell Attachments	FROZEN	COMPLETE	books/vol08_algebraic_topology/chapters/ch05_cell_attachments/chapter.tex	18800	15dab937ac13c87d839f4ec1bf9dea80755fc563a3e045a4984d11a7a825abd3
VIII	VIII/06	CW Complexes	FROZEN	COMPLETE	books/vol08_algebraic_topology/chapters/ch06_cw_complexes/chapter.tex	17531	ccb4232c8296fcc09a5df86f51adc83632a906cb9f96fff3be66b707d9dfb59c
VIII	VIII/07	Mapping Cones	FROZEN	COMPLETE	books/vol08_algebraic_topology/chapters/ch07_mapping_cones/chapter.tex	18463	382a9703e66e81550fdbf3854c853590253797bac3f248d84c1a19bd78ef9315
VIII	VIII/08	Homotopic Attaching Maps	FROZEN	COMPLETE	books/vol08_algebraic_topology/chapters/ch08_homotopic_attaching_maps/chapter.tex	21506	2c4e1f1eb2ee065fcdbae7cea9b11aa43ac0f2dfe307b4b2d7a19385438969be
VIII	VIII/09	Paths and Fundamental Groups	FROZEN	COMPLETE	books/vol08_algebraic_topology/chapters/ch09_paths_and_fundamental_groups/chapter.tex	20812	7250a9c4669eac7b8868e096b90be5373434b1d11db025bc7a4253b501071bc0
VIII	VIII/10	Covering Spaces	FROZEN	COMPLETE	books/vol08_algebraic_topology/chapters/ch10_covering_spaces/chapter.tex	21268	ed5290a7acba4d1860125f1b6ff24ba8169bab61110f6141ff21dc89c3d4a983
VIII	VIII/11	Lifting Properties	FROZEN	COMPLETE	books/vol08_algebraic_topology/chapters/ch11_lifting_properties/chapter.tex	20176	a81c06d6a5dc699eedcb41584d7be7b40c0beafc1acc8fb384b366479f1fa6c0
VIII	VIII/12	Deck Transformations and Group Actions	FROZEN	COMPLETE	books/vol08_algebraic_topology/chapters/ch12_deck_transformations_and_group_actions/chapter.tex	21480	cbb61440ec0ca07cc6cd1c918c6027968f4938d3dff0f8ea29b01cef7b94ca66
VIII	VIII/13	SU(2) to SO(3)	FROZEN	COMPLETE	books/vol08_algebraic_topology/chapters/ch13_su2_to_so3/chapter.tex	16959	ebac6c90fb6c5bd9dd3c8a3f28f619c31788b1123054174a4024840a5c5f5505
VIII	VIII/14	Free Groups and Covering Graphs	FROZEN	COMPLETE	books/vol08_algebraic_topology/chapters/ch14_free_groups_and_covering_graphs/chapter.tex	18028	99d9f62f31cb00ba390704b0062b82d8c85e7bacfed0423ecd6f996a464caf9b
VIII	VIII/15	Simplicial Complexes	FROZEN	COMPLETE	books/vol08_algebraic_topology/chapters/ch15_simplicial_complexes/chapter.tex	21741	9a9f88fd39989c780fae705259424db78fbf173d5ca3cbe7da6ecec210dff936
VIII	VIII/16	Chain Complexes	FROZEN	COMPLETE	books/vol08_algebraic_topology/chapters/ch16_chain_complexes/chapter.tex	19426	e104037247ae54112ee8538cfa18e1c4ffa67b7f29b7a8290dfd4e26070e5f79
VIII	VIII/17	Simplicial and Singular Homology	FROZEN	COMPLETE	books/vol08_algebraic_topology/chapters/ch17_simplicial_and_singular_homology/chapter.tex	19740	18a60515f693614339931c0af52457c22a54067087be08d7417f3d0340adecf6
VIII	VIII/18	Cellular Homology	FROZEN	COMPLETE	books/vol08_algebraic_topology/chapters/ch18_cellular_homology/chapter.tex	20871	e050e04a45b50445c777b721cb6cb9f7e1b2864f19c939e548fe059d8371f959
VIII	VIII/19	Relative Homology and Exact Sequences	FROZEN	COMPLETE	books/vol08_algebraic_topology/chapters/ch19_relative_homology_and_exact_sequences/chapter.tex	20587	8b03dd215a26c642ef2b911541b154bda2459b6a7c953ecefba96cae02fd78fc
VIII	VIII/20	Homotopy Invariance	FROZEN	COMPLETE	books/vol08_algebraic_topology/chapters/ch20_homotopy_invariance/chapter.tex	19258	132295de229f8f9e26b409d80982140e438e265a4df9b9f0df313d22dea7aa19
VIII	VIII/21	Euler Characteristic	FROZEN	COMPLETE	books/vol08_algebraic_topology/chapters/ch21_euler_characteristic/chapter.tex	18442	fb8c9f7f03e1439efe2afc3036f7d12be508df1f616d3968edb0989d88fdf91e
VIII	VIII/22	Chain Homotopies	FROZEN	COMPLETE	books/vol08_algebraic_topology/chapters/ch22_chain_homotopies/chapter.tex	16937	709fdf5d85e873af19260cc64633b60590f1d1db1930c628fa4a5f9b5756a09d
VIII	VIII/23	Chain Contractions	FROZEN	COMPLETE	books/vol08_algebraic_topology/chapters/ch23_chain_contractions/chapter.tex	17351	e568c2c975145103363e9d652992aacccfc6794af1ffb4f8e088cb097ad7ae6e
VIII	VIII/24	Mapping Cones of Chain Maps	FROZEN	COMPLETE	books/vol08_algebraic_topology/chapters/ch24_mapping_cones_of_chain_maps/chapter.tex	17745	db99edb2466d8a46ccef08132f93c89ce9f0ccd1f1ed3309b02a262125ce31e2
VIII	VIII/25	Homology with Coefficients	FROZEN	COMPLETE	books/vol08_algebraic_topology/chapters/ch25_homology_with_coefficients/chapter.tex	18250	fdfc5db9b1c175a06b1326a3e1a6bc14416880a4b6dce3782e862fadb41ead57
VIII	VIII/26	The Universal Coefficient Theorem	FROZEN	COMPLETE	books/vol08_algebraic_topology/chapters/ch26_the_universal_coefficient_theorem/chapter.tex	16586	b0c600037e98158ba05636f4abc0b0c9f1ec76e92aa555e093971cc0e9dd9bac
VIII	VIII/27	Products and the Künneth Theorem	FROZEN	COMPLETE	books/vol08_algebraic_topology/chapters/ch27_products_and_the_k_nneth_theorem/chapter.tex	17112	46192146fb44ebb88682ce67dab9fa7da98ea76f783dac9ececa8866956d86ac
VIII	VIII/28	Cohomology	FROZEN	COMPLETE	books/vol08_algebraic_topology/chapters/ch28_cohomology/chapter.tex	17617	2ecb30211eaf0acd0bdcdee515fb667cb168518002d91e92057262f9ce14d825
VIII	VIII/29	Cup Products	FROZEN	COMPLETE	books/vol08_algebraic_topology/chapters/ch29_cup_products/chapter.tex	17356	2c74ac9fe3d9abb20f05512bd0b40655a39162539b8e30877ba0d3f1041996e0
VIII	VIII/30	Vector Bundles and Clutching	FROZEN	COMPLETE	books/vol08_algebraic_topology/chapters/ch30_vector_bundles_and_clutching/chapter.tex	18860	631a7682fbb970bdef693e0baa3ef2bc05a74dd4093a9f8540e48d0737a59bc2
VIII	VIII/31	Thom Classes	FROZEN	COMPLETE	books/vol08_algebraic_topology/chapters/ch31_thom_classes/chapter.tex	17905	ee607b66ba1395dd05ba2847f5d045ac0f6acd85abb0acb2bbdc9393966d3c9b
VIII	VIII/32	Sphere Bundles and Euler Classes	FROZEN	COMPLETE	books/vol08_algebraic_topology/chapters/ch32_sphere_bundles_and_euler_classes/chapter.tex	17046	a6de9273840f4e73b2b6ebfea8e9dea96df8b6aebb5033691a782ae4d1766421
VIII	VIII/33	Poincaré Duality	FROZEN	COMPLETE	books/vol08_algebraic_topology/chapters/ch33_poincar_duality/chapter.tex	18282	1b1873e886012287329073bd9502610f4c30a8a42b57b734eecd8737b87ee1ca
VIII	VIII/34	Intersection Forms	FROZEN	COMPLETE	books/vol08_algebraic_topology/chapters/ch34_intersection_forms/chapter.tex	17886	6beb2cdf430412d7f8c38561f09ddb15b3ee64732a9efe9ee2f6545bb7489018
VIII	VIII/35	Lefschetz Theory	FROZEN	COMPLETE	books/vol08_algebraic_topology/chapters/ch35_lefschetz_theory/chapter.tex	17264	b37e3b707aa04274bc14283f0676407da3c495c5d71fb562bcf0846a733e9774
