source_file	source_path	source_block_id	source_instance	kind	title	destination	source_paired_solution	section_title	source_hash
theory-of-algebraic-topology-10.tex	chapters/tex/theory-of-algebraic-topology-10.tex	FALLBACK.ALL_UNMATCHED	theory-of-algebraic-topology-10.tex:visual:001	visual	A schematic decomposition of the genus \(2\) surface \(X=A\cup B\cup C\), where \(A\) and \(C\) are once-punctured tori and \(B\) is the annular strip between them.	VIII/07	YES	Final answers	829cf875032d678a1d94cb22685100d4605abc3772140f3e64c17a61af446eb6
theory-of-algebraic-topology-10.tex	chapters/tex/theory-of-algebraic-topology-10.tex	FALLBACK.ALL_UNMATCHED	theory-of-algebraic-topology-10.tex:visual:002	visual	"A schematic decomposition of the genus-$2$ surface $X$ into
	$\ensuremath{X = A \cup B \cup C"	VIII/07	YES	Final answers	6b68116d24786034e46ffaa0affbdbd6374288a8d4a448e0f6eaed38897dff36
theory-of-algebraic-topology-10.tex	chapters/tex/theory-of-algebraic-topology-10.tex	FALLBACK.ALL_UNMATCHED	theory-of-algebraic-topology-10.tex:visual:003	visual	"A schematic decomposition of the genus-$2$ surface $X$ into
	$\ensuremath{X = A \cup B \cup C"	VIII/07	YES	Final answers	d0b4ba85000388d215d88bb9e886b1b7d177990e33fdbc34feba2844cc7253f4
theory-of-algebraic-topology-11.tex	chapters/tex/theory-of-algebraic-topology-11.tex	T01.SECTION	theory-of-algebraic-topology-11.tex:visual:001	visual	Hemisphere CW decomposition of spheres. On the left, the circle $S^1$ is decomposed into two $0$-cells and two $1$-cells. On the right, the sphere $S^2$ is decomposed into two $0$-cells, two $1$-cells on the equator, and two $2$-cells given by the open northern and southern hemispheres.	VIII/05	YES	A CW structure on \(S^n\) with two cells in each dimension	c33a6d4cfb313262563c54fcdd43e46ef4de2b4d229391661558fa237803755c
theory-of-algebraic-topology-11.tex	chapters/tex/theory-of-algebraic-topology-11.tex	T01.SECTION	theory-of-algebraic-topology-11.tex:visual:002	visual	The skeleta in the hemisphere CW structure on $S^n$. At each stage, the $k$-skeleton is $X^k=S^k$, obtained from $S^{k-1	VIII/05	YES	A CW structure on \(S^n\) with two cells in each dimension	6ee8225d38a97551cc0e4ea6e176f4b07af735d73c6ca06897b37d3cab1d94bc
theory-of-algebraic-topology-11.tex	chapters/tex/theory-of-algebraic-topology-11.tex	T01.SECTION	theory-of-algebraic-topology-11.tex:visual:003	visual	The cellular chain complex associated with the hemisphere CW structure on $S^n$. Each cellular chain group is isomorphic to $\mathbb{Z	VIII/05	YES	A CW structure on \(S^n\) with two cells in each dimension	81cd42589d8fc3f271aefe20b0f45a4a12b0eb8f8800e3667f739b4d172647d3
theory-of-algebraic-topology-11.tex	chapters/tex/theory-of-algebraic-topology-11.tex	FALLBACK.ALL_UNMATCHED	theory-of-algebraic-topology-11.tex:visual:004	visual	Low-dimensional quotient examples for Problem~3. The quotient $ (D^1\times S^1)/(S^0\times S^1)$ behaves homologically like $S^1\vee S^2$, while $ (D^2\times S^1)/(S^1\times S^1)$ behaves homologically like $S^2\vee S^3$.	VIII/05	YES	Diagrams for Problems 3--5	c8e5f491f4bb5c615fac8899ef90681226499040a0d3bc53f5db41924fab7280
theory-of-algebraic-topology-11.tex	chapters/tex/theory-of-algebraic-topology-11.tex	FALLBACK.ALL_UNMATCHED	theory-of-algebraic-topology-11.tex:visual:005	visual	The lens space $L_p^3$ as a quotient of $S^3$, together with its cellular chain complex and homology groups.	VIII/05	YES	Diagrams for Problems 3--5	6686d979bd8f8404366d4aeaee68e55107a02caa97031936765fad6830ef2dec
theory-of-algebraic-topology-11.tex	chapters/tex/theory-of-algebraic-topology-11.tex	FALLBACK.ALL_UNMATCHED	theory-of-algebraic-topology-11.tex:visual:006	visual	Construction of the Moore space $M(\mathbb{Z	VIII/05	YES	Diagrams for Problems 3--5	f2b3de1a28fab1fe7f4aecc33c1b3fae2a21ff89baa674a15e3729b0550d7915
theory-of-algebraic-topology-11.tex	chapters/tex/theory-of-algebraic-topology-11.tex	FALLBACK.ALL_UNMATCHED	theory-of-algebraic-topology-11.tex:visual:007	visual	Realization of prescribed finitely generated abelian homology groups using wedges of spheres and Moore spaces, as in Problem~5.	VIII/05	YES	Diagrams for Problems 3--5	c0c6228b681e36e3eec6c3f4375b6a3245f41f5a84cf55a597ead738e306c27b
theory-of-algebraic-topology-11.tex	chapters/tex/theory-of-algebraic-topology-11.tex	FALLBACK.ALL_UNMATCHED	theory-of-algebraic-topology-11.tex:visual:008	visual	The relative Stokes principle for the pair \((D^{k+1	VIII/05	YES	Pairing and boundary for \texorpdfstring{$(D^{k+1	ffc8128c092b0dc92be037aadb246220cbc3b2ab8fb7658c4080b070198b9377
theory-of-algebraic-topology-11.tex	chapters/tex/theory-of-algebraic-topology-11.tex	FALLBACK.ALL_UNMATCHED	theory-of-algebraic-topology-11.tex:visual:009	visual	The annulus example. A cohomology class on the boundary has two integer values, one on each boundary component. The connecting map detects their difference: \(\delta(m,n)=m-n\).	VIII/05	YES	Annulus example and the obstruction map \texorpdfstring{$\delta(m,n)=m-n$	1567c88435727f7eec02388364f1d450c88af82b157f8627fa5924cee91ae7b6
theory-of-algebraic-topology-11.tex	chapters/tex/theory-of-algebraic-topology-11.tex	FALLBACK.ALL_UNMATCHED	theory-of-algebraic-topology-11.tex:visual:010	visual	The Bockstein homomorphism for \(\mathbb{RP	VIII/05	YES	The Bockstein homomorphism for \texorpdfstring{$\mathbb{RP	41a19fcae84c6b62e021a221a25fa96e83cc11978472c77889f8f27598649490
theory-of-algebraic-topology-11.tex	chapters/tex/theory-of-algebraic-topology-11.tex	FALLBACK.ALL_UNMATCHED	theory-of-algebraic-topology-11.tex:visual:011	visual	Comparison of even and odd real projective spaces. In even dimensions there is no top integral \(\mathbb Z\)-class, so the mod \(2\) action determines the integral action. In odd dimensions, the top integral class is \(\mathbb Z\), and mod \(2\) cannot distinguish \(+1\) from \(-1\).	VIII/05	YES	Even versus odd real projective spaces	a4df9b7d4a7a49578fc9d09cabc2151aa341bdf88ce2b2e84d81e58757f861be
theory-of-algebraic-topology-11.tex	chapters/tex/theory-of-algebraic-topology-11.tex	T01.SECTION	theory-of-algebraic-topology-11.tex:visual:012	visual	The general quotient \(D^n/S^{n-1	VIII/05	YES	The general quotient \(D^n/S^{n-1	205110832f6ef31a0165bd1d096e61914de190c4cb188c61707cf9e476cf3384
theory-of-algebraic-topology-11.tex	chapters/tex/theory-of-algebraic-topology-11.tex	T01.SECTION	theory-of-algebraic-topology-11.tex:visual:013	visual	The general quotient \(D^n/S^{n-1	VIII/05	YES	The general quotient \(D^n/S^{n-1	b72d5d6f30078711fb867849f4af593bd449e13d8b8c0579d157f62d8e1ec489
theory-of-algebraic-topology-11.tex	chapters/tex/theory-of-algebraic-topology-11.tex	T01.SECTION	theory-of-algebraic-topology-11.tex:visual:014	visual	The general quotient \(D^n/S^{n-1	VIII/05	YES	The general quotient \(D^n/S^{n-1	048b54ed51c5e12e18217ff536cfb8431edd132c4a3dbf7ace32a42f3937bd04
theory-of-algebraic-topology-11.tex	chapters/tex/theory-of-algebraic-topology-11.tex	T01.SECTION	theory-of-algebraic-topology-11.tex:visual:015	visual	Concrete and deeper examples of the quotient \(D^n/S^{n-1	VIII/05	YES	Concrete and deeper examples of the quotient \(D^n/S^{n-1	205110832f6ef31a0165bd1d096e61914de190c4cb188c61707cf9e476cf3384
theory-of-algebraic-topology-11.tex	chapters/tex/theory-of-algebraic-topology-11.tex	T01.SECTION	theory-of-algebraic-topology-11.tex:visual:016	visual	Concrete and deeper examples of the quotient \(D^n/S^{n-1	VIII/05	YES	Concrete and deeper examples of the quotient \(D^n/S^{n-1	b72d5d6f30078711fb867849f4af593bd449e13d8b8c0579d157f62d8e1ec489
theory-of-algebraic-topology-11.tex	chapters/tex/theory-of-algebraic-topology-11.tex	T01.SECTION	theory-of-algebraic-topology-11.tex:visual:017	visual	Concrete and deeper examples of the quotient \(D^n/S^{n-1	VIII/05	YES	Concrete and deeper examples of the quotient \(D^n/S^{n-1	048b54ed51c5e12e18217ff536cfb8431edd132c4a3dbf7ace32a42f3937bd04
theory-of-algebraic-topology-11.tex	chapters/tex/theory-of-algebraic-topology-11.tex	FALLBACK.ALL_UNMATCHED	theory-of-algebraic-topology-11.tex:visual:018	visual	Example 1. The basic pair \texorpdfstring{\((D^{k+1	VIII/05	YES	Example 1. The basic pair \texorpdfstring{\((D^{k+1	caa04dbcfe4c1b6bd3a2c268fd9645626558bcd1e73292f70d21d2ca2d5302fe
theory-of-algebraic-topology-11.tex	chapters/tex/theory-of-algebraic-topology-11.tex	FALLBACK.ALL_UNMATCHED	theory-of-algebraic-topology-11.tex:visual:019	visual	Example 2. A filled triangle and its boundary circle	VIII/05	YES	Example 2. A filled triangle and its boundary circle	bbcbef2540724053f2b4f9576430a6e8da362ff8e4860e4b176b2bf06d0556bb
theory-of-algebraic-topology-11.tex	chapters/tex/theory-of-algebraic-topology-11.tex	FALLBACK.ALL_UNMATCHED	theory-of-algebraic-topology-11.tex:visual:020	visual	Example 3. The annulus and the difference of two boundary circles	VIII/05	YES	Example 3. The annulus and the difference of two boundary circles	e4e0d880c57f09a509c74ff1b001567203d8aef46197ed62c538e0e16df66d71
theory-of-algebraic-topology-11.tex	chapters/tex/theory-of-algebraic-topology-11.tex	FALLBACK.ALL_UNMATCHED	theory-of-algebraic-topology-11.tex:visual:021	visual	Example 4. The annulus as an obstruction example	VIII/05	YES	Example 4. The annulus as an obstruction example	a54bac774f673e68c164b19b7f85a98e3dc7c7d398f3220592eb45a735306c7f
theory-of-algebraic-topology-11.tex	chapters/tex/theory-of-algebraic-topology-11.tex	T01.SECTION	theory-of-algebraic-topology-11.tex:visual:022	visual	Example 6. The Bockstein for \texorpdfstring{\(\mathbb{RP	VIII/05	YES	Example 6. The Bockstein for \texorpdfstring{\(\mathbb{RP	fc408cbbd222738b454a7643e561198812e81c076469c1a49c1fa3b61bc5bae7
theory-of-algebraic-topology-12.tex	chapters/tex/theory-of-algebraic-topology-12.tex	T01.SECTION	theory-of-algebraic-topology-12.tex:visual:001	visual	The chain complex \(0\to \mathbb Z \xrightarrow{\cdot 2	VIII/25	YES	Examples for Problem 11: mod-\(p\) detection	3147b8a92295970d652e5a21a5a9cbbb68840b28b6687aa8aadb49132afe79a9
theory-of-algebraic-topology-12.tex	chapters/tex/theory-of-algebraic-topology-12.tex	T01.SECTION	theory-of-algebraic-topology-12.tex:visual:002	visual	Prime detection for \(\mathbb Z/6\)-torsion.	VIII/25	YES	Examples for Problem 11: mod-\(p\) detection	c0531a969f3b3768a6b1714a472d5858b3d914831f22b0b75a39db0205ed94c2
theory-of-algebraic-topology-12.tex	chapters/tex/theory-of-algebraic-topology-12.tex	T01.SECTION	theory-of-algebraic-topology-12.tex:visual:003	visual	A chain map \(f:C_*\to C_*\) given by multiplication by \(2\) in both degrees. On \(H_0(C)\cong \mathbb Z/2\), this map is zero.	VIII/25	YES	Examples for Problem 11: mod-\(p\) detection	f2e2df9193df9170a09ce6eccd831d758778e7d0968cebc19c4fdebaed4aaae0
theory-of-algebraic-topology-12.tex	chapters/tex/theory-of-algebraic-topology-12.tex	FALLBACK.ALL_UNMATCHED	theory-of-algebraic-topology-12.tex:visual:004	visual	Multiplication by \(x\) in \(R=\mathbb C[x]/(x^3)\).	VIII/25	YES	Examples for Problem 12: free resolutions and Tor groups	72d1975159520dc4c74c02351d2397e129acd8e8ab750f5cfb9ca1a1b5e38f19
theory-of-algebraic-topology-12.tex	chapters/tex/theory-of-algebraic-topology-12.tex	FALLBACK.ALL_UNMATCHED	theory-of-algebraic-topology-12.tex:visual:005	visual	The action of \(x\) on \(M_1\), \(M_2\), and \(R\).	VIII/25	YES	Examples for Problem 12: free resolutions and Tor groups	ca3b9d434aa918084eef661645fd5554db615ea26b6d2e213ea802247ec335f9
theory-of-algebraic-topology-12.tex	chapters/tex/theory-of-algebraic-topology-12.tex	FALLBACK.ALL_UNMATCHED	theory-of-algebraic-topology-12.tex:visual:006	visual	The \(2\)-periodic free resolution of \(M_1=R/(x)\).	VIII/25	YES	Examples for Problem 12: free resolutions and Tor groups	4c92cf3b2a90edbcdd723dd5783bdedb03ab53a72aeca89ec8b2367c08c7aab9
theory-of-algebraic-topology-12.tex	chapters/tex/theory-of-algebraic-topology-12.tex	FALLBACK.ALL_UNMATCHED	theory-of-algebraic-topology-12.tex:visual:007	visual	After tensoring with \(M_1\), all differentials are zero.	VIII/25	YES	Examples for Problem 12: free resolutions and Tor groups	422ae19c4e53e338c828a61ad99eeb128ba4452ca898ca9b640108b079eebcec
theory-of-algebraic-topology-12.tex	chapters/tex/theory-of-algebraic-topology-12.tex	FALLBACK.ALL_UNMATCHED	theory-of-algebraic-topology-12.tex:visual:008	visual	After tensoring with \(M_2\), the differentials alternate between multiplication by \(x\) and the zero map.	VIII/25	YES	Examples for Problem 12: free resolutions and Tor groups	91a7e7e48c860d2190c9a220205d98a44d14386a126c60ad0aae76297dfc7a85
theory-of-algebraic-topology-12.tex	chapters/tex/theory-of-algebraic-topology-12.tex	FALLBACK.ALL_UNMATCHED	theory-of-algebraic-topology-12.tex:visual:009	visual	For \(X=D^1\) and \(A=S^0\), the space \(Y\) is the bottom edge together with the two side edges.	VIII/25	YES	Examples for Problem 13: extension from bottom and side wall	4dc269de88c258d26679ca3fed97a4c955dd8c1e8c33955f23759cd820fd19f7
theory-of-algebraic-topology-12.tex	chapters/tex/theory-of-algebraic-topology-12.tex	FALLBACK.ALL_UNMATCHED	theory-of-algebraic-topology-12.tex:visual:010	visual	For \(X=D^2\) and \(A=S^1\), \(Y\) is the bottom disk plus the cylindrical side wall.	VIII/25	YES	Examples for Problem 13: extension from bottom and side wall	043eeeddb722e68df573f2f545930674407faafdffc4f3f12b461e588c60a496
theory-of-algebraic-topology-12.tex	chapters/tex/theory-of-algebraic-topology-12.tex	FALLBACK.ALL_UNMATCHED	theory-of-algebraic-topology-12.tex:visual:011	visual	A filled triangle crossed with \(I\) gives a triangular prism. The space \(Y\) consists of the bottom triangle and the three side faces.	VIII/25	YES	Examples for Problem 13: extension from bottom and side wall	b802746e93f31b9d6e2147e100491b1f684e7ab8296d3733c85c57375f888b03
theory-of-algebraic-topology-12.tex	chapters/tex/theory-of-algebraic-topology-12.tex	FALLBACK.ALL_UNMATCHED	theory-of-algebraic-topology-12.tex:visual:012	visual	A homotopy given on the boundary circle and an initial map on the whole disk extends over the whole disk cylinder.	VIII/25	YES	Examples for Problem 13: extension from bottom and side wall	082665d9b325c1ec0ad7c769a62dd0aa7d93e0b18cb18cc8dadf4ebb0927cce2
theory-of-algebraic-topology-12.tex	chapters/tex/theory-of-algebraic-topology-12.tex	T01.SECTION	theory-of-algebraic-topology-12.tex:visual:013	visual	Reduction of a chain complex modulo a prime \(p\).	VIII/25	YES	Final diagram summary	e9de60b740d90cbff6e6b32ee69d1a60868c8da46b27893febbbff24c6816f65
theory-of-algebraic-topology-12.tex	chapters/tex/theory-of-algebraic-topology-12.tex	T01.SECTION	theory-of-algebraic-topology-12.tex:visual:014	visual	The periodic resolution and its tensor products with \(M_1\) and \(M_2\).	VIII/25	YES	Final diagram summary	4a977382790b7f13c1b94bd03668a6310c91da9d2db25f15a0f3fc7f0e7245fd
theory-of-algebraic-topology-12.tex	chapters/tex/theory-of-algebraic-topology-12.tex	T01.SECTION	theory-of-algebraic-topology-12.tex:visual:015	visual	Schematic picture of \(Y=X\times\{0\	VIII/25	YES	Final diagram summary	4def28167e0ced395b13cf3d3575857b0c396c7d5525ba4e6a38e16f1fdc8f38
theory-of-algebraic-topology-12.tex	chapters/tex/theory-of-algebraic-topology-12.tex	FALLBACK.ALL_UNMATCHED	theory-of-algebraic-topology-12.tex:visual:016	visual	A map \(X\to S^{n+1	VIII/25	YES	Examples for Problem 14	b6efdd7f1b7458b5a8523c1c57229f751b9231166b80ca8e5d696c9a26ab4185
theory-of-algebraic-topology-12.tex	chapters/tex/theory-of-algebraic-topology-12.tex	FALLBACK.ALL_UNMATCHED	theory-of-algebraic-topology-12.tex:visual:017	visual	Collapsing the \(1\)-skeleton of the standard CW structure on \(T^2\) gives a sphere.	VIII/25	YES	Examples for Problem 14	4dd0140ddef9b39e68c08d993c9e5c142f0f918f4b0d78586ef95f00931e3a6b
theory-of-algebraic-topology-12.tex	chapters/tex/theory-of-algebraic-topology-12.tex	FALLBACK.ALL_UNMATCHED	theory-of-algebraic-topology-12.tex:visual:018	visual	A map \(S^1\vee S^2\to S^2\) can be homotoped to kill the \(S^1\)-summand.	VIII/25	YES	Examples for Problem 14	05ef63bec045a61663965d146019bc97ccbc1031864cb971cc9a0d5db073eb7b
theory-of-algebraic-topology-12.tex	chapters/tex/theory-of-algebraic-topology-12.tex	FALLBACK.ALL_UNMATCHED	theory-of-algebraic-topology-12.tex:visual:019	visual	For \(S^2\), the Hurewicz homomorphism \(\pi_2(S^2)\to H_2(S^2)\) is an isomorphism.	VIII/25	YES	Examples for Problem 14	6f0f7be1736244fcb86cf1cdbba2724adb6104f13b1d49f994e4cae56dc1671a
theory-of-algebraic-topology-12.tex	chapters/tex/theory-of-algebraic-topology-12.tex	FALLBACK.ALL_UNMATCHED	theory-of-algebraic-topology-12.tex:visual:020	visual	After collapsing \(Y_n\), each \((n+1)\)-cell becomes a sphere \(S^{n+1	VIII/25	YES	Examples for Problem 14	f88814012da2efc4fcf376244d6a769371cf78767c66a68c44c29d1d8cccb626
theory-of-algebraic-topology-12.tex	chapters/tex/theory-of-algebraic-topology-12.tex	FALLBACK.ALL_UNMATCHED	theory-of-algebraic-topology-12.tex:visual:021	visual	The presentation complex has one vertex, three loops, and three \(2\)-cells attached by the relators.	VIII/25	YES	Examples for Problem 15(a)	339ef89eb2128f553868dae03f84adc822365ae3834c2856869f36d156ae2c55
theory-of-algebraic-topology-12.tex	chapters/tex/theory-of-algebraic-topology-12.tex	FALLBACK.ALL_UNMATCHED	theory-of-algebraic-topology-12.tex:visual:022	visual	Removing a \(3\)-ball from the Poincaré homology sphere gives an acyclic but non-contractible space.	VIII/25	YES	Examples for Problem 15(a)	ed3c69c4e2a2326839de1170504c93f446355176244fc91c96a6a0ed401edf82
theory-of-algebraic-topology-12.tex	chapters/tex/theory-of-algebraic-topology-12.tex	FALLBACK.ALL_UNMATCHED	theory-of-algebraic-topology-12.tex:visual:023	visual	The wedge \(S^1\vee S^2\): a circle and a sphere attached at one basepoint.	VIII/25	YES	Examples for Problem 15(b)	e8d1d8669d620f393248f3805711824745537f281160466bb3edffdd6d50aa99
theory-of-algebraic-topology-12.tex	chapters/tex/theory-of-algebraic-topology-12.tex	FALLBACK.ALL_UNMATCHED	theory-of-algebraic-topology-12.tex:visual:024	visual	The universal cover is an infinite line with a copy of \(S^2\) attached at each integer point.	VIII/25	YES	Examples for Problem 15(b)	883741ddcd534a5ee77284084ffc81d6ab1cfd9c38a73440a269a26243fee9b6
theory-of-algebraic-topology-12.tex	chapters/tex/theory-of-algebraic-topology-12.tex	FALLBACK.ALL_UNMATCHED	theory-of-algebraic-topology-12.tex:visual:025	visual	The map sends \(u\) to \(2u-tu\). Homology sees this as \(2[S^2]-[S^2]=[S^2]\).	VIII/25	YES	Examples for Problem 15(b)	c2810b63a9a269399079a829e183b1460a4383f447bfd230cef722f311f43c1c
theory-of-algebraic-topology-13.tex	chapters/tex/theory-of-algebraic-topology-13.tex	FALLBACK.ALL_UNMATCHED	theory-of-algebraic-topology-13.tex:visual:001	visual	Part IV. A covering of \(T^2\) by three contractible open subsets	VIII/26	YES	Part IV. A covering of \(T^2\) by three contractible open subsets	8608a5862e43b97c06c1c06748d10b759a6ba3b177f44dc2a61e2975bad05da3
theory-of-algebraic-topology-13.tex	chapters/tex/theory-of-algebraic-topology-13.tex	T02.SECTION	theory-of-algebraic-topology-13.tex:visual:002	visual	The diagonal map and the cup product	VIII/27	YES	The diagonal map and the cup product	5e9ac40db68693d49dbfb5776d8d5b24d205f94e91fab4897a5d8fb7a6ca9405
theory-of-algebraic-topology-13.tex	chapters/tex/theory-of-algebraic-topology-13.tex	FALLBACK.ALL_UNMATCHED	theory-of-algebraic-topology-13.tex:visual:003	visual	A geometric picture of a three-set cover of \(T^2\)	VIII/26	YES	A geometric picture of a three-set cover of \(T^2\)	2fc9dd00069ccd5a1c7c430b9318ff5de27bf217d6eca9c9ea2335f3b2448a02
theory-of-algebraic-topology-13.tex	chapters/tex/theory-of-algebraic-topology-13.tex	FALLBACK.ALL_UNMATCHED	theory-of-algebraic-topology-13.tex:visual:004	visual	Problem 6. Maps between closed orientable surfaces of different genus	VIII/26	YES	Problem 6. Maps between closed orientable surfaces of different genus	b3add5b0a40bf951fe4ec4b26acb5be05dfa4d788faaffbb06ed8eaa8deab15b
theory-of-algebraic-topology-13.tex	chapters/tex/theory-of-algebraic-topology-13.tex	FALLBACK.ALL_UNMATCHED	theory-of-algebraic-topology-13.tex:visual:005	visual	The mapping cone \(X_\phi\)	VIII/26	YES	The mapping cone \(X_\phi\)	9178462de1e37469a84875a25b6263abb0c43008b88f4a7358232bdbce4238d1
theory-of-algebraic-topology-13.tex	chapters/tex/theory-of-algebraic-topology-13.tex	T02.SECTION	theory-of-algebraic-topology-13.tex:visual:006	visual	Part (b). Nontriviality for even \(n\)	VIII/27	YES	Part (b). Nontriviality for even \(n\)	410950daf40a601e607b2e4e7d22b231c23c20d99cb5f90b4ca470a0a97e334b
theory-of-algebraic-topology-14.tex	chapters/tex/theory-of-algebraic-topology-14.tex	T01.SECTION	theory-of-algebraic-topology-14.tex:visual:001	visual	"Key geometric diagrams for vector bundles over spheres. The first panel shows the clutching construction over \(S^n\); the second compares the trivial line bundle over \(S^1\) with the M\""obius line bundle; the third compares the torus and Klein bottle as sphere bundles over \(S^1\); the fourth interprets these examples as mapping tori."	VIII/30	YES	Diagrams and summary charts for Problems 11--12	12c8bf8552afdad3094a6993a92388b32a7331888c5aafa7aa36a142eb52fff0
theory-of-algebraic-topology-14.tex	chapters/tex/theory-of-algebraic-topology-14.tex	T01.SECTION	theory-of-algebraic-topology-14.tex:visual:002	visual	Classification chart and examples for vector bundles over spheres. Rank \(k\) real vector bundles over \(S^n\) are described by clutching maps \(S^{n-1	VIII/30	YES	Diagrams and summary charts for Problems 11--12	425f456548bdf1e744f6f9635779c6b313efbd5f37b0b17475ebabdf53b0cdd6
theory-of-algebraic-topology-14.tex	chapters/tex/theory-of-algebraic-topology-14.tex	FALLBACK.ALL_UNMATCHED	theory-of-algebraic-topology-14.tex:visual:003	visual	Diagram: Direct sum versus product bundle	VIII/30	YES	Diagram: Direct sum versus product bundle	e6128d9f1034e792b088c62170af7c059aaf11c81b120805cdc2c82473453358
theory-of-algebraic-topology-14.tex	chapters/tex/theory-of-algebraic-topology-14.tex	FALLBACK.ALL_UNMATCHED	theory-of-algebraic-topology-14.tex:visual:004	visual	Diagram: \(S(TS^{2	VIII/30	YES	Diagram: \(S(TS^{2	bdb94023d5b5e45ddbbb5b3411622d860c593c28419591bf741bbcda7f8f739f
theory-of-algebraic-topology-14.tex	chapters/tex/theory-of-algebraic-topology-14.tex	FALLBACK.ALL_UNMATCHED	theory-of-algebraic-topology-14.tex:visual:005	visual	Diagram: \(SO(3)\cong \RP^{3	VIII/30	YES	Diagram: \(SO(3)\cong \RP^{3	695b0c3025602974adec9e211913da09cf17cc2b3d56183075a6c40c458d3a4e
theory-of-algebraic-topology-14.tex	chapters/tex/theory-of-algebraic-topology-14.tex	FALLBACK.ALL_UNMATCHED	theory-of-algebraic-topology-14.tex:visual:006	visual	Flow chart: Euler class from the Gysin sequence	VIII/30	YES	Flow chart: Euler class from the Gysin sequence	605b37b68fd67b6c7ceb893c28421cb6e151bd9bd5dd033b46d03e8c2b7579cc
theory-of-algebraic-topology-14.tex	chapters/tex/theory-of-algebraic-topology-14.tex	FALLBACK.ALL_UNMATCHED	theory-of-algebraic-topology-14.tex:visual:007	visual	Diagram: The orthogonal complement \(F^\perp\)	VIII/30	YES	Diagram: The orthogonal complement \(F^\perp\)	e6f0b750a601a76fe57fb7147489fc844a86c9bc6c9ee5e65b4c5168719dd51d
theory-of-algebraic-topology-14.tex	chapters/tex/theory-of-algebraic-topology-14.tex	T01.SECTION	theory-of-algebraic-topology-14.tex:visual:008	visual	Flow chart: Why \(F^\perp\) is a vector bundle	VIII/30	YES	Flow chart: Why \(F^\perp\) is a vector bundle	f08878fe00f41f2952fa9ffef162e1517e3d81a21d5fad9b81808d1b8c8a66da
theory-of-algebraic-topology-15.tex	chapters/tex/theory-of-algebraic-topology-15.tex	T04.SECTION	theory-of-algebraic-topology-15.tex:visual:001	visual	Connected sum: remove one open \(n\)-ball from each manifold and glue the two boundary spheres.	VIII/33	YES	Diagram 1: Construction of the connected sum	590a1486be323b349591099ac3e48f034a88652ace490d0296c189cb036ab327
theory-of-algebraic-topology-15.tex	chapters/tex/theory-of-algebraic-topology-15.tex	FALLBACK.ALL_UNMATCHED	theory-of-algebraic-topology-15.tex:visual:002	visual	Near the gluing sphere, two boundary half-neighborhoods glue to an ordinary \(n\)-dimensional neighborhood.	VIII/31	YES	Diagram 2: Local model near the glued sphere	759da1dee826f7a61892bf21e8744954f4dba897b97bd8c7ab7ac77ad2441a57
theory-of-algebraic-topology-15.tex	chapters/tex/theory-of-algebraic-topology-15.tex	FALLBACK.ALL_UNMATCHED	theory-of-algebraic-topology-15.tex:visual:003	visual	The boundary orientations must be opposite so that the orientations glue correctly across the neck.	VIII/31	YES	Diagram 3: Orientation compatibility	e5528e88f2722129f2594203aa91d71c5cc4021fb2433837b66d38ffccf838cf
theory-of-algebraic-topology-15.tex	chapters/tex/theory-of-algebraic-topology-15.tex	T04.SECTION	theory-of-algebraic-topology-15.tex:visual:004	visual	Mayer--Vietoris cover: \(A\simeq M_1'\), \(B\simeq M_2'\), and \(A\cap B\simeq S^{n-1	VIII/33	YES	Diagram 4: Mayer--Vietoris cover of the connected sum	1e76044a6a9de9776a4e273c3787b9a33b3577167d308b84ddca3ac59789fb2f
theory-of-algebraic-topology-15.tex	chapters/tex/theory-of-algebraic-topology-15.tex	OVR.VIII_29.SECTION	theory-of-algebraic-topology-15.tex:visual:005	visual	The cup product pairing of a connected sum is the orthogonal direct sum of the pairings of the two summands.	VIII/29	YES	Diagram 6: Cup product pairing becomes block diagonal	9894b8830d2f36cd35a6d3b662c2b90dfc2cd08c114805c3057c47a91d1e3ddd
theory-of-algebraic-topology-15.tex	chapters/tex/theory-of-algebraic-topology-15.tex	T04.SECTION	theory-of-algebraic-topology-15.tex:visual:006	visual	For orientable surfaces, connected sum adds handles: \(\Sigma_g\#\Sigma_h\cong \Sigma_{g+h	VIII/33	YES	Diagram 7: Surface connected sums	8109c5e2e49f428a9f5b5559e6b3d166c740a4a4b0986b842fd3125d239319c2
theory-of-algebraic-topology-15.tex	chapters/tex/theory-of-algebraic-topology-15.tex	OVR.VIII_29.SECTION	theory-of-algebraic-topology-15.tex:visual:007	visual	"From Thom classes to the Euler class formula for a direct sum bundle.\\
		\textit{Source: own material."	VIII/29	YES	Figures and Tables for Problems 6--8	3559035c13ae1e476e691c62a07b97c95080abe3e7c7da338f370d050f59039c
theory-of-algebraic-topology-15.tex	chapters/tex/theory-of-algebraic-topology-15.tex	OVR.VIII_29.SECTION	theory-of-algebraic-topology-15.tex:visual:008	visual	"Fiberwise picture behind the Thom class of \(E_1\oplus E_2\).\\
		\textit{Source: own material."	VIII/29	YES	Figures and Tables for Problems 6--8	eaaf32abb253ab987107953ad220d05f3749430264262f50c665a01086d2615f
theory-of-algebraic-topology-15.tex	chapters/tex/theory-of-algebraic-topology-15.tex	OVR.VIII_29.SECTION	theory-of-algebraic-topology-15.tex:visual:009	visual	Cohomological mechanism behind B\'ezout's theorem in \(\mathbb{CP	VIII/29	YES	Figures and Tables for Problems 6--8	ece716d8bf7fb84ff845b0d6377a8e60d8106eac33ec9a70692a6a1d7ed05830
theory-of-algebraic-topology-15.tex	chapters/tex/theory-of-algebraic-topology-15.tex	OVR.VIII_29.SECTION	theory-of-algebraic-topology-15.tex:visual:010	visual	Geometric setup for the sphere bundle \(S(T\mathbb{CP	VIII/29	YES	Figures and Tables for Problems 6--8	37d7e37787ba34e6552d2fa73dc14b153d9bdadec2c8417b94c9fb79e34c8c52
theory-of-algebraic-topology-15.tex	chapters/tex/theory-of-algebraic-topology-15.tex	OVR.VIII_29.SECTION	theory-of-algebraic-topology-15.tex:visual:011	visual	How the Gysin sequence produces the torsion term in \(H_*(S(T\mathbb{CP	VIII/29	YES	Figures and Tables for Problems 6--8	3adc31b7f422390fc54b01ee697ca1fced9205dd0efd5b4c05dcf95c9878e3aa
theory-of-algebraic-topology-15.tex	chapters/tex/theory-of-algebraic-topology-15.tex	OVR.VIII_29.SECTION	theory-of-algebraic-topology-15.tex:visual:012	visual	"Conceptual summary of Problems 6--8.\\
		\textit{\'Zr\'od\l o: opracowanie w\l asne."	VIII/29	YES	Figures and Tables for Problems 6--8	5310e888f0867ea2f8ad15137067538a0dd3dc475bac0c0ef0c2815d0a518394
theory-of-algebraic-topology-15.tex	chapters/tex/theory-of-algebraic-topology-15.tex	OVR.VIII_29.SECTION	theory-of-algebraic-topology-15.tex:visual:013	visual	Diagrams and Charts for Problems 3--5	VIII/29	YES	Diagrams and Charts for Problems 3--5	ad050f876b6da89f5178b608efd971bf4b621901c9d73f35a90e5af8c66441f3
theory-of-algebraic-topology-15.tex	chapters/tex/theory-of-algebraic-topology-15.tex	OVR.VIII_29.SECTION	theory-of-algebraic-topology-15.tex:visual:014	visual	Diagrams and Charts for Problems 3--5	VIII/29	YES	Diagrams and Charts for Problems 3--5	2f871b688fc1897f543a232244ef524ab66d4039e8b429651701a7046c057872
theory-of-algebraic-topology-15.tex	chapters/tex/theory-of-algebraic-topology-15.tex	OVR.VIII_29.SECTION	theory-of-algebraic-topology-15.tex:visual:015	visual	Diagrams and Charts for Problems 3--5	VIII/29	YES	Diagrams and Charts for Problems 3--5	25c69b1f8a01e6a01bc4efeca0709cdb35b288b31e9df85dfcc3ac5aed23edeb
theory-of-algebraic-topology-15.tex	chapters/tex/theory-of-algebraic-topology-15.tex	OVR.VIII_29.SECTION	theory-of-algebraic-topology-15.tex:visual:016	visual	Diagrams and Charts for Problems 3--5	VIII/29	YES	Diagrams and Charts for Problems 3--5	9cc94714b87a692eb89163c07d3739df9cbc754bf386225e69d9fca044d7e7a7
theory-of-algebraic-topology-15.tex	chapters/tex/theory-of-algebraic-topology-15.tex	OVR.VIII_29.SECTION	theory-of-algebraic-topology-15.tex:visual:017	visual	Diagrams and Charts for Problems 3--5	VIII/29	YES	Diagrams and Charts for Problems 3--5	bff6f25ab702c710606a8093b0ec31f90f78c4218aed502b6868d439dc6d5cec
theory-of-algebraic-topology-15.tex	chapters/tex/theory-of-algebraic-topology-15.tex	OVR.VIII_29.SECTION	theory-of-algebraic-topology-15.tex:visual:018	visual	Diagrams and Charts for Problems 3--5	VIII/29	YES	Diagrams and Charts for Problems 3--5	9fe8a52b739800e5ee638fadc7820ed25771ea4d868d5704e862f0afdbd89a4f
theory-of-algebraic-topology-16.tex	chapters/tex/theory-of-algebraic-topology-16.tex	FALLBACK.ALL_UNMATCHED	theory-of-algebraic-topology-16.tex:definition:001	definition	Manifold	VIII/32	NO	Basic definitions	322ab20e431aae3c768204cd03cd0ac7f31fa706ea2c1490679e6671c51b7e67
theory-of-algebraic-topology-16.tex	chapters/tex/theory-of-algebraic-topology-16.tex	FALLBACK.ALL_UNMATCHED	theory-of-algebraic-topology-16.tex:example:002	example	the circle s 1 is a 1 dimensional manifold because near every point it	VIII/32	NO	Basic definitions	5b68428a08fca2e163a050d94b18934a5b544110576eeeaf0e843e8f9362ebc6
theory-of-algebraic-topology-16.tex	chapters/tex/theory-of-algebraic-topology-16.tex	FALLBACK.ALL_UNMATCHED	theory-of-algebraic-topology-16.tex:example:003	example	the sphere s 2 is a 2 dimensional manifold because near every point it	VIII/32	NO	Basic definitions	4ac43b6633d78f92fb593d97cc008bca88c679b1317eb9c905a1bddcb4811ff2
theory-of-algebraic-topology-16.tex	chapters/tex/theory-of-algebraic-topology-16.tex	FALLBACK.ALL_UNMATCHED	theory-of-algebraic-topology-16.tex:example:004	example	the 3 sphere s 3 is a 3 dimensional manifold although it is harder	VIII/32	NO	Basic definitions	9380aca6bac9ecf311804930af16d1963b596929ffdb85ddba318a7cbb989720
theory-of-algebraic-topology-16.tex	chapters/tex/theory-of-algebraic-topology-16.tex	FALLBACK.ALL_UNMATCHED	theory-of-algebraic-topology-16.tex:definition:005	definition	Closed manifold	VIII/32	NO	Basic definitions	360eb763b56953cfb109fe9a316649947cfcb2393a12c924520d7b5158ad7ab9
theory-of-algebraic-topology-16.tex	chapters/tex/theory-of-algebraic-topology-16.tex	FALLBACK.ALL_UNMATCHED	theory-of-algebraic-topology-16.tex:example:006	example	the circle s 1 is closed it is compact and has no boundary	VIII/32	NO	Basic definitions	e641fc38bdc625752057049919e9bdc4fb5e669c474027805d9f94971de5b99d
theory-of-algebraic-topology-16.tex	chapters/tex/theory-of-algebraic-topology-16.tex	FALLBACK.ALL_UNMATCHED	theory-of-algebraic-topology-16.tex:example:007	example	the interval 0 1 is compact but it is not closed as a manifold	VIII/32	NO	Basic definitions	cd9a26febab6b90558b690005610347a1377e0a5f39882318797c8f679ba3d0b
theory-of-algebraic-topology-16.tex	chapters/tex/theory-of-algebraic-topology-16.tex	FALLBACK.ALL_UNMATCHED	theory-of-algebraic-topology-16.tex:example:008	example	the sphere s 2 is closed the disk d 2 is not closed as	VIII/32	NO	Basic definitions	7904515271213cf781416598d3a5ddfa1d04eb874b9fefd227b49c3ce0072b63
theory-of-algebraic-topology-16.tex	chapters/tex/theory-of-algebraic-topology-16.tex	FALLBACK.ALL_UNMATCHED	theory-of-algebraic-topology-16.tex:definition:009	definition	Betti number	VIII/32	NO	Betti numbers	6dc2cecf0247dc26a4ee9ce16b5e7a6085b15ca86e903c8d43466746cca56f14
theory-of-algebraic-topology-16.tex	chapters/tex/theory-of-algebraic-topology-16.tex	FALLBACK.ALL_UNMATCHED	theory-of-algebraic-topology-16.tex:example:010	example	for the circle s 1 we have b 0 s 1 1 b 1	VIII/32	NO	Betti numbers	8ab96a68ca6ccaf16581053249fa3f6ab926aeb5e3e3d517a074b9553408a20e
theory-of-algebraic-topology-16.tex	chapters/tex/theory-of-algebraic-topology-16.tex	FALLBACK.ALL_UNMATCHED	theory-of-algebraic-topology-16.tex:example:011	example	for the sphere s 2 we have b 0 s 2 1 b 1	VIII/32	NO	Betti numbers	9fbc9cccefed7f07224a6ad0a6748bdc58ef1e7c5852af9bd832c511579de233
theory-of-algebraic-topology-16.tex	chapters/tex/theory-of-algebraic-topology-16.tex	FALLBACK.ALL_UNMATCHED	theory-of-algebraic-topology-16.tex:definition:012	definition	Euler characteristic	VIII/32	NO	Euler characteristic	5d450ec0766c7adf844ce88d0f6a1c5f68419855c64cc3343319d3d4e604b28f
theory-of-algebraic-topology-16.tex	chapters/tex/theory-of-algebraic-topology-16.tex	FALLBACK.ALL_UNMATCHED	theory-of-algebraic-topology-16.tex:theorem:013	theorem	Poincaré duality	VIII/32	NO	Step 1: Closed odd-dimensional manifolds	c605cfa216d2fa3846e98c8a00fc24be6d26e254f2d924373f160d86da0c46a8
theory-of-algebraic-topology-16.tex	chapters/tex/theory-of-algebraic-topology-16.tex	FALLBACK.ALL_UNMATCHED	theory-of-algebraic-topology-16.tex:definition:014	definition	Betti number	VIII/32	NO	Definition of Betti numbers	4e78765bddaee9ef4eab152bacd3a233ef61eea35f8e618ae76cf69c69232365
theory-of-algebraic-topology-16.tex	chapters/tex/theory-of-algebraic-topology-16.tex	FALLBACK.ALL_UNMATCHED	theory-of-algebraic-topology-16.tex:definition:015	definition	Euler characteristic	VIII/32	NO	Definition of Euler characteristic	9187cea214c4ef13757a81e5939a625f7dae48fc29e1b9f20b3aa2ec16fc3268
theory-of-algebraic-topology-16.tex	chapters/tex/theory-of-algebraic-topology-16.tex	T02.SECTION	theory-of-algebraic-topology-16.tex:visual:001	visual	Problem 9 (rank-$3$ bundles over $S^4$): clutching construction and the obstruction to a nonvanishing section. \emph{Source: own material.	VIII/30	YES	Figures and Tables for Problems 9--11	1fec3ce46010961a1b71e7f62928ffd9069b23ae5e465e901d3f395bf265dada
theory-of-algebraic-topology-16.tex	chapters/tex/theory-of-algebraic-topology-16.tex	T02.SECTION	theory-of-algebraic-topology-16.tex:visual:002	visual	Why closed odd-dimensional manifolds have Euler characteristic zero. \emph{Source: own material.	VIII/30	YES	Figures and Tables for Problems 9--11	c3be1d6914fc4e58bafd694f2f543cc135d4c5ed9865f041496a091276d100af
theory-of-algebraic-topology-16.tex	chapters/tex/theory-of-algebraic-topology-16.tex	T02.SECTION	theory-of-algebraic-topology-16.tex:visual:003	visual	Why closed odd-dimensional manifolds have Euler characteristic zero. \emph{Source: own material.	VIII/30	YES	Figures and Tables for Problems 9--11	093c02829af417767ed3e034beb2a607ca73dfc484c0aa1fe656e0ba673a8609
theory-of-algebraic-topology-16.tex	chapters/tex/theory-of-algebraic-topology-16.tex	T02.SECTION	theory-of-algebraic-topology-16.tex:visual:004	visual	The double construction and the boundary formula for Euler characteristic. \emph{Source: own material.	VIII/30	YES	Figures and Tables for Problems 9--11	7e1749c9b79ba94d87a4e55b14a6368b69d2c3320e0a85b83495fd212c5d0377
theory-of-algebraic-topology-16.tex	chapters/tex/theory-of-algebraic-topology-16.tex	T02.SECTION	theory-of-algebraic-topology-16.tex:visual:005	visual	Fixed points as intersections of the graph of \(f\) with the diagonal. \emph{Source: own material.	VIII/30	YES	Figures and Tables for Problems 9--11	942851cd7bd62186c4428c030b83e4bbebcf43c10d59fbf358e499d3e4f38708
theory-of-algebraic-topology-16.tex	chapters/tex/theory-of-algebraic-topology-16.tex	T02.SECTION	theory-of-algebraic-topology-16.tex:visual:006	visual	From the diagonal class to the Lefschetz number. \emph{Source: own material.	VIII/30	YES	Figures and Tables for Problems 9--11	8eccf67db7e6b54422fdefbf9ac63545a499d4ca7da68b87e83218bb6da8afbb
theory-of-algebraic-topology-16.tex	chapters/tex/theory-of-algebraic-topology-16.tex	T02.SECTION	theory-of-algebraic-topology-16.tex:visual:007	visual	Logical structure of the Lefschetz fixed point criterion. \emph{Source: own material.	VIII/30	YES	Figures and Tables for Problems 9--11	71edd6fe0951b697260f4d58c799b3a8efadb8dd01767c8606a3f65e264bcc4f
theory-of-algebraic-topology-16.tex	chapters/tex/theory-of-algebraic-topology-16.tex	T02.SECTION	theory-of-algebraic-topology-16.tex:visual:008	visual	Conceptual summary of Problems 9--11. \emph{Source: own material.	VIII/30	YES	Figures and Tables for Problems 9--11	83cadec3a9f92172dab1e80c2d0436fc3e9e08c84960f2b9131ab17d74ebdcb0
theory-of-algebraic-topology-16.tex	chapters/tex/theory-of-algebraic-topology-16.tex	T01.SECTION	theory-of-algebraic-topology-16.tex:visual:009	visual	Diagram: general sphere bundle	VIII/32	YES	Diagram: general sphere bundle	e5feab70e0fff8acf639c0cd32ccf40ba8eaccdc03c16f7aacc792aa6549e6bd
theory-of-algebraic-topology-16.tex	chapters/tex/theory-of-algebraic-topology-16.tex	T01.SECTION	theory-of-algebraic-topology-16.tex:visual:010	visual	Diagram: disk bundle and sphere boundary	VIII/32	YES	Diagram: disk bundle and sphere boundary	ff4a254551aaa140391b98b851f6e67478a7f0a8e2a822dfbb5879361a0ec43a
theory-of-algebraic-topology-17.tex	chapters/tex/theory-of-algebraic-topology-17.tex	T03.THEORY_CHILDREN	theory-of-algebraic-topology-17.tex:lemma:001	lemma	Symplectic dimension parity	VIII/27	NO	Problem 5: parity of the middle Betti number in dimension $4n+2$	c992a406696132a87447b80901a7f6722ffa5034e534a0690c9a077f30e948b1
theory-of-algebraic-topology-17.tex	chapters/tex/theory-of-algebraic-topology-17.tex	T02.SECTION	theory-of-algebraic-topology-17.tex:visual:001	visual	Diagrams for Problem 8: Acyclic Free Chain Complexes	VIII/23	YES	Diagrams for Problem 8: Acyclic Free Chain Complexes	fa419f5cb93a0e1855cc436ee7dc85146c9cd80361e8d3cce4d5d272124d07d8
theory-of-algebraic-topology-17.tex	chapters/tex/theory-of-algebraic-topology-17.tex	T02.SECTION	theory-of-algebraic-topology-17.tex:visual:002	visual	Diagrams for Problem 8: Acyclic Free Chain Complexes	VIII/23	YES	Diagrams for Problem 8: Acyclic Free Chain Complexes	6691f5c563a879ff8ff597e8647556058953c53856bc02e59a22a86704694f1c
theory-of-algebraic-topology-17.tex	chapters/tex/theory-of-algebraic-topology-17.tex	T02.SECTION	theory-of-algebraic-topology-17.tex:visual:003	visual	Diagrams for Problem 8: Acyclic Free Chain Complexes	VIII/23	YES	Diagrams for Problem 8: Acyclic Free Chain Complexes	03dd0c105b5d821b63f87348c6e62f943a71d6ef5017ef5b527446517cbd3ebb
theory-of-algebraic-topology-17.tex	chapters/tex/theory-of-algebraic-topology-17.tex	T03.SECTION	theory-of-algebraic-topology-17.tex:visual:004	visual	Diagrams for Problem 9: Products of Polyhedra	VIII/27	YES	Diagrams for Problem 9: Products of Polyhedra	bc952123ecb3faf51c455c26d3839637308ff39535dba8021286a20ee26b9b75
theory-of-algebraic-topology-17.tex	chapters/tex/theory-of-algebraic-topology-17.tex	T03.SECTION	theory-of-algebraic-topology-17.tex:visual:005	visual	Diagrams for Problem 9: Products of Polyhedra	VIII/27	YES	Diagrams for Problem 9: Products of Polyhedra	6c15da678caf39efd8a1f647dbc5ca712cda1d4f0a00369086006528afe03e42
theory-of-algebraic-topology-17.tex	chapters/tex/theory-of-algebraic-topology-17.tex	T03.SECTION	theory-of-algebraic-topology-17.tex:visual:006	visual	Diagrams for Problem 9: Products of Polyhedra	VIII/27	YES	Diagrams for Problem 9: Products of Polyhedra	c73ec71e490a6bd158b87ba945baf862112b371e50f833233e505754797eb336
theory-of-algebraic-topology-17.tex	chapters/tex/theory-of-algebraic-topology-17.tex	T03.SECTION	theory-of-algebraic-topology-17.tex:visual:007	visual	Diagrams for Problem 9: Products of Polyhedra	VIII/27	YES	Diagrams for Problem 9: Products of Polyhedra	505951b9a902621ba08aed3148c13ac419448086631e674c12b46203029aecd9
theory-of-algebraic-topology-17.tex	chapters/tex/theory-of-algebraic-topology-17.tex	T03.SECTION	theory-of-algebraic-topology-17.tex:visual:008	visual	Diagrams for Problem 9: Products of Polyhedra	VIII/27	YES	Diagrams for Problem 9: Products of Polyhedra	67752d78335f32f05d8d98140ea229b3ca60283365e75491f3dfb0d03b23c5e5
theory-of-algebraic-topology-17.tex	chapters/tex/theory-of-algebraic-topology-17.tex	T03.SECTION	theory-of-algebraic-topology-17.tex:visual:009	visual	Diagrams for Problem 9: Products of Polyhedra	VIII/27	YES	Diagrams for Problem 9: Products of Polyhedra	07e17189b1ca9b0c5cbfd9c13f93bf6452cd24554db08f25e5ad580d68ef32e7
theory-of-algebraic-topology-17.tex	chapters/tex/theory-of-algebraic-topology-17.tex	FALLBACK.ALL_UNMATCHED	theory-of-algebraic-topology-17.tex:visual:010	visual	Diagram 1: Free face and elementary collapse	VIII/23	YES	Diagram 1: Free face and elementary collapse	3fecdd70c9d327d2cb1e680c11f9ebafc1964729a1bd2b1a9635188af0949af6
theory-of-algebraic-topology-17.tex	chapters/tex/theory-of-algebraic-topology-17.tex	FALLBACK.ALL_UNMATCHED	theory-of-algebraic-topology-17.tex:visual:011	visual	Diagram 2: Interval collapses to a point	VIII/23	YES	Diagram 2: Interval collapses to a point	7c72d8242917dc302b408646847f3612d8479b4f6584571fa9e1f81af4c92f84
theory-of-algebraic-topology-17.tex	chapters/tex/theory-of-algebraic-topology-17.tex	FALLBACK.ALL_UNMATCHED	theory-of-algebraic-topology-17.tex:visual:012	visual	Diagram 3: Filled triangle collapses to a point	VIII/23	YES	Diagram 3: Filled triangle collapses to a point	613fb2d3a321bd99bd7dc414be2148c70358d8f1178e135cbcc43fd2adbc7478
theory-of-algebraic-topology-17.tex	chapters/tex/theory-of-algebraic-topology-17.tex	FALLBACK.ALL_UNMATCHED	theory-of-algebraic-topology-17.tex:visual:013	visual	Diagram 4: Square triangulated by a diagonal collapses to a point	VIII/23	YES	Diagram 4: Square triangulated by a diagonal collapses to a point	8ae329b018d556864c20604c62a9ae36f5ae42d0af94d03c0d49a3b66aa01f31
theory-of-algebraic-topology-17.tex	chapters/tex/theory-of-algebraic-topology-17.tex	FALLBACK.ALL_UNMATCHED	theory-of-algebraic-topology-17.tex:visual:014	visual	Diagram 5: Tree collapses by deleting leaf edges	VIII/23	YES	Diagram 5: Tree collapses by deleting leaf edges	3264d9ba87beedf0e2c7c28392856f1b9a54afdcd3277aea84ad63c0035d2d62
theory-of-algebraic-topology-17.tex	chapters/tex/theory-of-algebraic-topology-17.tex	FALLBACK.ALL_UNMATCHED	theory-of-algebraic-topology-17.tex:visual:015	visual	Diagram 6: Circle has no free vertex	VIII/23	YES	Diagram 6: Circle has no free vertex	46566dec6da59e006214b53776062462639b2e672ead4df016a2b03811e7592c
theory-of-algebraic-topology-17.tex	chapters/tex/theory-of-algebraic-topology-17.tex	FALLBACK.ALL_UNMATCHED	theory-of-algebraic-topology-17.tex:visual:016	visual	Diagram 7: Annulus collapses to its central circle	VIII/23	YES	Diagram 7: Annulus collapses to its central circle	8e8ff3690434d424c717577469af891813b5b802db1b7f1936e8b1fef7581ebe
theory-of-algebraic-topology-17.tex	chapters/tex/theory-of-algebraic-topology-17.tex	FALLBACK.ALL_UNMATCHED	theory-of-algebraic-topology-17.tex:visual:017	visual	Diagram 8: Filled tetrahedron versus boundary sphere	VIII/23	YES	Diagram 8: Filled tetrahedron versus boundary sphere	fc9b21849061cdce497d08748ee6cbdc714bef18819792f75dcac9e5dc562140
theory-of-algebraic-topology-2.tex	chapters/tex/theory-of-algebraic-topology-2.tex	T03.SECTION	theory-of-algebraic-topology-2.tex:visual:001	visual	"A schematic two-step description of the dunce cap. 
		First one identifies two edges of the triangle, obtaining a cone (hence a disk). 
		Then the remaining edge is glued according to the same orientation rule, which identifies the boundary circle with the existing edge class and yields the dunce cap."	VIII/07	YES	The dunce cap as a two-step gluing: triangle \(\to\) cone \(\to\) dunce cap	156b01ed71c6342bffb56590cffe553e39bd5a3a55a8e63e4576dc1b4874caf9
theory-of-algebraic-topology-2.tex	chapters/tex/theory-of-algebraic-topology-2.tex	FALLBACK.ALL_UNMATCHED	theory-of-algebraic-topology-2.tex:visual:002	visual	\texorpdfstring{Why \(SO(3)\) is not \(S^3\), and how \(SU(2)\) fits in	VIII/05	YES	\texorpdfstring{Why \(SO(3)\) is not \(S^3\), and how \(SU(2)\) fits in	f39e0c7a1f2defde17baf7abc43247429ffea4004785a837516d01e56e630abe
theory-of-algebraic-topology-2.tex	chapters/tex/theory-of-algebraic-topology-2.tex	FALLBACK.ALL_UNMATCHED	theory-of-algebraic-topology-2.tex:visual:003	visual	\texorpdfstring{Dimension of \(S^3\), \(SO(3)\), and the axis--angle description	VIII/05	YES	\texorpdfstring{Dimension of \(S^3\), \(SO(3)\), and the axis--angle description	7f88cbf1358b78c9b2cd0cb23de86a483876650e6079c591065bd890c229cadf
theory-of-algebraic-topology-2.tex	chapters/tex/theory-of-algebraic-topology-2.tex	FALLBACK.ALL_UNMATCHED	theory-of-algebraic-topology-2.tex:visual:004	visual	\texorpdfstring{Dimension of \(S^3\), \(SO(3)\), and the axis--angle description	VIII/05	YES	\texorpdfstring{Dimension of \(S^3\), \(SO(3)\), and the axis--angle description	76216f29bd6d18cf8817481bb08f436d86a2a63a70aba9227050ecb230836518
theory-of-algebraic-topology-3.tex	chapters/tex/theory-of-algebraic-topology-3.tex	FALLBACK.ALL_UNMATCHED	theory-of-algebraic-topology-3.tex:visual:001	visual	Diagram: the rose with two petals	VIII/10	YES	Diagram: the rose with two petals	0cb00b98c8f6427b1dc94e93401308c9b3012d8ef31a1948d599c4a755e2fb0a
theory-of-algebraic-topology-3.tex	chapters/tex/theory-of-algebraic-topology-3.tex	FALLBACK.ALL_UNMATCHED	theory-of-algebraic-topology-3.tex:visual:002	visual	Diagram: a fragment of the Cayley graph of \texorpdfstring{$F_2$	VIII/10	YES	Diagram: a fragment of the Cayley graph of \texorpdfstring{$F_2$	50c8cc8da8de1420ed04e06696013a0afb95c44d21ef66aafedea268651acd46
theory-of-algebraic-topology-3.tex	chapters/tex/theory-of-algebraic-topology-3.tex	FALLBACK.ALL_UNMATCHED	theory-of-algebraic-topology-3.tex:visual:003	visual	Example: the circle \texorpdfstring{$S^1$	VIII/10	YES	Example: the circle \texorpdfstring{$S^1$	8021f61c57d818e793c36ac1eb64422094dfd9926214134fb3c630cd0eb5dada
theory-of-algebraic-topology-3.tex	chapters/tex/theory-of-algebraic-topology-3.tex	FALLBACK.ALL_UNMATCHED	theory-of-algebraic-topology-3.tex:visual:004	visual	Example: the punctured plane	VIII/10	YES	Example: the punctured plane	699a0bc32021fb90c1fbc5456ebe8daf2da9387ec5222ccff2229f686ce3c5e6
theory-of-algebraic-topology-3.tex	chapters/tex/theory-of-algebraic-topology-3.tex	FALLBACK.ALL_UNMATCHED	theory-of-algebraic-topology-3.tex:visual:005	visual	Example: the sphere \texorpdfstring{$S^2$	VIII/10	YES	Example: the sphere \texorpdfstring{$S^2$	1d68916cbad7794684c5350fb52bb7f103d3d6300b501d06f6614ab278c89137
theory-of-algebraic-topology-3.tex	chapters/tex/theory-of-algebraic-topology-3.tex	FALLBACK.ALL_UNMATCHED	theory-of-algebraic-topology-3.tex:visual:006	visual	Example: the wedge \texorpdfstring{$S^1\vee S^1$	VIII/10	YES	Example: the wedge \texorpdfstring{$S^1\vee S^1$	234639fa4acdad4900d52823896b3f5273f98999b9bdc9efa13001dbbb539810
theory-of-algebraic-topology-3.tex	chapters/tex/theory-of-algebraic-topology-3.tex	FALLBACK.ALL_UNMATCHED	theory-of-algebraic-topology-3.tex:visual:007	visual	Example: the torus	VIII/10	YES	Example: the torus	f333e1506c405c717a4ce83cecd589738005a00a8ae08331fd09d29c89fe09e0
theory-of-algebraic-topology-4.tex	chapters/tex/theory-of-algebraic-topology-4.tex	T01.SECTION	theory-of-algebraic-topology-4.tex:visual:001	visual	A finite-sheeted covering graph of \(R_2\)	VIII/09	YES	A finite-sheeted covering graph of \(R_2\)	6183eff26bf9d004ae97cfa2338125b745f1fbff01349a6708bc968dccdf79e7
theory-of-algebraic-topology-4.tex	chapters/tex/theory-of-algebraic-topology-4.tex	FALLBACK.ALL_UNMATCHED	theory-of-algebraic-topology-4.tex:visual:002	visual	Diagram: sphere split into hemispheres	VIII/09	YES	Diagram: sphere split into hemispheres	287ec01061ec09011dbaf413f00cd23a58caf0d26f822e00cdeda8695303dccf
theory-of-algebraic-topology-4.tex	chapters/tex/theory-of-algebraic-topology-4.tex	FALLBACK.ALL_UNMATCHED	theory-of-algebraic-topology-4.tex:visual:003	visual	Diagram: collapsing the equator	VIII/09	YES	Diagram: collapsing the equator	2a5d1c7a51f5f61557bf7c2e0209ba40f589b24381389eedc75915565652d28b
theory-of-algebraic-topology-4.tex	chapters/tex/theory-of-algebraic-topology-4.tex	FALLBACK.ALL_UNMATCHED	theory-of-algebraic-topology-4.tex:visual:004	visual	Diagram: each hemisphere becomes a sphere	VIII/09	YES	Diagram: each hemisphere becomes a sphere	00cd3afaa239273f9887de074b979de5554a652272e99aa473faa236c738cfd4
theory-of-algebraic-topology-4.tex	chapters/tex/theory-of-algebraic-topology-4.tex	T01.SECTION	theory-of-algebraic-topology-4.tex:visual:005	visual	Definitions and background	VIII/09	YES	Definitions and background	3ccbcb15c9510bbb5f59a70ebd465a1a91f7a54a78e3a5cd5be16ff4c79be0ac
theory-of-algebraic-topology-4.tex	chapters/tex/theory-of-algebraic-topology-4.tex	T01.SECTION	theory-of-algebraic-topology-4.tex:visual:006	visual	Definitions and background	VIII/09	YES	Definitions and background	cbb9b7d4510aae079edb23bda0626bf7bb76efc7458959cbd0d39683c84e34a7
theory-of-algebraic-topology-4.tex	chapters/tex/theory-of-algebraic-topology-4.tex	T01.SECTION	theory-of-algebraic-topology-4.tex:visual:007	visual	Solution	VIII/09	YES	Solution	bf4346c3eca7762d0e597bff4390f501f8e5603c76cda189421fd149973b36a3
theory-of-algebraic-topology-4.tex	chapters/tex/theory-of-algebraic-topology-4.tex	T01.SECTION	theory-of-algebraic-topology-4.tex:visual:008	visual	Solution	VIII/09	YES	Solution	eaef894e83f57fe1e29840407d4b242f54177f1d15533a1425e900dae086ff34
theory-of-algebraic-topology-4.tex	chapters/tex/theory-of-algebraic-topology-4.tex	T04.SECTION	theory-of-algebraic-topology-4.tex:visual:009	visual	Definitions and examples	VIII/14	YES	Definitions and examples	fe674192d695771522ae9907d248b1bca4396dba22bdd1e3d522e60ad82bb311
theory-of-algebraic-topology-4.tex	chapters/tex/theory-of-algebraic-topology-4.tex	T04.SECTION	theory-of-algebraic-topology-4.tex:visual:010	visual	Definitions and examples	VIII/14	YES	Definitions and examples	4c5fedc266356481ae1ae688a29ef98b570b5e5c06754c0e117acab4b931c2e1
theory-of-algebraic-topology-4.tex	chapters/tex/theory-of-algebraic-topology-4.tex	T04.SECTION	theory-of-algebraic-topology-4.tex:visual:011	visual	Definitions and examples	VIII/14	YES	Definitions and examples	0a93eda68d3f204d87a1be4958835d194656b6c167a6926c1ce9bb63f743757e
theory-of-algebraic-topology-4.tex	chapters/tex/theory-of-algebraic-topology-4.tex	T04.SECTION	theory-of-algebraic-topology-4.tex:visual:012	visual	Solution	VIII/14	YES	Solution	ab1d89e7c15f1705c359d3383e7fba0e8a12b55f69303032e944bc47ae943513
theory-of-algebraic-topology-4.tex	chapters/tex/theory-of-algebraic-topology-4.tex	T04.SECTION	theory-of-algebraic-topology-4.tex:visual:013	visual	Solution	VIII/14	YES	Solution	8c2e53e20ed1fe3707a80b1211c9fbd4cfe64d54d587a63b5117ce8c4407ba32
theory-of-algebraic-topology-4.tex	chapters/tex/theory-of-algebraic-topology-4.tex	T04.SECTION	theory-of-algebraic-topology-4.tex:visual:014	visual	Solution	VIII/14	YES	Solution	a83f1001988db2edc58e82f39ec38d95984754f3834939aea7ffd8b0023469da
theory-of-algebraic-topology-4.tex	chapters/tex/theory-of-algebraic-topology-4.tex	T04.SECTION	theory-of-algebraic-topology-4.tex:visual:015	visual	Solution	VIII/14	YES	Solution	3964cdc1c70e4f9db8689ed3765b412dacbbe2c25297e41961cc77097d316ca9
theory-of-algebraic-topology-4.tex	chapters/tex/theory-of-algebraic-topology-4.tex	T04.SECTION	theory-of-algebraic-topology-4.tex:visual:016	visual	Solution	VIII/14	YES	Solution	e94f4ee7e67919cfe192153a5ef6393e9549ce3a14f513ae7ee1ca23e1059ad4
theory-of-algebraic-topology-6.tex	chapters/tex/theory-of-algebraic-topology-6.tex	FALLBACK.ALL_UNMATCHED	theory-of-algebraic-topology-6.tex:definition:001	definition	let x and y be closed surfaces their connected sum x y is obtained	VIII/15	NO	Connected sum	fa2d666efb5679e7be1d73ed26239551562a0bf15dfc97d4501d399e303bae8a
theory-of-algebraic-topology-6.tex	chapters/tex/theory-of-algebraic-topology-6.tex	T02.THEORY_CHILDREN	theory-of-algebraic-topology-6.tex:theorem:002	theorem	Mayer--Vietoris	VIII/17	NO	Mayer--Vietoris sequence	1c06c22f761a8f494172a81fa64773d91c7fab1e513d7788490c51dce375b3db
theory-of-algebraic-topology-6.tex	chapters/tex/theory-of-algebraic-topology-6.tex	T02.THEORY_CHILDREN	theory-of-algebraic-topology-6.tex:proposition:003	proposition	for closed surfaces g s n s n 2g	VIII/17	NO	Key surface consequence	bd86838a4e724dcbc4e487c6ff9a461bfcd5fb91ca9ae9475b9942d55aebd2c9
theory-of-algebraic-topology-6.tex	chapters/tex/theory-of-algebraic-topology-6.tex	FALLBACK.ALL_UNMATCHED	theory-of-algebraic-topology-6.tex:example:004	example	Torus connected sum projective plane	VIII/15	NO	Concrete examples	a365aa9e84d1c01de9bb595d08adcb0beda0d847697167caf80c597c1ce87f45
theory-of-algebraic-topology-6.tex	chapters/tex/theory-of-algebraic-topology-6.tex	FALLBACK.ALL_UNMATCHED	theory-of-algebraic-topology-6.tex:example:005	example	Torus connected sum Klein bottle	VIII/15	NO	Concrete examples	5c2ece4263d6081600802481e179bbdfaf71be7074dd902e534b0f080d4ba850
theory-of-algebraic-topology-6.tex	chapters/tex/theory-of-algebraic-topology-6.tex	FALLBACK.ALL_UNMATCHED	theory-of-algebraic-topology-6.tex:example:006	example	Euler characteristic check	VIII/15	NO	Concrete examples	31e389fe495b5a55fba94af46a8df4f3f284865e1c152de55fecaa8d2d9987d0
theory-of-algebraic-topology-6.tex	chapters/tex/theory-of-algebraic-topology-6.tex	FALLBACK.ALL_UNMATCHED	theory-of-algebraic-topology-6.tex:definition:007	definition	a continuous surjective map p x x is a covering map if for every	VIII/15	NO	Covering maps	0f9e5d4c18b7a12cb6173b90a1b92c6f62c984ce69a319527d951b4ee704d31b
theory-of-algebraic-topology-6.tex	chapters/tex/theory-of-algebraic-topology-6.tex	FALLBACK.ALL_UNMATCHED	theory-of-algebraic-topology-6.tex:definition:008	definition	if every point of x has exactly n preimages under p then p is	VIII/15	NO	Covering maps	bd42d9b3645f2d21d4f10459e3e861ca79bf560190c79a7465594f3afa3b29c3
theory-of-algebraic-topology-6.tex	chapters/tex/theory-of-algebraic-topology-6.tex	FALLBACK.ALL_UNMATCHED	theory-of-algebraic-topology-6.tex:definition:009	definition	a deck transformation of a covering p x x is a homeomorphism h x	VIII/15	NO	Deck transformations	6b5b036526044440241d7db5130a29aa1ee09723d6d2b00a84e7a947a6bd3792
theory-of-algebraic-topology-6.tex	chapters/tex/theory-of-algebraic-topology-6.tex	FALLBACK.ALL_UNMATCHED	theory-of-algebraic-topology-6.tex:definition:010	definition	if a finite cw complex or triangulated space has c i cells or simplices	VIII/15	NO	Euler characteristic	5c8bc10b1cb7ac091fab27e51720eda7aeebee0f93ab34d450094fc453c9c8e0
theory-of-algebraic-topology-6.tex	chapters/tex/theory-of-algebraic-topology-6.tex	FALLBACK.ALL_UNMATCHED	theory-of-algebraic-topology-6.tex:proposition:011	proposition	if p x x is an n sheeted covering of finite triangulated spaces then	VIII/15	NO	Multiplicativity under finite covers	4df983e1043aa35b1bd26f889cc8f7c888d55aa63a2c91c62c5aba1ef29e0662
theory-of-algebraic-topology-6.tex	chapters/tex/theory-of-algebraic-topology-6.tex	FALLBACK.ALL_UNMATCHED	theory-of-algebraic-topology-6.tex:example:012	example	Double cover of a genus $2$ surface	VIII/15	NO	Concrete examples	a175e44c6ad07a057d00e07351d77053a470e139e89f3bf56a48d29509cb13ac
theory-of-algebraic-topology-6.tex	chapters/tex/theory-of-algebraic-topology-6.tex	FALLBACK.ALL_UNMATCHED	theory-of-algebraic-topology-6.tex:example:013	example	Triple cover of a genus $3$ surface	VIII/15	NO	Concrete examples	32909a9d1618d3ae3b3cd48f8ac433eb5c3589e23bf17c3f6b675be679ea3d8c
theory-of-algebraic-topology-6.tex	chapters/tex/theory-of-algebraic-topology-6.tex	FALLBACK.ALL_UNMATCHED	theory-of-algebraic-topology-6.tex:example:014	example	Torus covering torus	VIII/15	NO	Concrete examples	abe24be9165118ff45e6d08321223512addf083ae9b4632590657859fb4fa886
theory-of-algebraic-topology-6.tex	chapters/tex/theory-of-algebraic-topology-6.tex	FALLBACK.ALL_UNMATCHED	theory-of-algebraic-topology-6.tex:definition:015	definition	if f s n s n is continuous the induced map f h n	VIII/15	NO	Degree of a map on a sphere	7e3f00e92e7b1391a40d035e01e3bd07913f712e74f3a2ba86f8ad31b295c427
theory-of-algebraic-topology-6.tex	chapters/tex/theory-of-algebraic-topology-6.tex	FALLBACK.ALL_UNMATCHED	theory-of-algebraic-topology-6.tex:proposition:016	proposition	if s 2k x is a covering map then 1 x e or 2	VIII/15	NO	Consequence for the deck group	f00b9c0f91963abf677634cec5d0ff857fb5ede0042b2016027aa38ea99c5f8c
theory-of-algebraic-topology-6.tex	chapters/tex/theory-of-algebraic-topology-6.tex	FALLBACK.ALL_UNMATCHED	theory-of-algebraic-topology-6.tex:example:017	example	The sphere $S^2$	VIII/15	NO	Concrete examples	f7203fabde6ef4bd473b2ffe5747cccd49e0cfda4db41d4c76b9ab12418153b7
theory-of-algebraic-topology-6.tex	chapters/tex/theory-of-algebraic-topology-6.tex	FALLBACK.ALL_UNMATCHED	theory-of-algebraic-topology-6.tex:example:018	example	Why this is special to even spheres	VIII/15	NO	Concrete examples	8072fec0d4e97a15c042cf753ddd86f5d094f78a234b9da10cfa9fa797180fb5
theory-of-algebraic-topology-6.tex	chapters/tex/theory-of-algebraic-topology-6.tex	T02.THEORY_CHILDREN	theory-of-algebraic-topology-6.tex:definition:019	definition	let f x x be a continuous map on a space whose rational homology	VIII/17	NO	The Lefschetz number	8fbc15366392f3bb40afd944b35ab2f4a907f0ca35b5704765f0cf487225b0b2
theory-of-algebraic-topology-6.tex	chapters/tex/theory-of-algebraic-topology-6.tex	T02.THEORY_CHILDREN	theory-of-algebraic-topology-6.tex:theorem:020	theorem	Lefschetz fixed point theorem	VIII/17	NO	Lefschetz fixed point theorem	6bc735d8434da6b6a505f6610d12b28f662a39e63642002f84e8dacee99babc4
theory-of-algebraic-topology-6.tex	chapters/tex/theory-of-algebraic-topology-6.tex	T01.THEORY_CHILDREN	theory-of-algebraic-topology-6.tex:proposition:021	proposition	let f k k be a simplicial isomorphism and let x x k f	VIII/15	NO	Main statement	37ec719c53ba5b33cf71a864b0a646cd889b4d9ce41b0627e6d41949220fa09e
theory-of-algebraic-topology-6.tex	chapters/tex/theory-of-algebraic-topology-6.tex	FALLBACK.ALL_UNMATCHED	theory-of-algebraic-topology-6.tex:example:022	example	Identity map	VIII/15	NO	Concrete examples	8749493674f9d45fe49a5f606818687c525d621b706bf053fe86b0d7a2bb5663
theory-of-algebraic-topology-6.tex	chapters/tex/theory-of-algebraic-topology-6.tex	FALLBACK.ALL_UNMATCHED	theory-of-algebraic-topology-6.tex:example:023	example	Reflection of an interval	VIII/15	NO	Concrete examples	868808b86737e8ee99c3dfaa9507b07eecceae36e9352e06c6c5c51f81cf8eed
theory-of-algebraic-topology-6.tex	chapters/tex/theory-of-algebraic-topology-6.tex	FALLBACK.ALL_UNMATCHED	theory-of-algebraic-topology-6.tex:example:024	example	Rotation of a triangle	VIII/15	NO	Concrete examples	7c54f9f7e211829a42c4c83dee1be800138faec1020bafaf2577ea7245245a88
theory-of-algebraic-topology-6.tex	chapters/tex/theory-of-algebraic-topology-6.tex	FALLBACK.ALL_UNMATCHED	theory-of-algebraic-topology-6.tex:example:025	example	Reflection of a square	VIII/15	NO	Concrete examples	e2b9a672357066e91f901ddfdcbbaf3724ef22028e448428b9e95af71c9082cd
theory-of-algebraic-topology-6.tex	chapters/tex/theory-of-algebraic-topology-6.tex	FALLBACK.ALL_UNMATCHED	theory-of-algebraic-topology-6.tex:example:026	example	Antipodal map on $S^{2k}$	VIII/15	NO	Concrete examples	80b43edd58fa077ed4a999a94b21ef7599124e3671f9572636a33bda31066280
theory-of-algebraic-topology-7.tex	chapters/tex/theory-of-algebraic-topology-7.tex	T01.THEORY_CHILDREN	theory-of-algebraic-topology-7.tex:definition:001	definition	The group \(C_0(G)\)	VIII/17	NO	Chain groups	d7bb28622a675703cbe642b48aac91e65be62990da7925a394793e4e790020cd
theory-of-algebraic-topology-7.tex	chapters/tex/theory-of-algebraic-topology-7.tex	T01.THEORY_CHILDREN	theory-of-algebraic-topology-7.tex:definition:002	definition	The group \(C_1(G)\)	VIII/17	NO	Chain groups	96742161adcae665ed209ea8c0b907fa6ed4eec89c7e7d5893d1d1107f2ef5b1
theory-of-algebraic-topology-7.tex	chapters/tex/theory-of-algebraic-topology-7.tex	T01.THEORY_CHILDREN	theory-of-algebraic-topology-7.tex:definition:003	definition	Boundary of an edge	VIII/17	NO	The boundary map	84ea8aa116aadb264f19e272a0994554e02ce2f7d7f23fa0243b7ade65c1bfbc
theory-of-algebraic-topology-7.tex	chapters/tex/theory-of-algebraic-topology-7.tex	T01.THEORY_CHILDREN	theory-of-algebraic-topology-7.tex:definition:004	definition	Cycle	VIII/17	NO	The boundary map	f37a414c35b1bb6bfff10ee85e009086b3bd55f42f9aa698f2c59a111f05235a
theory-of-algebraic-topology-7.tex	chapters/tex/theory-of-algebraic-topology-7.tex	T01.THEORY_CHILDREN	theory-of-algebraic-topology-7.tex:example:005	example	A single edge	VIII/17	NO	More worked examples	641ef1bc89a4168ee0b859b76661bafca90bfc90873ad0d1bbf33e58db4a01c2
theory-of-algebraic-topology-7.tex	chapters/tex/theory-of-algebraic-topology-7.tex	T01.THEORY_CHILDREN	theory-of-algebraic-topology-7.tex:example:006	example	A triangle	VIII/17	NO	More worked examples	dd77cb422fb432d6243474de82de2b5c9e1e5d72b79a4714796d2808506fd7f7
theory-of-algebraic-topology-7.tex	chapters/tex/theory-of-algebraic-topology-7.tex	T01.THEORY_CHILDREN	theory-of-algebraic-topology-7.tex:example:007	example	A tree	VIII/17	NO	More worked examples	a8cbce6b7d04ed350df6aba0313c30a8f698dfa80798a47a4fc6450d18cac058
theory-of-algebraic-topology-7.tex	chapters/tex/theory-of-algebraic-topology-7.tex	T01.THEORY_CHILDREN	theory-of-algebraic-topology-7.tex:example:008	example	Two disjoint circles	VIII/17	NO	More worked examples	aa03601642bac341061c36b3112955562717df69c5f1b9c8e76b1b8d7ed90b35
theory-of-algebraic-topology-7.tex	chapters/tex/theory-of-algebraic-topology-7.tex	T01.THEORY_CHILDREN	theory-of-algebraic-topology-7.tex:example:009	example	The theta graph	VIII/17	NO	More worked examples	549975a1f449cc501091843702c51d8762e9e2a2552e36bbd73bc519dc39ec95
theory-of-algebraic-topology-7.tex	chapters/tex/theory-of-algebraic-topology-7.tex	T01.THEORY_CHILDREN	theory-of-algebraic-topology-7.tex:definition:010	definition	Orientation of a simplex	VIII/17	NO	Orientations of simplices	aff3ecb73db142b3da3b2ad3221b702896e22e1768354efe63b76a3cb9785b0f
theory-of-algebraic-topology-7.tex	chapters/tex/theory-of-algebraic-topology-7.tex	FALLBACK.ALL_UNMATCHED	theory-of-algebraic-topology-7.tex:definition:011	definition	Simplicial \(k\)-chain	VIII/17	NO	Chains	5093c9f86a719cca88029aa0570c69a048bc2086e4a9c37e1eae62ae3dc7b008
theory-of-algebraic-topology-7.tex	chapters/tex/theory-of-algebraic-topology-7.tex	T01.THEORY_CHILDREN	theory-of-algebraic-topology-7.tex:definition:012	definition	Boundary map	VIII/17	NO	The boundary operator	738a4193c8c2179ba68053285235c6851fe8d4079d18f084baa503fae8dfcf67
theory-of-algebraic-topology-7.tex	chapters/tex/theory-of-algebraic-topology-7.tex	T01.THEORY_CHILDREN	theory-of-algebraic-topology-7.tex:definition:013	definition	Cycles	VIII/17	NO	Cycles and boundaries	e1f9ed1afab263a4b7ac072941f2c9dba36c02dd43c38cb1959ac484d4292fee
theory-of-algebraic-topology-7.tex	chapters/tex/theory-of-algebraic-topology-7.tex	T01.THEORY_CHILDREN	theory-of-algebraic-topology-7.tex:definition:014	definition	Boundaries	VIII/17	NO	Cycles and boundaries	6f45ae8fd97240d09e1e4c3a38296729d107ccd7af6bedd7218c907e20f9d3ec
theory-of-algebraic-topology-7.tex	chapters/tex/theory-of-algebraic-topology-7.tex	FALLBACK.ALL_UNMATCHED	theory-of-algebraic-topology-7.tex:visual:001	visual	A quotient-square model of the torus \(T^2\). Opposite horizontal edges are identified, and opposite vertical edges are identified.	VIII/17	YES	Quotient pictures for the torus and for \texorpdfstring{$\mathbb{RP	3733ad81bb166138d5e7cfe03f2030a49cc1aba2421fcf7d2190e1908718d1f0
theory-of-algebraic-topology-7.tex	chapters/tex/theory-of-algebraic-topology-7.tex	FALLBACK.ALL_UNMATCHED	theory-of-algebraic-topology-7.tex:visual:002	visual	Disk model of \(\mathbb{RP	VIII/17	YES	Quotient pictures for the torus and for \texorpdfstring{$\mathbb{RP	95535d5c0f1ae9f712e20c8b8a906bd75aef7edb42a4c932c161b0ad2159c5ab
theory-of-algebraic-topology-7.tex	chapters/tex/theory-of-algebraic-topology-7.tex	FALLBACK.ALL_UNMATCHED	theory-of-algebraic-topology-7.tex:visual:003	visual	Square model for \(\mathbb{RP	VIII/17	YES	Quotient pictures for the torus and for \texorpdfstring{$\mathbb{RP	4887c0a115a8bd4e67a6e4e3b6c349fe816626d1b158c1fdc7ed668d178a9d0a
theory-of-algebraic-topology-7.tex	chapters/tex/theory-of-algebraic-topology-7.tex	FALLBACK.ALL_UNMATCHED	theory-of-algebraic-topology-7.tex:visual:004	visual	A quotient-square model of the torus \(T^2\). Opposite horizontal edges are identified, and opposite vertical edges are identified.	VIII/17	YES	Quotient pictures for the torus and for \texorpdfstring{$\mathbb{RP	3733ad81bb166138d5e7cfe03f2030a49cc1aba2421fcf7d2190e1908718d1f0
theory-of-algebraic-topology-7.tex	chapters/tex/theory-of-algebraic-topology-7.tex	FALLBACK.ALL_UNMATCHED	theory-of-algebraic-topology-7.tex:visual:005	visual	Disk model of \(\mathbb{RP	VIII/17	YES	Quotient pictures for the torus and for \texorpdfstring{$\mathbb{RP	95535d5c0f1ae9f712e20c8b8a906bd75aef7edb42a4c932c161b0ad2159c5ab
theory-of-algebraic-topology-7.tex	chapters/tex/theory-of-algebraic-topology-7.tex	FALLBACK.ALL_UNMATCHED	theory-of-algebraic-topology-7.tex:visual:006	visual	Square model for \(\mathbb{RP	VIII/17	YES	Quotient pictures for the torus and for \texorpdfstring{$\mathbb{RP	4887c0a115a8bd4e67a6e4e3b6c349fe816626d1b158c1fdc7ed668d178a9d0a
theory-of-algebraic-topology-7.tex	chapters/tex/theory-of-algebraic-topology-7.tex	T01.SECTION	theory-of-algebraic-topology-7.tex:visual:007	visual	A fully worked example	VIII/17	YES	A fully worked example	10563db3c66760d5d7474950bb361379b769bbe23263aa6ec0d5d7e209ceee0e
theory-of-algebraic-topology-7.tex	chapters/tex/theory-of-algebraic-topology-7.tex	T01.SECTION	theory-of-algebraic-topology-7.tex:visual:008	visual	More worked examples	VIII/17	YES	More worked examples	5b4ce14b180ddadb9e0a4b2b9723f239acdc6e17b2041e78003bb8a91e2961c6
theory-of-algebraic-topology-8.tex	chapters/tex/theory-of-algebraic-topology-8.tex	T01.THEORY_CHILDREN	theory-of-algebraic-topology-8.tex:definition:001	definition	let x be the polyhedron of a finite simplicial complex k if c i	VIII/21	NO	Definition from a triangulation	a68e91644c561b9b90f556481820e31282205a4d29116e181c0a9b28f0741f2e
theory-of-algebraic-topology-8.tex	chapters/tex/theory-of-algebraic-topology-8.tex	FALLBACK.ALL_UNMATCHED	theory-of-algebraic-topology-8.tex:definition:002	definition	a 2 chain c is called a 2 cycle if 2 c 0 that	VIII/21	NO	Chains, cycles, and boundaries	2ef121792b40f56a2ec7c66ac884d499f4aba8d504c8771a64f10e8b4ce7eb11
theory-of-algebraic-topology-8.tex	chapters/tex/theory-of-algebraic-topology-8.tex	FALLBACK.ALL_UNMATCHED	theory-of-algebraic-topology-8.tex:definition:003	definition	a 2 cycle c is called a 2 boundary if there exists a 3	VIII/21	NO	Chains, cycles, and boundaries	bd78960eac869b79760491f7416acf73eb60afd7e56bf11191cd73d08fd0c721
theory-of-algebraic-topology-9.tex	chapters/tex/theory-of-algebraic-topology-9.tex	T02.SECTION	theory-of-algebraic-topology-9.tex:visual:001	visual	The cycle \(\sigma_1+\sigma_2\), the degenerate singular \(2\)-simplices \(\tau_1,\tau_2\), and the cancellation giving \(\partial x=\sigma_1+\sigma_2\).	VIII/17	YES	A single combined figure	63ebf18ea535509033a4e2cb0653c451960c9daa4bd08dcfee9fddf33011901d
theory-of-algebraic-topology-9.tex	chapters/tex/theory-of-algebraic-topology-9.tex	T02.SECTION	theory-of-algebraic-topology-9.tex:visual:002	visual	Diagram of the two paths	VIII/17	YES	Diagram of the two paths	b565730f4dd1b544baeb38c49b271982547004c841b8b676e7fd8e0b648ee45f
theory-of-algebraic-topology-9.tex	chapters/tex/theory-of-algebraic-topology-9.tex	T02.SECTION	theory-of-algebraic-topology-9.tex:visual:003	visual	Diagram of the degenerate triangles	VIII/17	YES	Diagram of the degenerate triangles	f40d0fa62bfa97996fe0c51e3316d8d57c32f7d399b8aba5543bff15972b20e9
theory-of-algebraic-topology-9.tex	chapters/tex/theory-of-algebraic-topology-9.tex	T02.SECTION	theory-of-algebraic-topology-9.tex:visual:004	visual	Diagram of the degenerate triangles	VIII/17	YES	Diagram of the degenerate triangles	fbf9e3e9886ca37ed5e54d602c0286c9cf4950c3befb84b5bc3d5b7555bb59fd
theory-of-algebraic-topology-9.tex	chapters/tex/theory-of-algebraic-topology-9.tex	T02.SECTION	theory-of-algebraic-topology-9.tex:visual:005	visual	Colored diagram of the two paths	VIII/17	YES	Colored diagram of the two paths	539ce9dc07ac81042ae71df3948a9f397de4927c9c47890b91d2bbebadf8daf3
theory-of-algebraic-topology-9.tex	chapters/tex/theory-of-algebraic-topology-9.tex	T02.SECTION	theory-of-algebraic-topology-9.tex:visual:006	visual	Colored diagram of the first degenerate \(2\)-simplex \(\tau_1=[0,1,0]\)	VIII/17	YES	Colored diagram of the first degenerate \(2\)-simplex \(\tau_1=[0,1,0]\)	6139f26846c1a142ce8620b57bf474f791a0288c99e66acc992633b5424ecaa1
theory-of-algebraic-topology-9.tex	chapters/tex/theory-of-algebraic-topology-9.tex	T02.SECTION	theory-of-algebraic-topology-9.tex:visual:007	visual	Colored diagram of the second degenerate \(2\)-simplex \(\tau_2=[0,0,1]\)	VIII/17	YES	Colored diagram of the second degenerate \(2\)-simplex \(\tau_2=[0,0,1]\)	394150836678317b34cdbf18c283300c2390844995ba349e020166221274e082
theory-of-algebraic-topology-9.tex	chapters/tex/theory-of-algebraic-topology-9.tex	T02.SECTION	theory-of-algebraic-topology-9.tex:visual:008	visual	Collapsing picture in \(\mathbb{R	VIII/17	YES	Collapsing picture in \(\mathbb{R	683038c1a3bb397d752dd3268e216473c43577257bf1a24d49c3a5d31e79fa71
latex_embed_examples_3_5.tex		S01	latex_embed_examples_3_5.tex#S01	visual	quotient/homology diagrams Problems 3-5	VIII/18	YES		LEDGER_ROW
latex_embed_examples_3_5.tex		S02	latex_embed_examples_3_5.tex#S02	visual	Moore space realization	VIII/25	YES		LEDGER_ROW
latex_embed_examples_3_5.tex		FALLBACK.ALL_UNMATCHED	latex_embed_examples_3_5.tex#FALLBACK.ALL_UNMATCHED	visual	remaining support content	VIII/18	YES		LEDGER_ROW
problems_9_10_visuals_embedded.tex		S01	problems_9_10_visuals_embedded.tex#S01	visual	relative disk-sphere pairing	VIII/19	YES		LEDGER_ROW
problems_9_10_visuals_embedded.tex		S02	problems_9_10_visuals_embedded.tex#S02	visual	annulus connecting map	VIII/28	YES		LEDGER_ROW
problems_9_10_visuals_embedded.tex		S03	problems_9_10_visuals_embedded.tex#S03	visual	Bockstein RP2	VIII/25	YES		LEDGER_ROW
problems_9_10_visuals_embedded.tex		S04	problems_9_10_visuals_embedded.tex#S04	visual	projective-space parity	VIII/33	YES		LEDGER_ROW
problems_9_10_visuals_embedded.tex		FALLBACK.ALL_UNMATCHED	problems_9_10_visuals_embedded.tex#FALLBACK.ALL_UNMATCHED	visual	remaining support content	VIII/19	YES		LEDGER_ROW
problems_9_10_visuals_snippet.tex		S01	problems_9_10_visuals_snippet.tex#S01	visual	Problems 9-10 visual snippet	VIII/25	YES		LEDGER_ROW
problems_9_10_visuals_snippet.tex		FALLBACK.ALL_UNMATCHED	problems_9_10_visuals_snippet.tex#FALLBACK.ALL_UNMATCHED	visual	remaining support content	VIII/25	YES		LEDGER_ROW
