chapter_code	source_file	source_block_id	block_kind	source_selector	action	precedence	audit_status	legacy_source_exists	canonical_target	resolution
VI/01	theory-of-differential-geometry-4.tex	T01.SECTION	SECTION_OR_SUBSECTION	affine variety|algebraic set	MIGRATE	100	CURATED_TOPIC_MAP	YES	books/vol06_algebraic_geometry/chapters/ch01_algebraic_sets/chapter.tex	RESOLVED_TO_ACTIVE_CANONICAL_CHAPTER
VI/01	theory-of-differential-geometry-4.tex	T01.EXERCISE_CHILDREN	PROBLEM_EXERCISE_SOLUTION	descendant-of(affine variety|algebraic set)	MIGRATE	90	EXHAUSTIVE_BY_INHERITANCE	YES	books/vol06_algebraic_geometry/chapters/ch01_algebraic_sets/chapter.tex	RESOLVED_TO_ACTIVE_CANONICAL_CHAPTER
VI/01	theory-of-differential-geometry-4.tex	T01.THEORY_CHILDREN	THEOREM_LIKE	descendant-of(affine variety|algebraic set)	MIGRATE	90	EXHAUSTIVE_BY_INHERITANCE	YES	books/vol06_algebraic_geometry/chapters/ch01_algebraic_sets/chapter.tex	RESOLVED_TO_ACTIVE_CANONICAL_CHAPTER
VI/01	theory-of-differential-geometry-4.tex	FALLBACK.ALL_UNMATCHED	ANY_UNMATCHED_BLOCK	* unmatched after higher-precedence selectors	MIGRATE	10	COVERED_PENDING_INSTANCE_DIFF	YES	books/vol06_algebraic_geometry/chapters/ch01_algebraic_sets/chapter.tex	RESOLVED_TO_ACTIVE_CANONICAL_CHAPTER
VI/02	theory-of-differential-geometry-4.tex	T02.SECTION	SECTION_OR_SUBSECTION	Zariski	MIGRATE	100	CURATED_TOPIC_MAP	YES	books/vol06_algebraic_geometry/chapters/ch02_zariski_topology/chapter.tex	RESOLVED_TO_ACTIVE_CANONICAL_CHAPTER
VI/02	theory-of-differential-geometry-4.tex	T02.EXERCISE_CHILDREN	PROBLEM_EXERCISE_SOLUTION	descendant-of(Zariski)	MIGRATE	90	EXHAUSTIVE_BY_INHERITANCE	YES	books/vol06_algebraic_geometry/chapters/ch02_zariski_topology/chapter.tex	RESOLVED_TO_ACTIVE_CANONICAL_CHAPTER
VI/02	theory-of-differential-geometry-4.tex	T02.THEORY_CHILDREN	THEOREM_LIKE	descendant-of(Zariski)	MIGRATE	90	EXHAUSTIVE_BY_INHERITANCE	YES	books/vol06_algebraic_geometry/chapters/ch02_zariski_topology/chapter.tex	RESOLVED_TO_ACTIVE_CANONICAL_CHAPTER
VI/03	theory-of-differential-geometry-4.tex	T03.SECTION	SECTION_OR_SUBSECTION	coordinate ring	MIGRATE	100	CURATED_TOPIC_MAP	YES	books/vol06_algebraic_geometry/chapters/ch03_coordinate_rings/chapter.tex	RESOLVED_TO_ACTIVE_CANONICAL_CHAPTER
VI/03	theory-of-differential-geometry-4.tex	T03.EXERCISE_CHILDREN	PROBLEM_EXERCISE_SOLUTION	descendant-of(coordinate ring)	MIGRATE	90	EXHAUSTIVE_BY_INHERITANCE	YES	books/vol06_algebraic_geometry/chapters/ch03_coordinate_rings/chapter.tex	RESOLVED_TO_ACTIVE_CANONICAL_CHAPTER
VI/03	theory-of-differential-geometry-4.tex	T03.THEORY_CHILDREN	THEOREM_LIKE	descendant-of(coordinate ring)	MIGRATE	90	EXHAUSTIVE_BY_INHERITANCE	YES	books/vol06_algebraic_geometry/chapters/ch03_coordinate_rings/chapter.tex	RESOLVED_TO_ACTIVE_CANONICAL_CHAPTER
VI/04	theory-of-differential-geometry-4.tex	T04.SECTION	SECTION_OR_SUBSECTION	regular map|morphism	MIGRATE	100	CURATED_TOPIC_MAP	YES	books/vol06_algebraic_geometry/chapters/ch04_morphisms_affine_algebraic_sets/chapter.tex	RESOLVED_TO_ACTIVE_CANONICAL_CHAPTER
VI/04	theory-of-differential-geometry-4.tex	T04.EXERCISE_CHILDREN	PROBLEM_EXERCISE_SOLUTION	descendant-of(regular map|morphism)	MIGRATE	90	EXHAUSTIVE_BY_INHERITANCE	YES	books/vol06_algebraic_geometry/chapters/ch04_morphisms_affine_algebraic_sets/chapter.tex	RESOLVED_TO_ACTIVE_CANONICAL_CHAPTER
VI/04	theory-of-differential-geometry-4.tex	T04.THEORY_CHILDREN	THEOREM_LIKE	descendant-of(regular map|morphism)	MIGRATE	90	EXHAUSTIVE_BY_INHERITANCE	YES	books/vol06_algebraic_geometry/chapters/ch04_morphisms_affine_algebraic_sets/chapter.tex	RESOLVED_TO_ACTIVE_CANONICAL_CHAPTER
VI/05	theory-of-algebraic-geometry-1.tex	T06.SECTION	SECTION_OR_SUBSECTION	connected|clopen|idempotent|product ring	MIGRATE	100	CURATED_TOPIC_MAP	YES	books/vol06_algebraic_geometry/chapters/ch05_irreducibility_components/chapter.tex	RESOLVED_TO_ACTIVE_CANONICAL_CHAPTER
VI/05	theory-of-algebraic-geometry-1.tex	T06.EXERCISE_CHILDREN	PROBLEM_EXERCISE_SOLUTION	descendant-of(connected|clopen|idempotent|product ring)	MIGRATE	90	EXHAUSTIVE_BY_INHERITANCE	YES	books/vol06_algebraic_geometry/chapters/ch05_irreducibility_components/chapter.tex	RESOLVED_TO_ACTIVE_CANONICAL_CHAPTER
VI/05	theory-of-algebraic-geometry-1.tex	T06.THEORY_CHILDREN	THEOREM_LIKE	descendant-of(connected|clopen|idempotent|product ring)	MIGRATE	90	EXHAUSTIVE_BY_INHERITANCE	YES	books/vol06_algebraic_geometry/chapters/ch05_irreducibility_components/chapter.tex	RESOLVED_TO_ACTIVE_CANONICAL_CHAPTER
VI/05	theory-of-algebraic-geometry-5.tex	T05.SECTION	SECTION_OR_SUBSECTION	component|connected	MIGRATE	100	CURATED_TOPIC_MAP	YES	books/vol06_algebraic_geometry/chapters/ch05_irreducibility_components/chapter.tex	RESOLVED_TO_ACTIVE_CANONICAL_CHAPTER
VI/05	theory-of-algebraic-geometry-5.tex	T05.EXERCISE_CHILDREN	PROBLEM_EXERCISE_SOLUTION	descendant-of(component|connected)	MIGRATE	90	EXHAUSTIVE_BY_INHERITANCE	YES	books/vol06_algebraic_geometry/chapters/ch05_irreducibility_components/chapter.tex	RESOLVED_TO_ACTIVE_CANONICAL_CHAPTER
VI/05	theory-of-algebraic-geometry-5.tex	T05.THEORY_CHILDREN	THEOREM_LIKE	descendant-of(component|connected)	MIGRATE	90	EXHAUSTIVE_BY_INHERITANCE	YES	books/vol06_algebraic_geometry/chapters/ch05_irreducibility_components/chapter.tex	RESOLVED_TO_ACTIVE_CANONICAL_CHAPTER
VI/06	theory-of-commutative-algebra-13.tex	FALLBACK.ALL_UNMATCHED	ANY_UNMATCHED_BLOCK	* unmatched after higher-precedence selectors	MIGRATE	10	COVERED_PENDING_INSTANCE_DIFF	YES	books/vol06_algebraic_geometry/chapters/ch06_prime_ideals_geometric_points/chapter.tex	RESOLVED_TO_ACTIVE_CANONICAL_CHAPTER
VI/07	theory-of-algebraic-geometry-1.tex	T01.SECTION	SECTION_OR_SUBSECTION	prime ideal|Spec|spectrum	MIGRATE	100	CURATED_TOPIC_MAP	YES	books/vol06_algebraic_geometry/chapters/ch07_spectrum_of_a_ring/chapter.tex	RESOLVED_TO_ACTIVE_CANONICAL_CHAPTER
VI/07	theory-of-algebraic-geometry-1.tex	T01.EXERCISE_CHILDREN	PROBLEM_EXERCISE_SOLUTION	descendant-of(prime ideal|Spec|spectrum)	MIGRATE	90	EXHAUSTIVE_BY_INHERITANCE	YES	books/vol06_algebraic_geometry/chapters/ch07_spectrum_of_a_ring/chapter.tex	RESOLVED_TO_ACTIVE_CANONICAL_CHAPTER
VI/07	theory-of-algebraic-geometry-1.tex	T01.THEORY_CHILDREN	THEOREM_LIKE	descendant-of(prime ideal|Spec|spectrum)	MIGRATE	90	EXHAUSTIVE_BY_INHERITANCE	YES	books/vol06_algebraic_geometry/chapters/ch07_spectrum_of_a_ring/chapter.tex	RESOLVED_TO_ACTIVE_CANONICAL_CHAPTER
VI/07	theory-of-algebraic-geometry-1.tex	FALLBACK.ALL_UNMATCHED	ANY_UNMATCHED_BLOCK	* unmatched after higher-precedence selectors	MIGRATE	10	COVERED_PENDING_INSTANCE_DIFF	YES	books/vol06_algebraic_geometry/chapters/ch07_spectrum_of_a_ring/chapter.tex	RESOLVED_TO_ACTIVE_CANONICAL_CHAPTER
VI/07	theory-of-commutative-algebra-13.tex	T01.SECTION	SECTION_OR_SUBSECTION	Spec|Zariski	MIGRATE	100	CURATED_TOPIC_MAP	YES	books/vol06_algebraic_geometry/chapters/ch07_spectrum_of_a_ring/chapter.tex	RESOLVED_TO_ACTIVE_CANONICAL_CHAPTER
VI/07	theory-of-commutative-algebra-13.tex	T01.EXERCISE_CHILDREN	PROBLEM_EXERCISE_SOLUTION	descendant-of(Spec|Zariski)	MIGRATE	90	EXHAUSTIVE_BY_INHERITANCE	YES	books/vol06_algebraic_geometry/chapters/ch07_spectrum_of_a_ring/chapter.tex	RESOLVED_TO_ACTIVE_CANONICAL_CHAPTER
VI/07	theory-of-commutative-algebra-13.tex	T01.THEORY_CHILDREN	THEOREM_LIKE	descendant-of(Spec|Zariski)	MIGRATE	90	EXHAUSTIVE_BY_INHERITANCE	YES	books/vol06_algebraic_geometry/chapters/ch07_spectrum_of_a_ring/chapter.tex	RESOLVED_TO_ACTIVE_CANONICAL_CHAPTER
VI/08	theory-of-algebraic-geometry-1.tex	T02.SECTION	SECTION_OR_SUBSECTION	basic open|D(f)|distinguished open	MIGRATE	100	CURATED_TOPIC_MAP	YES	books/vol06_algebraic_geometry/chapters/ch08_basic_open_sets/chapter.tex	RESOLVED_TO_ACTIVE_CANONICAL_CHAPTER
VI/08	theory-of-algebraic-geometry-1.tex	T03.SECTION	SECTION_OR_SUBSECTION	localization|invert f|A_f	MIGRATE	100	CURATED_TOPIC_MAP	YES	books/vol06_algebraic_geometry/chapters/ch08_basic_open_sets/chapter.tex	RESOLVED_TO_ACTIVE_CANONICAL_CHAPTER
VI/08	theory-of-algebraic-geometry-1.tex	T02.EXERCISE_CHILDREN	PROBLEM_EXERCISE_SOLUTION	descendant-of(basic open|D(f)|distinguished open)	MIGRATE	90	EXHAUSTIVE_BY_INHERITANCE	YES	books/vol06_algebraic_geometry/chapters/ch08_basic_open_sets/chapter.tex	RESOLVED_TO_ACTIVE_CANONICAL_CHAPTER
VI/08	theory-of-algebraic-geometry-1.tex	T02.THEORY_CHILDREN	THEOREM_LIKE	descendant-of(basic open|D(f)|distinguished open)	MIGRATE	90	EXHAUSTIVE_BY_INHERITANCE	YES	books/vol06_algebraic_geometry/chapters/ch08_basic_open_sets/chapter.tex	RESOLVED_TO_ACTIVE_CANONICAL_CHAPTER
VI/08	theory-of-algebraic-geometry-1.tex	T03.EXERCISE_CHILDREN	PROBLEM_EXERCISE_SOLUTION	descendant-of(localization|invert f|A_f)	MIGRATE	90	EXHAUSTIVE_BY_INHERITANCE	YES	books/vol06_algebraic_geometry/chapters/ch08_basic_open_sets/chapter.tex	RESOLVED_TO_ACTIVE_CANONICAL_CHAPTER
VI/08	theory-of-algebraic-geometry-1.tex	T03.THEORY_CHILDREN	THEOREM_LIKE	descendant-of(localization|invert f|A_f)	MIGRATE	90	EXHAUSTIVE_BY_INHERITANCE	YES	books/vol06_algebraic_geometry/chapters/ch08_basic_open_sets/chapter.tex	RESOLVED_TO_ACTIVE_CANONICAL_CHAPTER
VI/09	theory-of-algebraic-geometry-1.tex	T04.SECTION	SECTION_OR_SUBSECTION	generic point|closed point|maximal ideal	MIGRATE	100	CURATED_TOPIC_MAP	YES	books/vol06_algebraic_geometry/chapters/ch09_generic_closed_points/chapter.tex	RESOLVED_TO_ACTIVE_CANONICAL_CHAPTER
VI/09	theory-of-algebraic-geometry-1.tex	T04.EXERCISE_CHILDREN	PROBLEM_EXERCISE_SOLUTION	descendant-of(generic point|closed point|maximal ideal)	MIGRATE	90	EXHAUSTIVE_BY_INHERITANCE	YES	books/vol06_algebraic_geometry/chapters/ch09_generic_closed_points/chapter.tex	RESOLVED_TO_ACTIVE_CANONICAL_CHAPTER
VI/09	theory-of-algebraic-geometry-1.tex	T04.THEORY_CHILDREN	THEOREM_LIKE	descendant-of(generic point|closed point|maximal ideal)	MIGRATE	90	EXHAUSTIVE_BY_INHERITANCE	YES	books/vol06_algebraic_geometry/chapters/ch09_generic_closed_points/chapter.tex	RESOLVED_TO_ACTIVE_CANONICAL_CHAPTER
VI/09	theory-of-algebraic-geometry-6.tex	T02.SECTION	SECTION_OR_SUBSECTION	generic point	MIGRATE	100	CURATED_TOPIC_MAP	YES	books/vol06_algebraic_geometry/chapters/ch09_generic_closed_points/chapter.tex	RESOLVED_TO_ACTIVE_CANONICAL_CHAPTER
VI/09	theory-of-algebraic-geometry-6.tex	T02.EXERCISE_CHILDREN	PROBLEM_EXERCISE_SOLUTION	descendant-of(generic point)	MIGRATE	90	EXHAUSTIVE_BY_INHERITANCE	YES	books/vol06_algebraic_geometry/chapters/ch09_generic_closed_points/chapter.tex	RESOLVED_TO_ACTIVE_CANONICAL_CHAPTER
VI/09	theory-of-algebraic-geometry-6.tex	T02.THEORY_CHILDREN	THEOREM_LIKE	descendant-of(generic point)	MIGRATE	90	EXHAUSTIVE_BY_INHERITANCE	YES	books/vol06_algebraic_geometry/chapters/ch09_generic_closed_points/chapter.tex	RESOLVED_TO_ACTIVE_CANONICAL_CHAPTER
VI/09	theory-of-algebraic-geometry-8.tex	T04.SECTION	SECTION_OR_SUBSECTION	generic point|variety	MIGRATE	100	CURATED_TOPIC_MAP	YES	books/vol06_algebraic_geometry/chapters/ch09_generic_closed_points/chapter.tex	RESOLVED_TO_ACTIVE_CANONICAL_CHAPTER
VI/09	theory-of-algebraic-geometry-8.tex	T04.EXERCISE_CHILDREN	PROBLEM_EXERCISE_SOLUTION	descendant-of(generic point|variety)	MIGRATE	90	EXHAUSTIVE_BY_INHERITANCE	YES	books/vol06_algebraic_geometry/chapters/ch09_generic_closed_points/chapter.tex	RESOLVED_TO_ACTIVE_CANONICAL_CHAPTER
VI/09	theory-of-algebraic-geometry-8.tex	T04.THEORY_CHILDREN	THEOREM_LIKE	descendant-of(generic point|variety)	MIGRATE	90	EXHAUSTIVE_BY_INHERITANCE	YES	books/vol06_algebraic_geometry/chapters/ch09_generic_closed_points/chapter.tex	RESOLVED_TO_ACTIVE_CANONICAL_CHAPTER
VI/10	theory-of-algebraic-geometry-1.tex	T05.SECTION	SECTION_OR_SUBSECTION	nilpotent|nilradical|reduced	MIGRATE	100	CURATED_TOPIC_MAP	YES	books/vol06_algebraic_geometry/chapters/ch10_reduced_nonreduced_geometry/chapter.tex	RESOLVED_TO_ACTIVE_CANONICAL_CHAPTER
VI/10	theory-of-algebraic-geometry-1.tex	T05.EXERCISE_CHILDREN	PROBLEM_EXERCISE_SOLUTION	descendant-of(nilpotent|nilradical|reduced)	MIGRATE	90	EXHAUSTIVE_BY_INHERITANCE	YES	books/vol06_algebraic_geometry/chapters/ch10_reduced_nonreduced_geometry/chapter.tex	RESOLVED_TO_ACTIVE_CANONICAL_CHAPTER
VI/10	theory-of-algebraic-geometry-1.tex	T05.THEORY_CHILDREN	THEOREM_LIKE	descendant-of(nilpotent|nilradical|reduced)	MIGRATE	90	EXHAUSTIVE_BY_INHERITANCE	YES	books/vol06_algebraic_geometry/chapters/ch10_reduced_nonreduced_geometry/chapter.tex	RESOLVED_TO_ACTIVE_CANONICAL_CHAPTER
VI/10	theory-of-commutative-algebra-13.tex	T03.SECTION	SECTION_OR_SUBSECTION	reduced|nilpotent|nonreduced	MIGRATE	100	CURATED_TOPIC_MAP	YES	books/vol06_algebraic_geometry/chapters/ch10_reduced_nonreduced_geometry/chapter.tex	RESOLVED_TO_ACTIVE_CANONICAL_CHAPTER
VI/10	theory-of-commutative-algebra-13.tex	T03.EXERCISE_CHILDREN	PROBLEM_EXERCISE_SOLUTION	descendant-of(reduced|nilpotent|nonreduced)	MIGRATE	90	EXHAUSTIVE_BY_INHERITANCE	YES	books/vol06_algebraic_geometry/chapters/ch10_reduced_nonreduced_geometry/chapter.tex	RESOLVED_TO_ACTIVE_CANONICAL_CHAPTER
VI/10	theory-of-commutative-algebra-13.tex	T03.THEORY_CHILDREN	THEOREM_LIKE	descendant-of(reduced|nilpotent|nonreduced)	MIGRATE	90	EXHAUSTIVE_BY_INHERITANCE	YES	books/vol06_algebraic_geometry/chapters/ch10_reduced_nonreduced_geometry/chapter.tex	RESOLVED_TO_ACTIVE_CANONICAL_CHAPTER
VI/11	theory-of-commutative-algebra-12.tex	T01.SECTION	SECTION_OR_SUBSECTION	residue field|kappa|\kappa	MIGRATE	100	CURATED_TOPIC_MAP	YES	books/vol06_algebraic_geometry/chapters/ch11_local_rings_residue_fields/chapter.tex	RESOLVED_TO_ACTIVE_CANONICAL_CHAPTER
VI/11	theory-of-commutative-algebra-12.tex	T02.SECTION	SECTION_OR_SUBSECTION	point of Spec|local ring|prime ideal	MIGRATE	100	CURATED_TOPIC_MAP	YES	books/vol06_algebraic_geometry/chapters/ch11_local_rings_residue_fields/chapter.tex	RESOLVED_TO_ACTIVE_CANONICAL_CHAPTER
VI/11	theory-of-commutative-algebra-12.tex	T01.EXERCISE_CHILDREN	PROBLEM_EXERCISE_SOLUTION	descendant-of(residue field|kappa|\kappa)	MIGRATE	90	EXHAUSTIVE_BY_INHERITANCE	YES	books/vol06_algebraic_geometry/chapters/ch11_local_rings_residue_fields/chapter.tex	RESOLVED_TO_ACTIVE_CANONICAL_CHAPTER
VI/11	theory-of-commutative-algebra-12.tex	T01.THEORY_CHILDREN	THEOREM_LIKE	descendant-of(residue field|kappa|\kappa)	MIGRATE	90	EXHAUSTIVE_BY_INHERITANCE	YES	books/vol06_algebraic_geometry/chapters/ch11_local_rings_residue_fields/chapter.tex	RESOLVED_TO_ACTIVE_CANONICAL_CHAPTER
VI/11	theory-of-commutative-algebra-12.tex	T02.EXERCISE_CHILDREN	PROBLEM_EXERCISE_SOLUTION	descendant-of(point of Spec|local ring|prime ideal)	MIGRATE	90	EXHAUSTIVE_BY_INHERITANCE	YES	books/vol06_algebraic_geometry/chapters/ch11_local_rings_residue_fields/chapter.tex	RESOLVED_TO_ACTIVE_CANONICAL_CHAPTER
VI/11	theory-of-commutative-algebra-12.tex	T02.THEORY_CHILDREN	THEOREM_LIKE	descendant-of(point of Spec|local ring|prime ideal)	MIGRATE	90	EXHAUSTIVE_BY_INHERITANCE	YES	books/vol06_algebraic_geometry/chapters/ch11_local_rings_residue_fields/chapter.tex	RESOLVED_TO_ACTIVE_CANONICAL_CHAPTER
VI/11	theory-of-commutative-algebra-12.tex	FALLBACK.ALL_UNMATCHED	ANY_UNMATCHED_BLOCK	* unmatched after higher-precedence selectors	MIGRATE	10	COVERED_PENDING_INSTANCE_DIFF	YES	books/vol06_algebraic_geometry/chapters/ch11_local_rings_residue_fields/chapter.tex	RESOLVED_TO_ACTIVE_CANONICAL_CHAPTER
VI/11	theory-of-commutative-algebra-13.tex	T02.SECTION	SECTION_OR_SUBSECTION	local ring|stalk	MIGRATE	100	CURATED_TOPIC_MAP	YES	books/vol06_algebraic_geometry/chapters/ch11_local_rings_residue_fields/chapter.tex	RESOLVED_TO_ACTIVE_CANONICAL_CHAPTER
VI/11	theory-of-commutative-algebra-13.tex	T02.EXERCISE_CHILDREN	PROBLEM_EXERCISE_SOLUTION	descendant-of(local ring|stalk)	MIGRATE	90	EXHAUSTIVE_BY_INHERITANCE	YES	books/vol06_algebraic_geometry/chapters/ch11_local_rings_residue_fields/chapter.tex	RESOLVED_TO_ACTIVE_CANONICAL_CHAPTER
VI/11	theory-of-commutative-algebra-13.tex	T02.THEORY_CHILDREN	THEOREM_LIKE	descendant-of(local ring|stalk)	MIGRATE	90	EXHAUSTIVE_BY_INHERITANCE	YES	books/vol06_algebraic_geometry/chapters/ch11_local_rings_residue_fields/chapter.tex	RESOLVED_TO_ACTIVE_CANONICAL_CHAPTER
VI/12	sheaves_notes_reorganized.tex	T01.SECTION	SECTION_OR_SUBSECTION	presheaf	PREFERRED_SOURCE	100	CURATED_TOPIC_MAP	YES	books/vol06_algebraic_geometry/chapters/ch12_presheaves/chapter.tex	RESOLVED_TO_ACTIVE_CANONICAL_CHAPTER
VI/12	sheaves_notes_reorganized.tex	T01.EXERCISE_CHILDREN	PROBLEM_EXERCISE_SOLUTION	descendant-of(presheaf)	PREFERRED_SOURCE	90	EXHAUSTIVE_BY_INHERITANCE	YES	books/vol06_algebraic_geometry/chapters/ch12_presheaves/chapter.tex	RESOLVED_TO_ACTIVE_CANONICAL_CHAPTER
VI/12	sheaves_notes_reorganized.tex	T01.THEORY_CHILDREN	THEOREM_LIKE	descendant-of(presheaf)	PREFERRED_SOURCE	90	EXHAUSTIVE_BY_INHERITANCE	YES	books/vol06_algebraic_geometry/chapters/ch12_presheaves/chapter.tex	RESOLVED_TO_ACTIVE_CANONICAL_CHAPTER
VI/12	sheaves_notes_reorganized.tex	FALLBACK.ALL_UNMATCHED	ANY_UNMATCHED_BLOCK	* unmatched after higher-precedence selectors	PREFERRED_SOURCE	10	COVERED_PENDING_INSTANCE_DIFF	YES	books/vol06_algebraic_geometry/chapters/ch12_presheaves/chapter.tex	RESOLVED_TO_ACTIVE_CANONICAL_CHAPTER
VI/12	theory-of-algebraic-geometry-1.tex	T07.SECTION	SECTION_OR_SUBSECTION	presheaf|restriction map	MIGRATE	100	CURATED_TOPIC_MAP	YES	books/vol06_algebraic_geometry/chapters/ch12_presheaves/chapter.tex	RESOLVED_TO_ACTIVE_CANONICAL_CHAPTER
VI/12	theory-of-algebraic-geometry-1.tex	T07.EXERCISE_CHILDREN	PROBLEM_EXERCISE_SOLUTION	descendant-of(presheaf|restriction map)	MIGRATE	90	EXHAUSTIVE_BY_INHERITANCE	YES	books/vol06_algebraic_geometry/chapters/ch12_presheaves/chapter.tex	RESOLVED_TO_ACTIVE_CANONICAL_CHAPTER
VI/12	theory-of-algebraic-geometry-1.tex	T07.THEORY_CHILDREN	THEOREM_LIKE	descendant-of(presheaf|restriction map)	MIGRATE	90	EXHAUSTIVE_BY_INHERITANCE	YES	books/vol06_algebraic_geometry/chapters/ch12_presheaves/chapter.tex	RESOLVED_TO_ACTIVE_CANONICAL_CHAPTER
VI/12	theory-of-algebraic-geometry-2.tex	T01.SECTION	SECTION_OR_SUBSECTION	presheaf|sheaf	MIGRATE	100	CURATED_TOPIC_MAP	YES	books/vol06_algebraic_geometry/chapters/ch12_presheaves/chapter.tex	RESOLVED_TO_ACTIVE_CANONICAL_CHAPTER
VI/12	theory-of-algebraic-geometry-2.tex	T01.EXERCISE_CHILDREN	PROBLEM_EXERCISE_SOLUTION	descendant-of(presheaf|sheaf)	MIGRATE	90	EXHAUSTIVE_BY_INHERITANCE	YES	books/vol06_algebraic_geometry/chapters/ch12_presheaves/chapter.tex	RESOLVED_TO_ACTIVE_CANONICAL_CHAPTER
VI/12	theory-of-algebraic-geometry-2.tex	T01.THEORY_CHILDREN	THEOREM_LIKE	descendant-of(presheaf|sheaf)	MIGRATE	90	EXHAUSTIVE_BY_INHERITANCE	YES	books/vol06_algebraic_geometry/chapters/ch12_presheaves/chapter.tex	RESOLVED_TO_ACTIVE_CANONICAL_CHAPTER
VI/12	theory-of-algebraic-geometry-2.tex	FALLBACK.ALL_UNMATCHED	ANY_UNMATCHED_BLOCK	* unmatched after higher-precedence selectors	MIGRATE	10	COVERED_PENDING_INSTANCE_DIFF	YES	books/vol06_algebraic_geometry/chapters/ch12_presheaves/chapter.tex	RESOLVED_TO_ACTIVE_CANONICAL_CHAPTER
VI/13	sheaves_notes_reorganized.tex	T02.SECTION	SECTION_OR_SUBSECTION	sheaf|stalk|germ	PREFERRED_SOURCE	100	CURATED_TOPIC_MAP	YES	books/vol06_algebraic_geometry/chapters/ch13_sheaves_stalks/chapter.tex	RESOLVED_TO_ACTIVE_CANONICAL_CHAPTER
VI/13	sheaves_notes_reorganized.tex	T02.EXERCISE_CHILDREN	PROBLEM_EXERCISE_SOLUTION	descendant-of(sheaf|stalk|germ)	PREFERRED_SOURCE	90	EXHAUSTIVE_BY_INHERITANCE	YES	books/vol06_algebraic_geometry/chapters/ch13_sheaves_stalks/chapter.tex	RESOLVED_TO_ACTIVE_CANONICAL_CHAPTER
VI/13	sheaves_notes_reorganized.tex	T02.THEORY_CHILDREN	THEOREM_LIKE	descendant-of(sheaf|stalk|germ)	PREFERRED_SOURCE	90	EXHAUSTIVE_BY_INHERITANCE	YES	books/vol06_algebraic_geometry/chapters/ch13_sheaves_stalks/chapter.tex	RESOLVED_TO_ACTIVE_CANONICAL_CHAPTER
VI/13	theory-of-algebraic-geometry-1.tex	T08.SECTION	SECTION_OR_SUBSECTION	sheaf|stalk|germ	MIGRATE	100	CURATED_TOPIC_MAP	YES	books/vol06_algebraic_geometry/chapters/ch13_sheaves_stalks/chapter.tex	RESOLVED_TO_ACTIVE_CANONICAL_CHAPTER
VI/13	theory-of-algebraic-geometry-1.tex	T08.EXERCISE_CHILDREN	PROBLEM_EXERCISE_SOLUTION	descendant-of(sheaf|stalk|germ)	MIGRATE	90	EXHAUSTIVE_BY_INHERITANCE	YES	books/vol06_algebraic_geometry/chapters/ch13_sheaves_stalks/chapter.tex	RESOLVED_TO_ACTIVE_CANONICAL_CHAPTER
VI/13	theory-of-algebraic-geometry-1.tex	T08.THEORY_CHILDREN	THEOREM_LIKE	descendant-of(sheaf|stalk|germ)	MIGRATE	90	EXHAUSTIVE_BY_INHERITANCE	YES	books/vol06_algebraic_geometry/chapters/ch13_sheaves_stalks/chapter.tex	RESOLVED_TO_ACTIVE_CANONICAL_CHAPTER
VI/13	theory-of-algebraic-geometry-2.tex	T02.SECTION	SECTION_OR_SUBSECTION	stalk|germ	MIGRATE	100	CURATED_TOPIC_MAP	YES	books/vol06_algebraic_geometry/chapters/ch13_sheaves_stalks/chapter.tex	RESOLVED_TO_ACTIVE_CANONICAL_CHAPTER
VI/13	theory-of-algebraic-geometry-2.tex	T02.EXERCISE_CHILDREN	PROBLEM_EXERCISE_SOLUTION	descendant-of(stalk|germ)	MIGRATE	90	EXHAUSTIVE_BY_INHERITANCE	YES	books/vol06_algebraic_geometry/chapters/ch13_sheaves_stalks/chapter.tex	RESOLVED_TO_ACTIVE_CANONICAL_CHAPTER
VI/13	theory-of-algebraic-geometry-2.tex	T02.THEORY_CHILDREN	THEOREM_LIKE	descendant-of(stalk|germ)	MIGRATE	90	EXHAUSTIVE_BY_INHERITANCE	YES	books/vol06_algebraic_geometry/chapters/ch13_sheaves_stalks/chapter.tex	RESOLVED_TO_ACTIVE_CANONICAL_CHAPTER
VI/14	sheaves_notes_reorganized.tex	T03.SECTION	SECTION_OR_SUBSECTION	sheafification	PREFERRED_SOURCE	100	CURATED_TOPIC_MAP	YES	books/vol06_algebraic_geometry/chapters/ch14_sheafification/chapter.tex	RESOLVED_TO_ACTIVE_CANONICAL_CHAPTER
VI/14	sheaves_notes_reorganized.tex	T03.EXERCISE_CHILDREN	PROBLEM_EXERCISE_SOLUTION	descendant-of(sheafification)	PREFERRED_SOURCE	90	EXHAUSTIVE_BY_INHERITANCE	YES	books/vol06_algebraic_geometry/chapters/ch14_sheafification/chapter.tex	RESOLVED_TO_ACTIVE_CANONICAL_CHAPTER
VI/14	sheaves_notes_reorganized.tex	T03.THEORY_CHILDREN	THEOREM_LIKE	descendant-of(sheafification)	PREFERRED_SOURCE	90	EXHAUSTIVE_BY_INHERITANCE	YES	books/vol06_algebraic_geometry/chapters/ch14_sheafification/chapter.tex	RESOLVED_TO_ACTIVE_CANONICAL_CHAPTER
VI/14	theory-of-algebraic-geometry-1.tex	T09.SECTION	SECTION_OR_SUBSECTION	sheafification|espace étalé|etale space	MIGRATE	100	CURATED_TOPIC_MAP	YES	books/vol06_algebraic_geometry/chapters/ch14_sheafification/chapter.tex	RESOLVED_TO_ACTIVE_CANONICAL_CHAPTER
VI/14	theory-of-algebraic-geometry-1.tex	T09.EXERCISE_CHILDREN	PROBLEM_EXERCISE_SOLUTION	descendant-of(sheafification|espace étalé|etale space)	MIGRATE	90	EXHAUSTIVE_BY_INHERITANCE	YES	books/vol06_algebraic_geometry/chapters/ch14_sheafification/chapter.tex	RESOLVED_TO_ACTIVE_CANONICAL_CHAPTER
VI/14	theory-of-algebraic-geometry-1.tex	T09.THEORY_CHILDREN	THEOREM_LIKE	descendant-of(sheafification|espace étalé|etale space)	MIGRATE	90	EXHAUSTIVE_BY_INHERITANCE	YES	books/vol06_algebraic_geometry/chapters/ch14_sheafification/chapter.tex	RESOLVED_TO_ACTIVE_CANONICAL_CHAPTER
VI/14	theory-of-algebraic-geometry-2.tex	T03.SECTION	SECTION_OR_SUBSECTION	sheafification	MIGRATE	100	CURATED_TOPIC_MAP	YES	books/vol06_algebraic_geometry/chapters/ch14_sheafification/chapter.tex	RESOLVED_TO_ACTIVE_CANONICAL_CHAPTER
VI/14	theory-of-algebraic-geometry-2.tex	T03.EXERCISE_CHILDREN	PROBLEM_EXERCISE_SOLUTION	descendant-of(sheafification)	MIGRATE	90	EXHAUSTIVE_BY_INHERITANCE	YES	books/vol06_algebraic_geometry/chapters/ch14_sheafification/chapter.tex	RESOLVED_TO_ACTIVE_CANONICAL_CHAPTER
VI/14	theory-of-algebraic-geometry-2.tex	T03.THEORY_CHILDREN	THEOREM_LIKE	descendant-of(sheafification)	MIGRATE	90	EXHAUSTIVE_BY_INHERITANCE	YES	books/vol06_algebraic_geometry/chapters/ch14_sheafification/chapter.tex	RESOLVED_TO_ACTIVE_CANONICAL_CHAPTER
VI/15	sheaves_notes_reorganized.tex	T04.SECTION	SECTION_OR_SUBSECTION	kernel|image|quotient	PREFERRED_SOURCE	100	CURATED_TOPIC_MAP	YES	books/vol06_algebraic_geometry/chapters/ch15_kernels_images_quotients/chapter.tex	RESOLVED_TO_ACTIVE_CANONICAL_CHAPTER
VI/15	sheaves_notes_reorganized.tex	T04.EXERCISE_CHILDREN	PROBLEM_EXERCISE_SOLUTION	descendant-of(kernel|image|quotient)	PREFERRED_SOURCE	90	EXHAUSTIVE_BY_INHERITANCE	YES	books/vol06_algebraic_geometry/chapters/ch15_kernels_images_quotients/chapter.tex	RESOLVED_TO_ACTIVE_CANONICAL_CHAPTER
VI/15	sheaves_notes_reorganized.tex	T04.THEORY_CHILDREN	THEOREM_LIKE	descendant-of(kernel|image|quotient)	PREFERRED_SOURCE	90	EXHAUSTIVE_BY_INHERITANCE	YES	books/vol06_algebraic_geometry/chapters/ch15_kernels_images_quotients/chapter.tex	RESOLVED_TO_ACTIVE_CANONICAL_CHAPTER
VI/15	theory-of-algebraic-geometry-1.tex	T10.SECTION	SECTION_OR_SUBSECTION	kernel of sheaf|image of sheaf|quotient sheaf	MIGRATE	100	CURATED_TOPIC_MAP	YES	books/vol06_algebraic_geometry/chapters/ch15_kernels_images_quotients/chapter.tex	RESOLVED_TO_ACTIVE_CANONICAL_CHAPTER
VI/15	theory-of-algebraic-geometry-1.tex	T10.EXERCISE_CHILDREN	PROBLEM_EXERCISE_SOLUTION	descendant-of(kernel of sheaf|image of sheaf|quotient sheaf)	MIGRATE	90	EXHAUSTIVE_BY_INHERITANCE	YES	books/vol06_algebraic_geometry/chapters/ch15_kernels_images_quotients/chapter.tex	RESOLVED_TO_ACTIVE_CANONICAL_CHAPTER
VI/15	theory-of-algebraic-geometry-1.tex	T10.THEORY_CHILDREN	THEOREM_LIKE	descendant-of(kernel of sheaf|image of sheaf|quotient sheaf)	MIGRATE	90	EXHAUSTIVE_BY_INHERITANCE	YES	books/vol06_algebraic_geometry/chapters/ch15_kernels_images_quotients/chapter.tex	RESOLVED_TO_ACTIVE_CANONICAL_CHAPTER
VI/15	theory-of-algebraic-geometry-2.tex	T04.SECTION	SECTION_OR_SUBSECTION	kernel|image|quotient sheaf	MIGRATE	100	CURATED_TOPIC_MAP	YES	books/vol06_algebraic_geometry/chapters/ch15_kernels_images_quotients/chapter.tex	RESOLVED_TO_ACTIVE_CANONICAL_CHAPTER
VI/15	theory-of-algebraic-geometry-2.tex	T04.EXERCISE_CHILDREN	PROBLEM_EXERCISE_SOLUTION	descendant-of(kernel|image|quotient sheaf)	MIGRATE	90	EXHAUSTIVE_BY_INHERITANCE	YES	books/vol06_algebraic_geometry/chapters/ch15_kernels_images_quotients/chapter.tex	RESOLVED_TO_ACTIVE_CANONICAL_CHAPTER
VI/15	theory-of-algebraic-geometry-2.tex	T04.THEORY_CHILDREN	THEOREM_LIKE	descendant-of(kernel|image|quotient sheaf)	MIGRATE	90	EXHAUSTIVE_BY_INHERITANCE	YES	books/vol06_algebraic_geometry/chapters/ch15_kernels_images_quotients/chapter.tex	RESOLVED_TO_ACTIVE_CANONICAL_CHAPTER
VI/16	sheaves_notes_reorganized.tex	T05.SECTION	SECTION_OR_SUBSECTION	exact|stalkwise	PREFERRED_SOURCE	100	CURATED_TOPIC_MAP	YES	books/vol06_algebraic_geometry/chapters/ch16_exact_sequences_sheaves/chapter.tex	RESOLVED_TO_ACTIVE_CANONICAL_CHAPTER
VI/16	sheaves_notes_reorganized.tex	T05.EXERCISE_CHILDREN	PROBLEM_EXERCISE_SOLUTION	descendant-of(exact|stalkwise)	PREFERRED_SOURCE	90	EXHAUSTIVE_BY_INHERITANCE	YES	books/vol06_algebraic_geometry/chapters/ch16_exact_sequences_sheaves/chapter.tex	RESOLVED_TO_ACTIVE_CANONICAL_CHAPTER
VI/16	sheaves_notes_reorganized.tex	T05.THEORY_CHILDREN	THEOREM_LIKE	descendant-of(exact|stalkwise)	PREFERRED_SOURCE	90	EXHAUSTIVE_BY_INHERITANCE	YES	books/vol06_algebraic_geometry/chapters/ch16_exact_sequences_sheaves/chapter.tex	RESOLVED_TO_ACTIVE_CANONICAL_CHAPTER
VI/16	theory-of-algebraic-geometry-1.tex	T11.SECTION	SECTION_OR_SUBSECTION	exactness|stalkwise criterion	MIGRATE	100	CURATED_TOPIC_MAP	YES	books/vol06_algebraic_geometry/chapters/ch16_exact_sequences_sheaves/chapter.tex	RESOLVED_TO_ACTIVE_CANONICAL_CHAPTER
VI/16	theory-of-algebraic-geometry-1.tex	T11.EXERCISE_CHILDREN	PROBLEM_EXERCISE_SOLUTION	descendant-of(exactness|stalkwise criterion)	MIGRATE	90	EXHAUSTIVE_BY_INHERITANCE	YES	books/vol06_algebraic_geometry/chapters/ch16_exact_sequences_sheaves/chapter.tex	RESOLVED_TO_ACTIVE_CANONICAL_CHAPTER
VI/16	theory-of-algebraic-geometry-1.tex	T11.THEORY_CHILDREN	THEOREM_LIKE	descendant-of(exactness|stalkwise criterion)	MIGRATE	90	EXHAUSTIVE_BY_INHERITANCE	YES	books/vol06_algebraic_geometry/chapters/ch16_exact_sequences_sheaves/chapter.tex	RESOLVED_TO_ACTIVE_CANONICAL_CHAPTER
VI/16	theory-of-algebraic-geometry-2.tex	T05.SECTION	SECTION_OR_SUBSECTION	exact sequence|exactness	MIGRATE	100	CURATED_TOPIC_MAP	YES	books/vol06_algebraic_geometry/chapters/ch16_exact_sequences_sheaves/chapter.tex	RESOLVED_TO_ACTIVE_CANONICAL_CHAPTER
VI/16	theory-of-algebraic-geometry-2.tex	T05.EXERCISE_CHILDREN	PROBLEM_EXERCISE_SOLUTION	descendant-of(exact sequence|exactness)	MIGRATE	90	EXHAUSTIVE_BY_INHERITANCE	YES	books/vol06_algebraic_geometry/chapters/ch16_exact_sequences_sheaves/chapter.tex	RESOLVED_TO_ACTIVE_CANONICAL_CHAPTER
VI/16	theory-of-algebraic-geometry-2.tex	T05.THEORY_CHILDREN	THEOREM_LIKE	descendant-of(exact sequence|exactness)	MIGRATE	90	EXHAUSTIVE_BY_INHERITANCE	YES	books/vol06_algebraic_geometry/chapters/ch16_exact_sequences_sheaves/chapter.tex	RESOLVED_TO_ACTIVE_CANONICAL_CHAPTER
VI/17	theory-of-algebraic-geometry-3.tex	T01.SECTION	SECTION_OR_SUBSECTION	structure sheaf|O_X|regular function	MIGRATE	100	CURATED_TOPIC_MAP	YES	books/vol06_algebraic_geometry/chapters/ch17_structure_sheaf/chapter.tex	RESOLVED_TO_ACTIVE_CANONICAL_CHAPTER
VI/17	theory-of-algebraic-geometry-3.tex	T01.EXERCISE_CHILDREN	PROBLEM_EXERCISE_SOLUTION	descendant-of(structure sheaf|O_X|regular function)	MIGRATE	90	EXHAUSTIVE_BY_INHERITANCE	YES	books/vol06_algebraic_geometry/chapters/ch17_structure_sheaf/chapter.tex	RESOLVED_TO_ACTIVE_CANONICAL_CHAPTER
VI/17	theory-of-algebraic-geometry-3.tex	T01.THEORY_CHILDREN	THEOREM_LIKE	descendant-of(structure sheaf|O_X|regular function)	MIGRATE	90	EXHAUSTIVE_BY_INHERITANCE	YES	books/vol06_algebraic_geometry/chapters/ch17_structure_sheaf/chapter.tex	RESOLVED_TO_ACTIVE_CANONICAL_CHAPTER
VI/17	theory-of-algebraic-geometry-3.tex	FALLBACK.ALL_UNMATCHED	ANY_UNMATCHED_BLOCK	* unmatched after higher-precedence selectors	MIGRATE	10	COVERED_PENDING_INSTANCE_DIFF	YES	books/vol06_algebraic_geometry/chapters/ch17_structure_sheaf/chapter.tex	RESOLVED_TO_ACTIVE_CANONICAL_CHAPTER
VI/18	theory-of-algebraic-geometry-3.tex	T02.SECTION	SECTION_OR_SUBSECTION	affine scheme|Spec A	MIGRATE	100	CURATED_TOPIC_MAP	YES	books/vol06_algebraic_geometry/chapters/ch18_affine_schemes/chapter.tex	RESOLVED_TO_ACTIVE_CANONICAL_CHAPTER
VI/18	theory-of-algebraic-geometry-3.tex	T04.SECTION	SECTION_OR_SUBSECTION	D(f)|Spec A_f	MIGRATE	100	CURATED_TOPIC_MAP	YES	books/vol06_algebraic_geometry/chapters/ch18_affine_schemes/chapter.tex	RESOLVED_TO_ACTIVE_CANONICAL_CHAPTER
VI/18	theory-of-algebraic-geometry-3.tex	T02.EXERCISE_CHILDREN	PROBLEM_EXERCISE_SOLUTION	descendant-of(affine scheme|Spec A)	MIGRATE	90	EXHAUSTIVE_BY_INHERITANCE	YES	books/vol06_algebraic_geometry/chapters/ch18_affine_schemes/chapter.tex	RESOLVED_TO_ACTIVE_CANONICAL_CHAPTER
VI/18	theory-of-algebraic-geometry-3.tex	T02.THEORY_CHILDREN	THEOREM_LIKE	descendant-of(affine scheme|Spec A)	MIGRATE	90	EXHAUSTIVE_BY_INHERITANCE	YES	books/vol06_algebraic_geometry/chapters/ch18_affine_schemes/chapter.tex	RESOLVED_TO_ACTIVE_CANONICAL_CHAPTER
VI/18	theory-of-algebraic-geometry-3.tex	T04.EXERCISE_CHILDREN	PROBLEM_EXERCISE_SOLUTION	descendant-of(D(f)|Spec A_f)	MIGRATE	90	EXHAUSTIVE_BY_INHERITANCE	YES	books/vol06_algebraic_geometry/chapters/ch18_affine_schemes/chapter.tex	RESOLVED_TO_ACTIVE_CANONICAL_CHAPTER
VI/18	theory-of-algebraic-geometry-3.tex	T04.THEORY_CHILDREN	THEOREM_LIKE	descendant-of(D(f)|Spec A_f)	MIGRATE	90	EXHAUSTIVE_BY_INHERITANCE	YES	books/vol06_algebraic_geometry/chapters/ch18_affine_schemes/chapter.tex	RESOLVED_TO_ACTIVE_CANONICAL_CHAPTER
VI/18	theory-of-commutative-algebra-13.tex	T04.SECTION	SECTION_OR_SUBSECTION	affine scheme|structure sheaf	MIGRATE	100	CURATED_TOPIC_MAP	YES	books/vol06_algebraic_geometry/chapters/ch18_affine_schemes/chapter.tex	RESOLVED_TO_ACTIVE_CANONICAL_CHAPTER
VI/18	theory-of-commutative-algebra-13.tex	T04.EXERCISE_CHILDREN	PROBLEM_EXERCISE_SOLUTION	descendant-of(affine scheme|structure sheaf)	MIGRATE	90	EXHAUSTIVE_BY_INHERITANCE	YES	books/vol06_algebraic_geometry/chapters/ch18_affine_schemes/chapter.tex	RESOLVED_TO_ACTIVE_CANONICAL_CHAPTER
VI/18	theory-of-commutative-algebra-13.tex	T04.THEORY_CHILDREN	THEOREM_LIKE	descendant-of(affine scheme|structure sheaf)	MIGRATE	90	EXHAUSTIVE_BY_INHERITANCE	YES	books/vol06_algebraic_geometry/chapters/ch18_affine_schemes/chapter.tex	RESOLVED_TO_ACTIVE_CANONICAL_CHAPTER
VI/19	theory-of-algebraic-geometry-3.tex	T03.SECTION	SECTION_OR_SUBSECTION	morphism of affine schemes|ring homomorphism	MIGRATE	100	CURATED_TOPIC_MAP	YES	books/vol06_algebraic_geometry/chapters/ch19_morphisms_affine_schemes/chapter.tex	RESOLVED_TO_ACTIVE_CANONICAL_CHAPTER
VI/19	theory-of-algebraic-geometry-3.tex	T03.EXERCISE_CHILDREN	PROBLEM_EXERCISE_SOLUTION	descendant-of(morphism of affine schemes|ring homomorphism)	MIGRATE	90	EXHAUSTIVE_BY_INHERITANCE	YES	books/vol06_algebraic_geometry/chapters/ch19_morphisms_affine_schemes/chapter.tex	RESOLVED_TO_ACTIVE_CANONICAL_CHAPTER
VI/19	theory-of-algebraic-geometry-3.tex	T03.THEORY_CHILDREN	THEOREM_LIKE	descendant-of(morphism of affine schemes|ring homomorphism)	MIGRATE	90	EXHAUSTIVE_BY_INHERITANCE	YES	books/vol06_algebraic_geometry/chapters/ch19_morphisms_affine_schemes/chapter.tex	RESOLVED_TO_ACTIVE_CANONICAL_CHAPTER
VI/20	theory-of-algebraic-geometry-5.tex	T01.SECTION	SECTION_OR_SUBSECTION	affine intersection|gluing	MIGRATE	100	CURATED_TOPIC_MAP	YES	books/vol06_algebraic_geometry/chapters/ch20_gluing_affine_schemes/chapter.tex	RESOLVED_TO_ACTIVE_CANONICAL_CHAPTER
VI/20	theory-of-algebraic-geometry-5.tex	T01.EXERCISE_CHILDREN	PROBLEM_EXERCISE_SOLUTION	descendant-of(affine intersection|gluing)	MIGRATE	90	EXHAUSTIVE_BY_INHERITANCE	YES	books/vol06_algebraic_geometry/chapters/ch20_gluing_affine_schemes/chapter.tex	RESOLVED_TO_ACTIVE_CANONICAL_CHAPTER
VI/20	theory-of-algebraic-geometry-5.tex	T01.THEORY_CHILDREN	THEOREM_LIKE	descendant-of(affine intersection|gluing)	MIGRATE	90	EXHAUSTIVE_BY_INHERITANCE	YES	books/vol06_algebraic_geometry/chapters/ch20_gluing_affine_schemes/chapter.tex	RESOLVED_TO_ACTIVE_CANONICAL_CHAPTER
VI/21	theory-of-algebraic-geometry-3.tex	T05.SECTION	SECTION_OR_SUBSECTION	locally ringed|local morphism	MIGRATE	100	CURATED_TOPIC_MAP	YES	books/vol06_algebraic_geometry/chapters/ch21_schemes_and_points/chapter.tex	RESOLVED_TO_ACTIVE_CANONICAL_CHAPTER
VI/21	theory-of-algebraic-geometry-3.tex	T05.EXERCISE_CHILDREN	PROBLEM_EXERCISE_SOLUTION	descendant-of(locally ringed|local morphism)	MIGRATE	90	EXHAUSTIVE_BY_INHERITANCE	YES	books/vol06_algebraic_geometry/chapters/ch21_schemes_and_points/chapter.tex	RESOLVED_TO_ACTIVE_CANONICAL_CHAPTER
VI/21	theory-of-algebraic-geometry-3.tex	T05.THEORY_CHILDREN	THEOREM_LIKE	descendant-of(locally ringed|local morphism)	MIGRATE	90	EXHAUSTIVE_BY_INHERITANCE	YES	books/vol06_algebraic_geometry/chapters/ch21_schemes_and_points/chapter.tex	RESOLVED_TO_ACTIVE_CANONICAL_CHAPTER
VI/22	theory-of-algebraic-geometry-5.tex	T02.SECTION	SECTION_OR_SUBSECTION	open subscheme|closed subscheme|immersion	MIGRATE	100	CURATED_TOPIC_MAP	YES	books/vol06_algebraic_geometry/chapters/ch22_open_closed_subschemes/chapter.tex	RESOLVED_TO_ACTIVE_CANONICAL_CHAPTER
VI/22	theory-of-algebraic-geometry-5.tex	T02.EXERCISE_CHILDREN	PROBLEM_EXERCISE_SOLUTION	descendant-of(open subscheme|closed subscheme|immersion)	MIGRATE	90	EXHAUSTIVE_BY_INHERITANCE	YES	books/vol06_algebraic_geometry/chapters/ch22_open_closed_subschemes/chapter.tex	RESOLVED_TO_ACTIVE_CANONICAL_CHAPTER
VI/22	theory-of-algebraic-geometry-5.tex	T02.THEORY_CHILDREN	THEOREM_LIKE	descendant-of(open subscheme|closed subscheme|immersion)	MIGRATE	90	EXHAUSTIVE_BY_INHERITANCE	YES	books/vol06_algebraic_geometry/chapters/ch22_open_closed_subschemes/chapter.tex	RESOLVED_TO_ACTIVE_CANONICAL_CHAPTER
VI/22	theory-of-algebraic-geometry-5.tex	FALLBACK.ALL_UNMATCHED	ANY_UNMATCHED_BLOCK	* unmatched after higher-precedence selectors	MIGRATE	10	COVERED_PENDING_INSTANCE_DIFF	YES	books/vol06_algebraic_geometry/chapters/ch22_open_closed_subschemes/chapter.tex	RESOLVED_TO_ACTIVE_CANONICAL_CHAPTER
VI/23	theory-of-algebraic-geometry-7.tex	T01.SECTION	SECTION_OR_SUBSECTION	fiber product|cartesian square	MIGRATE	100	CURATED_TOPIC_MAP	YES	books/vol06_algebraic_geometry/chapters/ch23_fiber_products/chapter.tex	RESOLVED_TO_ACTIVE_CANONICAL_CHAPTER
VI/23	theory-of-algebraic-geometry-7.tex	T01.EXERCISE_CHILDREN	PROBLEM_EXERCISE_SOLUTION	descendant-of(fiber product|cartesian square)	MIGRATE	90	EXHAUSTIVE_BY_INHERITANCE	YES	books/vol06_algebraic_geometry/chapters/ch23_fiber_products/chapter.tex	RESOLVED_TO_ACTIVE_CANONICAL_CHAPTER
VI/23	theory-of-algebraic-geometry-7.tex	T01.THEORY_CHILDREN	THEOREM_LIKE	descendant-of(fiber product|cartesian square)	MIGRATE	90	EXHAUSTIVE_BY_INHERITANCE	YES	books/vol06_algebraic_geometry/chapters/ch23_fiber_products/chapter.tex	RESOLVED_TO_ACTIVE_CANONICAL_CHAPTER
VI/23	theory-of-algebraic-geometry-7.tex	FALLBACK.ALL_UNMATCHED	ANY_UNMATCHED_BLOCK	* unmatched after higher-precedence selectors	MIGRATE	10	COVERED_PENDING_INSTANCE_DIFF	YES	books/vol06_algebraic_geometry/chapters/ch23_fiber_products/chapter.tex	RESOLVED_TO_ACTIVE_CANONICAL_CHAPTER
VI/23	theory-of-commutative-algebra-2.tex	T03.SECTION	SECTION_OR_SUBSECTION	Spec|spectrum|fiber	MIGRATE	100	CURATED_TOPIC_MAP	YES	books/vol06_algebraic_geometry/chapters/ch23_fiber_products/chapter.tex	RESOLVED_TO_ACTIVE_CANONICAL_CHAPTER
VI/23	theory-of-commutative-algebra-2.tex	T03.EXERCISE_CHILDREN	PROBLEM_EXERCISE_SOLUTION	descendant-of(Spec|spectrum|fiber)	MIGRATE	90	EXHAUSTIVE_BY_INHERITANCE	YES	books/vol06_algebraic_geometry/chapters/ch23_fiber_products/chapter.tex	RESOLVED_TO_ACTIVE_CANONICAL_CHAPTER
VI/23	theory-of-commutative-algebra-2.tex	T03.THEORY_CHILDREN	THEOREM_LIKE	descendant-of(Spec|spectrum|fiber)	MIGRATE	90	EXHAUSTIVE_BY_INHERITANCE	YES	books/vol06_algebraic_geometry/chapters/ch23_fiber_products/chapter.tex	RESOLVED_TO_ACTIVE_CANONICAL_CHAPTER
VI/24	theory-of-algebraic-geometry-7.tex	T02.SECTION	SECTION_OR_SUBSECTION	base change	MIGRATE	100	CURATED_TOPIC_MAP	YES	books/vol06_algebraic_geometry/chapters/ch24_base_change/chapter.tex	RESOLVED_TO_ACTIVE_CANONICAL_CHAPTER
VI/24	theory-of-algebraic-geometry-7.tex	T02.EXERCISE_CHILDREN	PROBLEM_EXERCISE_SOLUTION	descendant-of(base change)	MIGRATE	90	EXHAUSTIVE_BY_INHERITANCE	YES	books/vol06_algebraic_geometry/chapters/ch24_base_change/chapter.tex	RESOLVED_TO_ACTIVE_CANONICAL_CHAPTER
VI/24	theory-of-algebraic-geometry-7.tex	T02.THEORY_CHILDREN	THEOREM_LIKE	descendant-of(base change)	MIGRATE	90	EXHAUSTIVE_BY_INHERITANCE	YES	books/vol06_algebraic_geometry/chapters/ch24_base_change/chapter.tex	RESOLVED_TO_ACTIVE_CANONICAL_CHAPTER
VI/25	theory-of-algebraic-geometry-7.tex	T03.SECTION	SECTION_OR_SUBSECTION	fiber|geometric fiber	MIGRATE	100	CURATED_TOPIC_MAP	YES	books/vol06_algebraic_geometry/chapters/ch25_fibers_geometric_fibers/chapter.tex	RESOLVED_TO_ACTIVE_CANONICAL_CHAPTER
VI/25	theory-of-algebraic-geometry-7.tex	T03.EXERCISE_CHILDREN	PROBLEM_EXERCISE_SOLUTION	descendant-of(fiber|geometric fiber)	MIGRATE	90	EXHAUSTIVE_BY_INHERITANCE	YES	books/vol06_algebraic_geometry/chapters/ch25_fibers_geometric_fibers/chapter.tex	RESOLVED_TO_ACTIVE_CANONICAL_CHAPTER
VI/25	theory-of-algebraic-geometry-7.tex	T03.THEORY_CHILDREN	THEOREM_LIKE	descendant-of(fiber|geometric fiber)	MIGRATE	90	EXHAUSTIVE_BY_INHERITANCE	YES	books/vol06_algebraic_geometry/chapters/ch25_fibers_geometric_fibers/chapter.tex	RESOLVED_TO_ACTIVE_CANONICAL_CHAPTER
VI/26	theory-of-algebraic-geometry-5.tex	T04.SECTION	SECTION_OR_SUBSECTION	Noetherian scheme	MIGRATE	100	CURATED_TOPIC_MAP	YES	books/vol06_algebraic_geometry/chapters/ch26_finite_type_noetherian_morphisms/chapter.tex	RESOLVED_TO_ACTIVE_CANONICAL_CHAPTER
VI/26	theory-of-algebraic-geometry-5.tex	T04.EXERCISE_CHILDREN	PROBLEM_EXERCISE_SOLUTION	descendant-of(Noetherian scheme)	MIGRATE	90	EXHAUSTIVE_BY_INHERITANCE	YES	books/vol06_algebraic_geometry/chapters/ch26_finite_type_noetherian_morphisms/chapter.tex	RESOLVED_TO_ACTIVE_CANONICAL_CHAPTER
VI/26	theory-of-algebraic-geometry-5.tex	T04.THEORY_CHILDREN	THEOREM_LIKE	descendant-of(Noetherian scheme)	MIGRATE	90	EXHAUSTIVE_BY_INHERITANCE	YES	books/vol06_algebraic_geometry/chapters/ch26_finite_type_noetherian_morphisms/chapter.tex	RESOLVED_TO_ACTIVE_CANONICAL_CHAPTER
VI/26	theory-of-algebraic-geometry-6.tex	T01.SECTION	SECTION_OR_SUBSECTION	finite type|Noetherian morphism|Noetherian scheme	MIGRATE	100	CURATED_TOPIC_MAP	YES	books/vol06_algebraic_geometry/chapters/ch26_finite_type_noetherian_morphisms/chapter.tex	RESOLVED_TO_ACTIVE_CANONICAL_CHAPTER
VI/26	theory-of-algebraic-geometry-6.tex	T01.EXERCISE_CHILDREN	PROBLEM_EXERCISE_SOLUTION	descendant-of(finite type|Noetherian morphism|Noetherian scheme)	MIGRATE	90	EXHAUSTIVE_BY_INHERITANCE	YES	books/vol06_algebraic_geometry/chapters/ch26_finite_type_noetherian_morphisms/chapter.tex	RESOLVED_TO_ACTIVE_CANONICAL_CHAPTER
VI/26	theory-of-algebraic-geometry-6.tex	T01.THEORY_CHILDREN	THEOREM_LIKE	descendant-of(finite type|Noetherian morphism|Noetherian scheme)	MIGRATE	90	EXHAUSTIVE_BY_INHERITANCE	YES	books/vol06_algebraic_geometry/chapters/ch26_finite_type_noetherian_morphisms/chapter.tex	RESOLVED_TO_ACTIVE_CANONICAL_CHAPTER
VI/26	theory-of-algebraic-geometry-6.tex	FALLBACK.ALL_UNMATCHED	ANY_UNMATCHED_BLOCK	* unmatched after higher-precedence selectors	MIGRATE	10	COVERED_PENDING_INSTANCE_DIFF	YES	books/vol06_algebraic_geometry/chapters/ch26_finite_type_noetherian_morphisms/chapter.tex	RESOLVED_TO_ACTIVE_CANONICAL_CHAPTER
VI/27	theory-of-algebraic-geometry-5.tex	T03.SECTION	SECTION_OR_SUBSECTION	integral scheme|reduced|irreducible	MIGRATE	100	CURATED_TOPIC_MAP	YES	books/vol06_algebraic_geometry/chapters/ch27_integral_schemes_function_fields/chapter.tex	RESOLVED_TO_ACTIVE_CANONICAL_CHAPTER
VI/27	theory-of-algebraic-geometry-5.tex	T03.EXERCISE_CHILDREN	PROBLEM_EXERCISE_SOLUTION	descendant-of(integral scheme|reduced|irreducible)	MIGRATE	90	EXHAUSTIVE_BY_INHERITANCE	YES	books/vol06_algebraic_geometry/chapters/ch27_integral_schemes_function_fields/chapter.tex	RESOLVED_TO_ACTIVE_CANONICAL_CHAPTER
VI/27	theory-of-algebraic-geometry-5.tex	T03.THEORY_CHILDREN	THEOREM_LIKE	descendant-of(integral scheme|reduced|irreducible)	MIGRATE	90	EXHAUSTIVE_BY_INHERITANCE	YES	books/vol06_algebraic_geometry/chapters/ch27_integral_schemes_function_fields/chapter.tex	RESOLVED_TO_ACTIVE_CANONICAL_CHAPTER
VI/27	theory-of-algebraic-geometry-6.tex	T03.SECTION	SECTION_OR_SUBSECTION	integral scheme	MIGRATE	100	CURATED_TOPIC_MAP	YES	books/vol06_algebraic_geometry/chapters/ch27_integral_schemes_function_fields/chapter.tex	RESOLVED_TO_ACTIVE_CANONICAL_CHAPTER
VI/27	theory-of-algebraic-geometry-6.tex	T04.SECTION	SECTION_OR_SUBSECTION	function field|rational function	MIGRATE	100	CURATED_TOPIC_MAP	YES	books/vol06_algebraic_geometry/chapters/ch27_integral_schemes_function_fields/chapter.tex	RESOLVED_TO_ACTIVE_CANONICAL_CHAPTER
VI/27	theory-of-algebraic-geometry-6.tex	T03.EXERCISE_CHILDREN	PROBLEM_EXERCISE_SOLUTION	descendant-of(integral scheme)	MIGRATE	90	EXHAUSTIVE_BY_INHERITANCE	YES	books/vol06_algebraic_geometry/chapters/ch27_integral_schemes_function_fields/chapter.tex	RESOLVED_TO_ACTIVE_CANONICAL_CHAPTER
VI/27	theory-of-algebraic-geometry-6.tex	T03.THEORY_CHILDREN	THEOREM_LIKE	descendant-of(integral scheme)	MIGRATE	90	EXHAUSTIVE_BY_INHERITANCE	YES	books/vol06_algebraic_geometry/chapters/ch27_integral_schemes_function_fields/chapter.tex	RESOLVED_TO_ACTIVE_CANONICAL_CHAPTER
VI/27	theory-of-algebraic-geometry-6.tex	T04.EXERCISE_CHILDREN	PROBLEM_EXERCISE_SOLUTION	descendant-of(function field|rational function)	MIGRATE	90	EXHAUSTIVE_BY_INHERITANCE	YES	books/vol06_algebraic_geometry/chapters/ch27_integral_schemes_function_fields/chapter.tex	RESOLVED_TO_ACTIVE_CANONICAL_CHAPTER
VI/27	theory-of-algebraic-geometry-6.tex	T04.THEORY_CHILDREN	THEOREM_LIKE	descendant-of(function field|rational function)	MIGRATE	90	EXHAUSTIVE_BY_INHERITANCE	YES	books/vol06_algebraic_geometry/chapters/ch27_integral_schemes_function_fields/chapter.tex	RESOLVED_TO_ACTIVE_CANONICAL_CHAPTER
VI/28	theory-of-algebraic-geometry-7.tex	T05.SECTION	SECTION_OR_SUBSECTION	normalization|integral closure|normal scheme	MIGRATE	100	CURATED_TOPIC_MAP	YES	books/vol06_algebraic_geometry/chapters/ch28_normalization/chapter.tex	RESOLVED_TO_ACTIVE_CANONICAL_CHAPTER
VI/28	theory-of-algebraic-geometry-7.tex	T05.EXERCISE_CHILDREN	PROBLEM_EXERCISE_SOLUTION	descendant-of(normalization|integral closure|normal scheme)	MIGRATE	90	EXHAUSTIVE_BY_INHERITANCE	YES	books/vol06_algebraic_geometry/chapters/ch28_normalization/chapter.tex	RESOLVED_TO_ACTIVE_CANONICAL_CHAPTER
VI/28	theory-of-algebraic-geometry-7.tex	T05.THEORY_CHILDREN	THEOREM_LIKE	descendant-of(normalization|integral closure|normal scheme)	MIGRATE	90	EXHAUSTIVE_BY_INHERITANCE	YES	books/vol06_algebraic_geometry/chapters/ch28_normalization/chapter.tex	RESOLVED_TO_ACTIVE_CANONICAL_CHAPTER
VI/29	theory-of-algebraic-geometry-6.tex	T05.SECTION	SECTION_OR_SUBSECTION	dimension|chain of primes	MIGRATE	100	CURATED_TOPIC_MAP	YES	books/vol06_algebraic_geometry/chapters/ch29_krull_dimension/chapter.tex	RESOLVED_TO_ACTIVE_CANONICAL_CHAPTER
VI/29	theory-of-algebraic-geometry-6.tex	T05.EXERCISE_CHILDREN	PROBLEM_EXERCISE_SOLUTION	descendant-of(dimension|chain of primes)	MIGRATE	90	EXHAUSTIVE_BY_INHERITANCE	YES	books/vol06_algebraic_geometry/chapters/ch29_krull_dimension/chapter.tex	RESOLVED_TO_ACTIVE_CANONICAL_CHAPTER
VI/29	theory-of-algebraic-geometry-6.tex	T05.THEORY_CHILDREN	THEOREM_LIKE	descendant-of(dimension|chain of primes)	MIGRATE	90	EXHAUSTIVE_BY_INHERITANCE	YES	books/vol06_algebraic_geometry/chapters/ch29_krull_dimension/chapter.tex	RESOLVED_TO_ACTIVE_CANONICAL_CHAPTER
VI/29	theory-of-algebraic-geometry-8.tex	T01.SECTION	SECTION_OR_SUBSECTION	Krull dimension|chain of prime	MIGRATE	100	CURATED_TOPIC_MAP	YES	books/vol06_algebraic_geometry/chapters/ch29_krull_dimension/chapter.tex	RESOLVED_TO_ACTIVE_CANONICAL_CHAPTER
VI/29	theory-of-algebraic-geometry-8.tex	T01.EXERCISE_CHILDREN	PROBLEM_EXERCISE_SOLUTION	descendant-of(Krull dimension|chain of prime)	MIGRATE	90	EXHAUSTIVE_BY_INHERITANCE	YES	books/vol06_algebraic_geometry/chapters/ch29_krull_dimension/chapter.tex	RESOLVED_TO_ACTIVE_CANONICAL_CHAPTER
VI/29	theory-of-algebraic-geometry-8.tex	T01.THEORY_CHILDREN	THEOREM_LIKE	descendant-of(Krull dimension|chain of prime)	MIGRATE	90	EXHAUSTIVE_BY_INHERITANCE	YES	books/vol06_algebraic_geometry/chapters/ch29_krull_dimension/chapter.tex	RESOLVED_TO_ACTIVE_CANONICAL_CHAPTER
VI/29	theory-of-algebraic-geometry-8.tex	FALLBACK.ALL_UNMATCHED	ANY_UNMATCHED_BLOCK	* unmatched after higher-precedence selectors	MIGRATE	10	COVERED_PENDING_INSTANCE_DIFF	YES	books/vol06_algebraic_geometry/chapters/ch29_krull_dimension/chapter.tex	RESOLVED_TO_ACTIVE_CANONICAL_CHAPTER
VI/30	theory-of-algebraic-geometry-8.tex	T02.SECTION	SECTION_OR_SUBSECTION	dimension of scheme	MIGRATE	100	CURATED_TOPIC_MAP	YES	books/vol06_algebraic_geometry/chapters/ch30_dimension_of_schemes/chapter.tex	RESOLVED_TO_ACTIVE_CANONICAL_CHAPTER
VI/30	theory-of-algebraic-geometry-8.tex	T02.EXERCISE_CHILDREN	PROBLEM_EXERCISE_SOLUTION	descendant-of(dimension of scheme)	MIGRATE	90	EXHAUSTIVE_BY_INHERITANCE	YES	books/vol06_algebraic_geometry/chapters/ch30_dimension_of_schemes/chapter.tex	RESOLVED_TO_ACTIVE_CANONICAL_CHAPTER
VI/30	theory-of-algebraic-geometry-8.tex	T02.THEORY_CHILDREN	THEOREM_LIKE	descendant-of(dimension of scheme)	MIGRATE	90	EXHAUSTIVE_BY_INHERITANCE	YES	books/vol06_algebraic_geometry/chapters/ch30_dimension_of_schemes/chapter.tex	RESOLVED_TO_ACTIVE_CANONICAL_CHAPTER
VI/31	theory-of-algebraic-geometry-8.tex	T03.SECTION	SECTION_OR_SUBSECTION	codimension|height	MIGRATE	100	CURATED_TOPIC_MAP	YES	books/vol06_algebraic_geometry/chapters/ch31_codimension/chapter.tex	RESOLVED_TO_ACTIVE_CANONICAL_CHAPTER
VI/31	theory-of-algebraic-geometry-8.tex	T03.EXERCISE_CHILDREN	PROBLEM_EXERCISE_SOLUTION	descendant-of(codimension|height)	MIGRATE	90	EXHAUSTIVE_BY_INHERITANCE	YES	books/vol06_algebraic_geometry/chapters/ch31_codimension/chapter.tex	RESOLVED_TO_ACTIVE_CANONICAL_CHAPTER
VI/31	theory-of-algebraic-geometry-8.tex	T03.THEORY_CHILDREN	THEOREM_LIKE	descendant-of(codimension|height)	MIGRATE	90	EXHAUSTIVE_BY_INHERITANCE	YES	books/vol06_algebraic_geometry/chapters/ch31_codimension/chapter.tex	RESOLVED_TO_ACTIVE_CANONICAL_CHAPTER
VI/32	theory-of-algebraic-geometry-8.tex	T05.SECTION	SECTION_OR_SUBSECTION	tangent|local dimension	MIGRATE	100	CURATED_TOPIC_MAP	YES	books/vol06_algebraic_geometry/chapters/ch32_tangent_spaces_and_local_geometry/chapter.tex	RESOLVED_TO_ACTIVE_CANONICAL_CHAPTER
VI/32	theory-of-algebraic-geometry-8.tex	T05.EXERCISE_CHILDREN	PROBLEM_EXERCISE_SOLUTION	descendant-of(tangent|local dimension)	MIGRATE	90	EXHAUSTIVE_BY_INHERITANCE	YES	books/vol06_algebraic_geometry/chapters/ch32_tangent_spaces_and_local_geometry/chapter.tex	RESOLVED_TO_ACTIVE_CANONICAL_CHAPTER
VI/32	theory-of-algebraic-geometry-8.tex	T05.THEORY_CHILDREN	THEOREM_LIKE	descendant-of(tangent|local dimension)	MIGRATE	90	EXHAUSTIVE_BY_INHERITANCE	YES	books/vol06_algebraic_geometry/chapters/ch32_tangent_spaces_and_local_geometry/chapter.tex	RESOLVED_TO_ACTIVE_CANONICAL_CHAPTER
VI/32	theory-of-commutative-algebra-12.tex	T03.SECTION	SECTION_OR_SUBSECTION	tangent space|m/m^2|cotangent	MIGRATE	100	CURATED_TOPIC_MAP	YES	books/vol06_algebraic_geometry/chapters/ch32_tangent_spaces_and_local_geometry/chapter.tex	RESOLVED_TO_ACTIVE_CANONICAL_CHAPTER
VI/32	theory-of-commutative-algebra-12.tex	T03.EXERCISE_CHILDREN	PROBLEM_EXERCISE_SOLUTION	descendant-of(tangent space|m/m^2|cotangent)	MIGRATE	90	EXHAUSTIVE_BY_INHERITANCE	YES	books/vol06_algebraic_geometry/chapters/ch32_tangent_spaces_and_local_geometry/chapter.tex	RESOLVED_TO_ACTIVE_CANONICAL_CHAPTER
VI/32	theory-of-commutative-algebra-12.tex	T03.THEORY_CHILDREN	THEOREM_LIKE	descendant-of(tangent space|m/m^2|cotangent)	MIGRATE	90	EXHAUSTIVE_BY_INHERITANCE	YES	books/vol06_algebraic_geometry/chapters/ch32_tangent_spaces_and_local_geometry/chapter.tex	RESOLVED_TO_ACTIVE_CANONICAL_CHAPTER
VI/33	theory-of-algebraic-geometry-9.tex	T05Q.SECTION	SECTION_OR_SUBSECTION	coherent|quasi-coherent	MIGRATE	100	CURATED_TOPIC_MAP	YES	books/vol06_algebraic_geometry/chapters/ch33_o_x_modules_quasicoherent/chapter.tex	RESOLVED_TO_ACTIVE_CANONICAL_CHAPTER
VI/33	theory-of-algebraic-geometry-9.tex	T05Q.EXERCISE_CHILDREN	PROBLEM_EXERCISE_SOLUTION	descendant-of(coherent|quasi-coherent)	MIGRATE	90	EXHAUSTIVE_BY_INHERITANCE	YES	books/vol06_algebraic_geometry/chapters/ch33_o_x_modules_quasicoherent/chapter.tex	RESOLVED_TO_ACTIVE_CANONICAL_CHAPTER
VI/33	theory-of-algebraic-geometry-9.tex	T05Q.THEORY_CHILDREN	THEOREM_LIKE	descendant-of(coherent|quasi-coherent)	MIGRATE	90	EXHAUSTIVE_BY_INHERITANCE	YES	books/vol06_algebraic_geometry/chapters/ch33_o_x_modules_quasicoherent/chapter.tex	RESOLVED_TO_ACTIVE_CANONICAL_CHAPTER
VI/34	theory-of-algebraic-geometry-4.tex	T01.SECTION	SECTION_OR_SUBSECTION	graded ring|homogeneous	MIGRATE	100	CURATED_TOPIC_MAP	YES	books/vol06_algebraic_geometry/chapters/ch34_graded_rings/chapter.tex	RESOLVED_TO_ACTIVE_CANONICAL_CHAPTER
VI/34	theory-of-algebraic-geometry-4.tex	T01.EXERCISE_CHILDREN	PROBLEM_EXERCISE_SOLUTION	descendant-of(graded ring|homogeneous)	MIGRATE	90	EXHAUSTIVE_BY_INHERITANCE	YES	books/vol06_algebraic_geometry/chapters/ch34_graded_rings/chapter.tex	RESOLVED_TO_ACTIVE_CANONICAL_CHAPTER
VI/34	theory-of-algebraic-geometry-4.tex	T01.THEORY_CHILDREN	THEOREM_LIKE	descendant-of(graded ring|homogeneous)	MIGRATE	90	EXHAUSTIVE_BY_INHERITANCE	YES	books/vol06_algebraic_geometry/chapters/ch34_graded_rings/chapter.tex	RESOLVED_TO_ACTIVE_CANONICAL_CHAPTER
VI/34	theory-of-algebraic-geometry-4.tex	FALLBACK.ALL_UNMATCHED	ANY_UNMATCHED_BLOCK	* unmatched after higher-precedence selectors	MIGRATE	10	COVERED_PENDING_INSTANCE_DIFF	YES	books/vol06_algebraic_geometry/chapters/ch34_graded_rings/chapter.tex	RESOLVED_TO_ACTIVE_CANONICAL_CHAPTER
VI/35	theory-of-algebraic-geometry-4.tex	T02.SECTION	SECTION_OR_SUBSECTION	Proj	MIGRATE	100	CURATED_TOPIC_MAP	YES	books/vol06_algebraic_geometry/chapters/ch35_proj/chapter.tex	RESOLVED_TO_ACTIVE_CANONICAL_CHAPTER
VI/35	theory-of-algebraic-geometry-4.tex	T02.EXERCISE_CHILDREN	PROBLEM_EXERCISE_SOLUTION	descendant-of(Proj)	MIGRATE	90	EXHAUSTIVE_BY_INHERITANCE	YES	books/vol06_algebraic_geometry/chapters/ch35_proj/chapter.tex	RESOLVED_TO_ACTIVE_CANONICAL_CHAPTER
VI/35	theory-of-algebraic-geometry-4.tex	T02.THEORY_CHILDREN	THEOREM_LIKE	descendant-of(Proj)	MIGRATE	90	EXHAUSTIVE_BY_INHERITANCE	YES	books/vol06_algebraic_geometry/chapters/ch35_proj/chapter.tex	RESOLVED_TO_ACTIVE_CANONICAL_CHAPTER
VI/36	theory-of-algebraic-geometry-4.tex	T03.SECTION	SECTION_OR_SUBSECTION	projective space|P^n	MIGRATE	100	CURATED_TOPIC_MAP	YES	books/vol06_algebraic_geometry/chapters/ch36_projective_space/chapter.tex	RESOLVED_TO_ACTIVE_CANONICAL_CHAPTER
VI/36	theory-of-algebraic-geometry-4.tex	T03.EXERCISE_CHILDREN	PROBLEM_EXERCISE_SOLUTION	descendant-of(projective space|P^n)	MIGRATE	90	EXHAUSTIVE_BY_INHERITANCE	YES	books/vol06_algebraic_geometry/chapters/ch36_projective_space/chapter.tex	RESOLVED_TO_ACTIVE_CANONICAL_CHAPTER
VI/36	theory-of-algebraic-geometry-4.tex	T03.THEORY_CHILDREN	THEOREM_LIKE	descendant-of(projective space|P^n)	MIGRATE	90	EXHAUSTIVE_BY_INHERITANCE	YES	books/vol06_algebraic_geometry/chapters/ch36_projective_space/chapter.tex	RESOLVED_TO_ACTIVE_CANONICAL_CHAPTER
VI/37	theory-of-algebraic-geometry-4.tex	T04.SECTION	SECTION_OR_SUBSECTION	projective scheme	MIGRATE	100	CURATED_TOPIC_MAP	YES	books/vol06_algebraic_geometry/chapters/ch37_projective_schemes/chapter.tex	RESOLVED_TO_ACTIVE_CANONICAL_CHAPTER
VI/37	theory-of-algebraic-geometry-4.tex	T04.EXERCISE_CHILDREN	PROBLEM_EXERCISE_SOLUTION	descendant-of(projective scheme)	MIGRATE	90	EXHAUSTIVE_BY_INHERITANCE	YES	books/vol06_algebraic_geometry/chapters/ch37_projective_schemes/chapter.tex	RESOLVED_TO_ACTIVE_CANONICAL_CHAPTER
VI/37	theory-of-algebraic-geometry-4.tex	T04.THEORY_CHILDREN	THEOREM_LIKE	descendant-of(projective scheme)	MIGRATE	90	EXHAUSTIVE_BY_INHERITANCE	YES	books/vol06_algebraic_geometry/chapters/ch37_projective_schemes/chapter.tex	RESOLVED_TO_ACTIVE_CANONICAL_CHAPTER
VI/38	theory-of-algebraic-geometry-4.tex	T05.SECTION	SECTION_OR_SUBSECTION	projective morphism|closed embedding	MIGRATE	100	CURATED_TOPIC_MAP	YES	books/vol06_algebraic_geometry/chapters/ch38_projective_morphisms_and_closed_embeddings/chapter.tex	RESOLVED_TO_ACTIVE_CANONICAL_CHAPTER
VI/38	theory-of-algebraic-geometry-4.tex	T05.EXERCISE_CHILDREN	PROBLEM_EXERCISE_SOLUTION	descendant-of(projective morphism|closed embedding)	MIGRATE	90	EXHAUSTIVE_BY_INHERITANCE	YES	books/vol06_algebraic_geometry/chapters/ch38_projective_morphisms_and_closed_embeddings/chapter.tex	RESOLVED_TO_ACTIVE_CANONICAL_CHAPTER
VI/38	theory-of-algebraic-geometry-4.tex	T05.THEORY_CHILDREN	THEOREM_LIKE	descendant-of(projective morphism|closed embedding)	MIGRATE	90	EXHAUSTIVE_BY_INHERITANCE	YES	books/vol06_algebraic_geometry/chapters/ch38_projective_morphisms_and_closed_embeddings/chapter.tex	RESOLVED_TO_ACTIVE_CANONICAL_CHAPTER
VI/38	theory-of-algebraic-geometry-9.tex	T05P.SECTION	SECTION_OR_SUBSECTION	projective morphism	MIGRATE	100	CURATED_TOPIC_MAP	YES	books/vol06_algebraic_geometry/chapters/ch38_projective_morphisms_and_closed_embeddings/chapter.tex	RESOLVED_TO_ACTIVE_CANONICAL_CHAPTER
VI/38	theory-of-algebraic-geometry-9.tex	T05P.EXERCISE_CHILDREN	PROBLEM_EXERCISE_SOLUTION	descendant-of(projective morphism)	MIGRATE	90	EXHAUSTIVE_BY_INHERITANCE	YES	books/vol06_algebraic_geometry/chapters/ch38_projective_morphisms_and_closed_embeddings/chapter.tex	RESOLVED_TO_ACTIVE_CANONICAL_CHAPTER
VI/38	theory-of-algebraic-geometry-9.tex	T05P.THEORY_CHILDREN	THEOREM_LIKE	descendant-of(projective morphism)	MIGRATE	90	EXHAUSTIVE_BY_INHERITANCE	YES	books/vol06_algebraic_geometry/chapters/ch38_projective_morphisms_and_closed_embeddings/chapter.tex	RESOLVED_TO_ACTIVE_CANONICAL_CHAPTER
VI/39	theory-of-algebraic-geometry-10.tex	T01.SECTION	SECTION_OR_SUBSECTION	divisor|Picard|line bundle|coherent	COMPARE_AND_MIGRATE	100	CURATED_TOPIC_MAP	YES	books/vol06_algebraic_geometry/chapters/ch39_weil_divisors/chapter.tex	RESOLVED_TO_ACTIVE_CANONICAL_CHAPTER
VI/39	theory-of-algebraic-geometry-10.tex	T01.EXERCISE_CHILDREN	PROBLEM_EXERCISE_SOLUTION	descendant-of(divisor|Picard|line bundle|coherent)	COMPARE_AND_MIGRATE	90	EXHAUSTIVE_BY_INHERITANCE	YES	books/vol06_algebraic_geometry/chapters/ch39_weil_divisors/chapter.tex	RESOLVED_TO_ACTIVE_CANONICAL_CHAPTER
VI/39	theory-of-algebraic-geometry-10.tex	T01.THEORY_CHILDREN	THEOREM_LIKE	descendant-of(divisor|Picard|line bundle|coherent)	COMPARE_AND_MIGRATE	90	EXHAUSTIVE_BY_INHERITANCE	YES	books/vol06_algebraic_geometry/chapters/ch39_weil_divisors/chapter.tex	RESOLVED_TO_ACTIVE_CANONICAL_CHAPTER
VI/39	theory-of-algebraic-geometry-10.tex	FALLBACK.ALL_UNMATCHED	ANY_UNMATCHED_BLOCK	* unmatched after higher-precedence selectors	COMPARE_AND_MIGRATE	10	COVERED_PENDING_INSTANCE_DIFF	YES	books/vol06_algebraic_geometry/chapters/ch39_weil_divisors/chapter.tex	RESOLVED_TO_ACTIVE_CANONICAL_CHAPTER
VI/39	theory-of-algebraic-geometry-9.tex	T01.SECTION	SECTION_OR_SUBSECTION	Weil divisor|prime divisor	MIGRATE	100	CURATED_TOPIC_MAP	YES	books/vol06_algebraic_geometry/chapters/ch39_weil_divisors/chapter.tex	RESOLVED_TO_ACTIVE_CANONICAL_CHAPTER
VI/39	theory-of-algebraic-geometry-9.tex	T01.EXERCISE_CHILDREN	PROBLEM_EXERCISE_SOLUTION	descendant-of(Weil divisor|prime divisor)	MIGRATE	90	EXHAUSTIVE_BY_INHERITANCE	YES	books/vol06_algebraic_geometry/chapters/ch39_weil_divisors/chapter.tex	RESOLVED_TO_ACTIVE_CANONICAL_CHAPTER
VI/39	theory-of-algebraic-geometry-9.tex	T01.THEORY_CHILDREN	THEOREM_LIKE	descendant-of(Weil divisor|prime divisor)	MIGRATE	90	EXHAUSTIVE_BY_INHERITANCE	YES	books/vol06_algebraic_geometry/chapters/ch39_weil_divisors/chapter.tex	RESOLVED_TO_ACTIVE_CANONICAL_CHAPTER
VI/39	theory-of-algebraic-geometry-9.tex	FALLBACK.ALL_UNMATCHED	ANY_UNMATCHED_BLOCK	* unmatched after higher-precedence selectors	MIGRATE	10	COVERED_PENDING_INSTANCE_DIFF	YES	books/vol06_algebraic_geometry/chapters/ch39_weil_divisors/chapter.tex	RESOLVED_TO_ACTIVE_CANONICAL_CHAPTER
VI/40	theory-of-algebraic-geometry-9.tex	T02.SECTION	SECTION_OR_SUBSECTION	Cartier divisor	MIGRATE	100	CURATED_TOPIC_MAP	YES	books/vol06_algebraic_geometry/chapters/ch40_cartier_divisors/chapter.tex	RESOLVED_TO_ACTIVE_CANONICAL_CHAPTER
VI/40	theory-of-algebraic-geometry-9.tex	T02.EXERCISE_CHILDREN	PROBLEM_EXERCISE_SOLUTION	descendant-of(Cartier divisor)	MIGRATE	90	EXHAUSTIVE_BY_INHERITANCE	YES	books/vol06_algebraic_geometry/chapters/ch40_cartier_divisors/chapter.tex	RESOLVED_TO_ACTIVE_CANONICAL_CHAPTER
VI/40	theory-of-algebraic-geometry-9.tex	T02.THEORY_CHILDREN	THEOREM_LIKE	descendant-of(Cartier divisor)	MIGRATE	90	EXHAUSTIVE_BY_INHERITANCE	YES	books/vol06_algebraic_geometry/chapters/ch40_cartier_divisors/chapter.tex	RESOLVED_TO_ACTIVE_CANONICAL_CHAPTER
VI/41	theory-of-algebraic-geometry-9.tex	T03.SECTION	SECTION_OR_SUBSECTION	class group|divisor class	MIGRATE	100	CURATED_TOPIC_MAP	YES	books/vol06_algebraic_geometry/chapters/ch41_divisor_class_groups/chapter.tex	RESOLVED_TO_ACTIVE_CANONICAL_CHAPTER
VI/41	theory-of-algebraic-geometry-9.tex	T03.EXERCISE_CHILDREN	PROBLEM_EXERCISE_SOLUTION	descendant-of(class group|divisor class)	MIGRATE	90	EXHAUSTIVE_BY_INHERITANCE	YES	books/vol06_algebraic_geometry/chapters/ch41_divisor_class_groups/chapter.tex	RESOLVED_TO_ACTIVE_CANONICAL_CHAPTER
VI/41	theory-of-algebraic-geometry-9.tex	T03.THEORY_CHILDREN	THEOREM_LIKE	descendant-of(class group|divisor class)	MIGRATE	90	EXHAUSTIVE_BY_INHERITANCE	YES	books/vol06_algebraic_geometry/chapters/ch41_divisor_class_groups/chapter.tex	RESOLVED_TO_ACTIVE_CANONICAL_CHAPTER
VI/42	theory-of-algebraic-geometry-9.tex	T04.SECTION	SECTION_OR_SUBSECTION	line bundle|invertible sheaf|Picard	MIGRATE	100	CURATED_TOPIC_MAP	YES	books/vol06_algebraic_geometry/chapters/ch42_line_bundles_and_picard_groups/chapter.tex	RESOLVED_TO_ACTIVE_CANONICAL_CHAPTER
VI/42	theory-of-algebraic-geometry-9.tex	T04.EXERCISE_CHILDREN	PROBLEM_EXERCISE_SOLUTION	descendant-of(line bundle|invertible sheaf|Picard)	MIGRATE	90	EXHAUSTIVE_BY_INHERITANCE	YES	books/vol06_algebraic_geometry/chapters/ch42_line_bundles_and_picard_groups/chapter.tex	RESOLVED_TO_ACTIVE_CANONICAL_CHAPTER
VI/42	theory-of-algebraic-geometry-9.tex	T04.THEORY_CHILDREN	THEOREM_LIKE	descendant-of(line bundle|invertible sheaf|Picard)	MIGRATE	90	EXHAUSTIVE_BY_INHERITANCE	YES	books/vol06_algebraic_geometry/chapters/ch42_line_bundles_and_picard_groups/chapter.tex	RESOLVED_TO_ACTIVE_CANONICAL_CHAPTER
VI/42	theory-of-differential-geometry-5.tex	T04.SECTION	SECTION_OR_SUBSECTION	Picard|line bundle	MIGRATE	100	CURATED_TOPIC_MAP	YES	books/vol06_algebraic_geometry/chapters/ch42_line_bundles_and_picard_groups/chapter.tex	RESOLVED_TO_ACTIVE_CANONICAL_CHAPTER
VI/42	theory-of-differential-geometry-5.tex	T04.EXERCISE_CHILDREN	PROBLEM_EXERCISE_SOLUTION	descendant-of(Picard|line bundle)	MIGRATE	90	EXHAUSTIVE_BY_INHERITANCE	YES	books/vol06_algebraic_geometry/chapters/ch42_line_bundles_and_picard_groups/chapter.tex	RESOLVED_TO_ACTIVE_CANONICAL_CHAPTER
VI/42	theory-of-differential-geometry-5.tex	T04.THEORY_CHILDREN	THEOREM_LIKE	descendant-of(Picard|line bundle)	MIGRATE	90	EXHAUSTIVE_BY_INHERITANCE	YES	books/vol06_algebraic_geometry/chapters/ch42_line_bundles_and_picard_groups/chapter.tex	RESOLVED_TO_ACTIVE_CANONICAL_CHAPTER
VI/43	theory-of-algebraic-geometry-19.tex	T03.SECTION	SECTION_OR_SUBSECTION	plane cubic|cubic curve	MIGRATE	100	CURATED_TOPIC_MAP	YES	books/vol06_algebraic_geometry/chapters/ch43_plane_cubics/chapter.tex	RESOLVED_TO_ACTIVE_CANONICAL_CHAPTER
VI/43	theory-of-algebraic-geometry-19.tex	T03.EXERCISE_CHILDREN	PROBLEM_EXERCISE_SOLUTION	descendant-of(plane cubic|cubic curve)	MIGRATE	90	EXHAUSTIVE_BY_INHERITANCE	YES	books/vol06_algebraic_geometry/chapters/ch43_plane_cubics/chapter.tex	RESOLVED_TO_ACTIVE_CANONICAL_CHAPTER
VI/43	theory-of-algebraic-geometry-19.tex	T03.THEORY_CHILDREN	THEOREM_LIKE	descendant-of(plane cubic|cubic curve)	MIGRATE	90	EXHAUSTIVE_BY_INHERITANCE	YES	books/vol06_algebraic_geometry/chapters/ch43_plane_cubics/chapter.tex	RESOLVED_TO_ACTIVE_CANONICAL_CHAPTER
VI/43	theory-of-differential-geometry-4.tex	T05.SECTION	SECTION_OR_SUBSECTION	affine curve|plane curve	MIGRATE	100	CURATED_TOPIC_MAP	YES	books/vol06_algebraic_geometry/chapters/ch43_plane_cubics/chapter.tex	RESOLVED_TO_ACTIVE_CANONICAL_CHAPTER
VI/43	theory-of-differential-geometry-4.tex	T05.EXERCISE_CHILDREN	PROBLEM_EXERCISE_SOLUTION	descendant-of(affine curve|plane curve)	MIGRATE	90	EXHAUSTIVE_BY_INHERITANCE	YES	books/vol06_algebraic_geometry/chapters/ch43_plane_cubics/chapter.tex	RESOLVED_TO_ACTIVE_CANONICAL_CHAPTER
VI/43	theory-of-differential-geometry-4.tex	T05.THEORY_CHILDREN	THEOREM_LIKE	descendant-of(affine curve|plane curve)	MIGRATE	90	EXHAUSTIVE_BY_INHERITANCE	YES	books/vol06_algebraic_geometry/chapters/ch43_plane_cubics/chapter.tex	RESOLVED_TO_ACTIVE_CANONICAL_CHAPTER
VI/43	theory-of-differential-geometry-5.tex	T01.SECTION	SECTION_OR_SUBSECTION	plane cubic|cubic curve	MIGRATE	100	CURATED_TOPIC_MAP	YES	books/vol06_algebraic_geometry/chapters/ch43_plane_cubics/chapter.tex	RESOLVED_TO_ACTIVE_CANONICAL_CHAPTER
VI/43	theory-of-differential-geometry-5.tex	T01.EXERCISE_CHILDREN	PROBLEM_EXERCISE_SOLUTION	descendant-of(plane cubic|cubic curve)	MIGRATE	90	EXHAUSTIVE_BY_INHERITANCE	YES	books/vol06_algebraic_geometry/chapters/ch43_plane_cubics/chapter.tex	RESOLVED_TO_ACTIVE_CANONICAL_CHAPTER
VI/43	theory-of-differential-geometry-5.tex	T01.THEORY_CHILDREN	THEOREM_LIKE	descendant-of(plane cubic|cubic curve)	MIGRATE	90	EXHAUSTIVE_BY_INHERITANCE	YES	books/vol06_algebraic_geometry/chapters/ch43_plane_cubics/chapter.tex	RESOLVED_TO_ACTIVE_CANONICAL_CHAPTER
VI/43	theory-of-differential-geometry-5.tex	FALLBACK.ALL_UNMATCHED	ANY_UNMATCHED_BLOCK	* unmatched after higher-precedence selectors	MIGRATE	10	COVERED_PENDING_INSTANCE_DIFF	YES	books/vol06_algebraic_geometry/chapters/ch43_plane_cubics/chapter.tex	RESOLVED_TO_ACTIVE_CANONICAL_CHAPTER
VI/44	theory-of-differential-geometry-5.tex	T02.SECTION	SECTION_OR_SUBSECTION	Cremona|birational map	MIGRATE	100	CURATED_TOPIC_MAP	YES	books/vol06_algebraic_geometry/chapters/ch44_cremona_transformations/chapter.tex	RESOLVED_TO_ACTIVE_CANONICAL_CHAPTER
VI/44	theory-of-differential-geometry-5.tex	T02.EXERCISE_CHILDREN	PROBLEM_EXERCISE_SOLUTION	descendant-of(Cremona|birational map)	MIGRATE	90	EXHAUSTIVE_BY_INHERITANCE	YES	books/vol06_algebraic_geometry/chapters/ch44_cremona_transformations/chapter.tex	RESOLVED_TO_ACTIVE_CANONICAL_CHAPTER
VI/44	theory-of-differential-geometry-5.tex	T02.THEORY_CHILDREN	THEOREM_LIKE	descendant-of(Cremona|birational map)	MIGRATE	90	EXHAUSTIVE_BY_INHERITANCE	YES	books/vol06_algebraic_geometry/chapters/ch44_cremona_transformations/chapter.tex	RESOLVED_TO_ACTIVE_CANONICAL_CHAPTER
VI/45	theory-of-differential-geometry-5.tex	T03.SECTION	SECTION_OR_SUBSECTION	blow-up|blowup|exceptional divisor	MIGRATE	100	CURATED_TOPIC_MAP	YES	books/vol06_algebraic_geometry/chapters/ch45_blow_ups/chapter.tex	RESOLVED_TO_ACTIVE_CANONICAL_CHAPTER
VI/45	theory-of-differential-geometry-5.tex	T03.EXERCISE_CHILDREN	PROBLEM_EXERCISE_SOLUTION	descendant-of(blow-up|blowup|exceptional divisor)	MIGRATE	90	EXHAUSTIVE_BY_INHERITANCE	YES	books/vol06_algebraic_geometry/chapters/ch45_blow_ups/chapter.tex	RESOLVED_TO_ACTIVE_CANONICAL_CHAPTER
VI/45	theory-of-differential-geometry-5.tex	T03.THEORY_CHILDREN	THEOREM_LIKE	descendant-of(blow-up|blowup|exceptional divisor)	MIGRATE	90	EXHAUSTIVE_BY_INHERITANCE	YES	books/vol06_algebraic_geometry/chapters/ch45_blow_ups/chapter.tex	RESOLVED_TO_ACTIVE_CANONICAL_CHAPTER
VI/46	theory-of-algebraic-geometry-11.tex	T01.SECTION	SECTION_OR_SUBSECTION	flabby|flasque	MIGRATE	100	CURATED_TOPIC_MAP	YES	books/vol06_algebraic_geometry/chapters/ch46_flabby_sheaves/chapter.tex	RESOLVED_TO_ACTIVE_CANONICAL_CHAPTER
VI/46	theory-of-algebraic-geometry-11.tex	T01.EXERCISE_CHILDREN	PROBLEM_EXERCISE_SOLUTION	descendant-of(flabby|flasque)	MIGRATE	90	EXHAUSTIVE_BY_INHERITANCE	YES	books/vol06_algebraic_geometry/chapters/ch46_flabby_sheaves/chapter.tex	RESOLVED_TO_ACTIVE_CANONICAL_CHAPTER
VI/46	theory-of-algebraic-geometry-11.tex	T01.THEORY_CHILDREN	THEOREM_LIKE	descendant-of(flabby|flasque)	MIGRATE	90	EXHAUSTIVE_BY_INHERITANCE	YES	books/vol06_algebraic_geometry/chapters/ch46_flabby_sheaves/chapter.tex	RESOLVED_TO_ACTIVE_CANONICAL_CHAPTER
VI/46	theory-of-algebraic-geometry-11.tex	FALLBACK.ALL_UNMATCHED	ANY_UNMATCHED_BLOCK	* unmatched after higher-precedence selectors	MIGRATE	10	COVERED_PENDING_INSTANCE_DIFF	YES	books/vol06_algebraic_geometry/chapters/ch46_flabby_sheaves/chapter.tex	RESOLVED_TO_ACTIVE_CANONICAL_CHAPTER
VI/47	theory-of-algebraic-geometry-11.tex	T02.SECTION	SECTION_OR_SUBSECTION	Čech|Cech	MIGRATE	100	CURATED_TOPIC_MAP	YES	books/vol06_algebraic_geometry/chapters/ch47_ech_cohomology/chapter.tex	RESOLVED_TO_ACTIVE_CANONICAL_CHAPTER
VI/47	theory-of-algebraic-geometry-11.tex	T02.EXERCISE_CHILDREN	PROBLEM_EXERCISE_SOLUTION	descendant-of(Čech|Cech)	MIGRATE	90	EXHAUSTIVE_BY_INHERITANCE	YES	books/vol06_algebraic_geometry/chapters/ch47_ech_cohomology/chapter.tex	RESOLVED_TO_ACTIVE_CANONICAL_CHAPTER
VI/47	theory-of-algebraic-geometry-11.tex	T02.THEORY_CHILDREN	THEOREM_LIKE	descendant-of(Čech|Cech)	MIGRATE	90	EXHAUSTIVE_BY_INHERITANCE	YES	books/vol06_algebraic_geometry/chapters/ch47_ech_cohomology/chapter.tex	RESOLVED_TO_ACTIVE_CANONICAL_CHAPTER
VI/48	theory-of-algebraic-geometry-11.tex	T03.SECTION	SECTION_OR_SUBSECTION	long exact|cohomology exact	MIGRATE	100	CURATED_TOPIC_MAP	YES	books/vol06_algebraic_geometry/chapters/ch48_exact_sequences_and_cohomology/chapter.tex	RESOLVED_TO_ACTIVE_CANONICAL_CHAPTER
VI/48	theory-of-algebraic-geometry-11.tex	T03.EXERCISE_CHILDREN	PROBLEM_EXERCISE_SOLUTION	descendant-of(long exact|cohomology exact)	MIGRATE	90	EXHAUSTIVE_BY_INHERITANCE	YES	books/vol06_algebraic_geometry/chapters/ch48_exact_sequences_and_cohomology/chapter.tex	RESOLVED_TO_ACTIVE_CANONICAL_CHAPTER
VI/48	theory-of-algebraic-geometry-11.tex	T03.THEORY_CHILDREN	THEOREM_LIKE	descendant-of(long exact|cohomology exact)	MIGRATE	90	EXHAUSTIVE_BY_INHERITANCE	YES	books/vol06_algebraic_geometry/chapters/ch48_exact_sequences_and_cohomology/chapter.tex	RESOLVED_TO_ACTIVE_CANONICAL_CHAPTER
VI/49	theory-of-algebraic-geometry-11.tex	T04.SECTION	SECTION_OR_SUBSECTION	acyclic|vanishing|flabby resolution	MIGRATE	100	CURATED_TOPIC_MAP	YES	books/vol06_algebraic_geometry/chapters/ch49_basic_vanishing_results/chapter.tex	RESOLVED_TO_ACTIVE_CANONICAL_CHAPTER
VI/49	theory-of-algebraic-geometry-11.tex	T04.EXERCISE_CHILDREN	PROBLEM_EXERCISE_SOLUTION	descendant-of(acyclic|vanishing|flabby resolution)	MIGRATE	90	EXHAUSTIVE_BY_INHERITANCE	YES	books/vol06_algebraic_geometry/chapters/ch49_basic_vanishing_results/chapter.tex	RESOLVED_TO_ACTIVE_CANONICAL_CHAPTER
VI/49	theory-of-algebraic-geometry-11.tex	T04.THEORY_CHILDREN	THEOREM_LIKE	descendant-of(acyclic|vanishing|flabby resolution)	MIGRATE	90	EXHAUSTIVE_BY_INHERITANCE	YES	books/vol06_algebraic_geometry/chapters/ch49_basic_vanishing_results/chapter.tex	RESOLVED_TO_ACTIVE_CANONICAL_CHAPTER
