volume	chapter_code	declared_path	path_exists	candidate_count	resolved_path	classification
I	I/01	books/vol01_linear_algebra/chapters/ch01_scalars_vectors_and_linear_combinations/chapter.tex	YES	1	books/vol01_linear_algebra/chapters/ch01_scalars_vectors_and_linear_combinations/chapter.tex	OK
I	I/02	books/vol01_linear_algebra/chapters/ch02_subspaces_span_and_linear_independence/chapter.tex	YES	1	books/vol01_linear_algebra/chapters/ch02_subspaces_span_and_linear_independence/chapter.tex	OK
I	I/03	books/vol01_linear_algebra/chapters/ch03_bases_and_dimension/chapter.tex	YES	1	books/vol01_linear_algebra/chapters/ch03_bases_and_dimension/chapter.tex	OK
I	I/04	books/vol01_linear_algebra/chapters/ch04_coordinates_and_change_of_basis/chapter.tex	YES	1	books/vol01_linear_algebra/chapters/ch04_coordinates_and_change_of_basis/chapter.tex	OK
I	I/05	books/vol01_linear_algebra/chapters/ch05_linear_transformations/chapter.tex	YES	1	books/vol01_linear_algebra/chapters/ch05_linear_transformations/chapter.tex	OK
I	I/06	books/vol01_linear_algebra/chapters/ch06_kernels_images_and_isomorphisms/chapter.tex	YES	1	books/vol01_linear_algebra/chapters/ch06_kernels_images_and_isomorphisms/chapter.tex	OK
I	I/07	books/vol01_linear_algebra/chapters/ch07_matrix_representation_of_linear_maps/chapter.tex	YES	1	books/vol01_linear_algebra/chapters/ch07_matrix_representation_of_linear_maps/chapter.tex	OK
I	I/08	books/vol01_linear_algebra/chapters/ch08_determinants_and_trace/chapter.tex	YES	1	books/vol01_linear_algebra/chapters/ch08_determinants_and_trace/chapter.tex	OK
I	I/09	books/vol01_linear_algebra/chapters/ch09_eigenvalues_and_eigenvectors/chapter.tex	YES	1	books/vol01_linear_algebra/chapters/ch09_eigenvalues_and_eigenvectors/chapter.tex	OK
I	I/10	books/vol01_linear_algebra/chapters/ch10_invariant_subspaces_and_triangularization/chapter.tex	YES	1	books/vol01_linear_algebra/chapters/ch10_invariant_subspaces_and_triangularization/chapter.tex	OK
I	I/11	books/vol01_linear_algebra/chapters/ch11_diagonalization_and_minimal_polynomials/chapter.tex	YES	1	books/vol01_linear_algebra/chapters/ch11_diagonalization_and_minimal_polynomials/chapter.tex	OK
I	I/12	books/vol01_linear_algebra/chapters/ch12_canonical_forms/chapter.tex	YES	1	books/vol01_linear_algebra/chapters/ch12_canonical_forms/chapter.tex	OK
I	I/13	books/vol01_linear_algebra/chapters/ch13_inner_products_and_orthogonality/chapter.tex	YES	1	books/vol01_linear_algebra/chapters/ch13_inner_products_and_orthogonality/chapter.tex	OK
I	I/14	books/vol01_linear_algebra/chapters/ch14_gram_schmidt_and_orthogonal_projection/chapter.tex	YES	1	books/vol01_linear_algebra/chapters/ch14_gram_schmidt_and_orthogonal_projection/chapter.tex	OK
I	I/15	books/vol01_linear_algebra/chapters/ch15_orthogonal_and_unitary_operators/chapter.tex	YES	1	books/vol01_linear_algebra/chapters/ch15_orthogonal_and_unitary_operators/chapter.tex	OK
I	I/16	books/vol01_linear_algebra/chapters/ch16_the_spectral_theorem/chapter.tex	YES	1	books/vol01_linear_algebra/chapters/ch16_the_spectral_theorem/chapter.tex	OK
I	I/17	books/vol01_linear_algebra/chapters/ch17_quadratic_forms/chapter.tex	YES	1	books/vol01_linear_algebra/chapters/ch17_quadratic_forms/chapter.tex	OK
I	I/18	books/vol01_linear_algebra/chapters/ch18_singular_value_decomposition/chapter.tex	YES	1	books/vol01_linear_algebra/chapters/ch18_singular_value_decomposition/chapter.tex	OK
II	II/01	books/vol02_real_analysis/chapters/ch01_the_real_number_system_and_completeness/chapter.tex	NO	0		MISSING_PLANNED_PATH
II	II/02	books/vol02_real_analysis/chapters/ch02_euclidean_and_normed_spaces/chapter.tex	NO	0		MISSING_PLANNED_PATH
II	II/03	books/vol02_real_analysis/chapters/ch03_sequences_and_cauchy_sequences/chapter.tex	NO	0		MISSING_PLANNED_PATH
II	II/04	books/vol02_real_analysis/chapters/ch04_open_and_closed_sets/chapter.tex	NO	0		MISSING_PLANNED_PATH
II	II/05	books/vol02_real_analysis/chapters/ch05_metric_spaces_and_continuity/chapter.tex	NO	0		MISSING_PLANNED_PATH
II	II/06	books/vol02_real_analysis/chapters/ch06_compactness/chapter.tex	NO	0		MISSING_PLANNED_PATH
II	II/07	books/vol02_real_analysis/chapters/ch07_connectedness_and_path_connectedness/chapter.tex	NO	0		MISSING_PLANNED_PATH
II	II/08	books/vol02_real_analysis/chapters/ch08_differentiability_in_several_variables/chapter.tex	NO	0		MISSING_PLANNED_PATH
II	II/09	books/vol02_real_analysis/chapters/ch09_inverse_and_implicit_function_principles/chapter.tex	NO	0		MISSING_PLANNED_PATH
II	II/10	books/vol02_real_analysis/chapters/ch10_riemann_integration/chapter.tex	NO	0		MISSING_PLANNED_PATH
II	II/11	books/vol02_real_analysis/chapters/ch11_pointwise_and_uniform_convergence/chapter.tex	NO	0		MISSING_PLANNED_PATH
II	II/12	books/vol02_real_analysis/chapters/ch12_interchanging_limits_derivatives_and_integrals/chapter.tex	NO	0		MISSING_PLANNED_PATH
II	II/13	books/vol02_real_analysis/chapters/ch13_infinite_series_of_functions/chapter.tex	NO	0		MISSING_PLANNED_PATH
II	II/14	books/vol02_real_analysis/chapters/ch14_trigonometric_series/chapter.tex	NO	0		MISSING_PLANNED_PATH
II	II/15	books/vol02_real_analysis/chapters/ch15_pathological_and_nowhere_differentiable_functions/chapter.tex	NO	0		MISSING_PLANNED_PATH
II	II/16	books/vol02_real_analysis/chapters/ch16_contraction_mappings/chapter.tex	NO	0		MISSING_PLANNED_PATH
II	II/17	books/vol02_real_analysis/chapters/ch17_brouwer_type_fixed_point_ideas/chapter.tex	NO	0		MISSING_PLANNED_PATH
II	II/18	books/vol02_real_analysis/chapters/ch18_integral_equations/chapter.tex	NO	0		MISSING_PLANNED_PATH
II	II/19	books/vol02_real_analysis/chapters/ch19_elementary_existence_theory_for_odes/chapter.tex	NO	0		MISSING_PLANNED_PATH
II	II/20	books/vol02_real_analysis/chapters/ch20_polynomial_interpolation/chapter.tex	NO	0		MISSING_PLANNED_PATH
II	II/21	books/vol02_real_analysis/chapters/ch21_polynomial_approximation/chapter.tex	NO	0		MISSING_PLANNED_PATH
II	II/22	books/vol02_real_analysis/chapters/ch22_chebyshev_and_minimax_approximation/chapter.tex	NO	0		MISSING_PLANNED_PATH
II	II/23	books/vol02_real_analysis/chapters/ch23_the_alternation_principle/chapter.tex	NO	0		MISSING_PLANNED_PATH
II	II/24	books/vol02_real_analysis/chapters/ch24_numerical_quadrature/chapter.tex	NO	0		MISSING_PLANNED_PATH
II	II/25	books/vol02_real_analysis/chapters/ch25_continued_fractions_and_approximation_topics/chapter.tex	NO	0		MISSING_PLANNED_PATH
III	III/01	books/vol03_fourier_distributions_pde/chapters/ch01_sigma_algebras_and_measures/chapter.tex	NO	0		MISSING_PLANNED_PATH
III	III/02	books/vol03_fourier_distributions_pde/chapters/ch02_measurable_functions/chapter.tex	NO	0		MISSING_PLANNED_PATH
III	III/03	books/vol03_fourier_distributions_pde/chapters/ch03_the_lebesgue_integral/chapter.tex	NO	0		MISSING_PLANNED_PATH
III	III/04	books/vol03_fourier_distributions_pde/chapters/ch04_convergence_theorems/chapter.tex	NO	0		MISSING_PLANNED_PATH
III	III/05	books/vol03_fourier_distributions_pde/chapters/ch05_product_measures_and_fubini_theory/chapter.tex	NO	0		MISSING_PLANNED_PATH
III	III/06	books/vol03_fourier_distributions_pde/chapters/ch06_lp_spaces/chapter.tex	NO	0		MISSING_PLANNED_PATH
III	III/07	books/vol03_fourier_distributions_pde/chapters/ch07_h_lder_minkowski_and_interpolation/chapter.tex	NO	0		MISSING_PLANNED_PATH
III	III/08	books/vol03_fourier_distributions_pde/chapters/ch08_egorov_vitali_and_weak_lp_ideas/chapter.tex	NO	0		MISSING_PLANNED_PATH
III	III/09	books/vol03_fourier_distributions_pde/chapters/ch09_fourier_series/chapter.tex	NO	0		MISSING_PLANNED_PATH
III	III/10	books/vol03_fourier_distributions_pde/chapters/ch10_convolution_and_approximate_identities/chapter.tex	NO	0		MISSING_PLANNED_PATH
III	III/11	books/vol03_fourier_distributions_pde/chapters/ch11_the_fourier_transform/chapter.tex	NO	0		MISSING_PLANNED_PATH
III	III/12	books/vol03_fourier_distributions_pde/chapters/ch12_the_gaussian_and_transform_calculus/chapter.tex	NO	0		MISSING_PLANNED_PATH
III	III/13	books/vol03_fourier_distributions_pde/chapters/ch13_plancherel_and_l2_fourier_theory/chapter.tex	NO	0		MISSING_PLANNED_PATH
III	III/14	books/vol03_fourier_distributions_pde/chapters/ch14_the_schwartz_space/chapter.tex	NO	0		MISSING_PLANNED_PATH
III	III/15	books/vol03_fourier_distributions_pde/chapters/ch15_test_function_spaces/chapter.tex	NO	0		MISSING_PLANNED_PATH
III	III/16	books/vol03_fourier_distributions_pde/chapters/ch16_distributions_and_distributional_derivatives/chapter.tex	NO	0		MISSING_PLANNED_PATH
III	III/17	books/vol03_fourier_distributions_pde/chapters/ch17_support_and_singular_distributions/chapter.tex	NO	0		MISSING_PLANNED_PATH
III	III/18	books/vol03_fourier_distributions_pde/chapters/ch18_tempered_distributions/chapter.tex	NO	0		MISSING_PLANNED_PATH
III	III/19	books/vol03_fourier_distributions_pde/chapters/ch19_fourier_transform_of_distributions/chapter.tex	NO	0		MISSING_PLANNED_PATH
III	III/20	books/vol03_fourier_distributions_pde/chapters/ch20_weak_derivatives/chapter.tex	NO	0		MISSING_PLANNED_PATH
III	III/21	books/vol03_fourier_distributions_pde/chapters/ch21_sobolev_spaces/chapter.tex	NO	0		MISSING_PLANNED_PATH
III	III/22	books/vol03_fourier_distributions_pde/chapters/ch22_approximation_and_density/chapter.tex	NO	0		MISSING_PLANNED_PATH
III	III/23	books/vol03_fourier_distributions_pde/chapters/ch23_weak_boundary_value_problems/chapter.tex	NO	0		MISSING_PLANNED_PATH
III	III/24	books/vol03_fourier_distributions_pde/chapters/ch24_fundamental_solutions/chapter.tex	NO	0		MISSING_PLANNED_PATH
III	III/25	books/vol03_fourier_distributions_pde/chapters/ch25_green_functions/chapter.tex	NO	0		MISSING_PLANNED_PATH
III	III/26	books/vol03_fourier_distributions_pde/chapters/ch26_sturm_liouville_green_kernels/chapter.tex	NO	0		MISSING_PLANNED_PATH
III	III/27	books/vol03_fourier_distributions_pde/chapters/ch27_elliptic_operators_and_maximum_principles/chapter.tex	NO	0		MISSING_PLANNED_PATH
III	III/28	books/vol03_fourier_distributions_pde/chapters/ch28_spectral_and_transform_methods_for_pde/chapter.tex	NO	0		MISSING_PLANNED_PATH
IV	IV/01	books/vol04_complex_analysis/chapters/ch01_complex_differentiability/chapter.tex	NO	0		MISSING_PLANNED_PATH
IV	IV/02	books/vol04_complex_analysis/chapters/ch02_cauchy_riemann_equations/chapter.tex	NO	0		MISSING_PLANNED_PATH
IV	IV/03	books/vol04_complex_analysis/chapters/ch03_power_series_and_analytic_functions/chapter.tex	NO	0		MISSING_PLANNED_PATH
IV	IV/04	books/vol04_complex_analysis/chapters/ch04_complex_integration/chapter.tex	NO	0		MISSING_PLANNED_PATH
IV	IV/05	books/vol04_complex_analysis/chapters/ch05_cauchy_s_theorem/chapter.tex	NO	0		MISSING_PLANNED_PATH
IV	IV/06	books/vol04_complex_analysis/chapters/ch06_cauchy_s_integral_formula/chapter.tex	NO	0		MISSING_PLANNED_PATH
IV	IV/07	books/vol04_complex_analysis/chapters/ch07_zeros_and_the_identity_theorem/chapter.tex	NO	0		MISSING_PLANNED_PATH
IV	IV/08	books/vol04_complex_analysis/chapters/ch08_laurent_series/chapter.tex	NO	0		MISSING_PLANNED_PATH
IV	IV/09	books/vol04_complex_analysis/chapters/ch09_isolated_singularities/chapter.tex	NO	0		MISSING_PLANNED_PATH
IV	IV/10	books/vol04_complex_analysis/chapters/ch10_residues_and_the_residue_theorem/chapter.tex	NO	0		MISSING_PLANNED_PATH
IV	IV/11	books/vol04_complex_analysis/chapters/ch11_evaluation_of_real_integrals/chapter.tex	NO	0		MISSING_PLANNED_PATH
IV	IV/12	books/vol04_complex_analysis/chapters/ch12_winding_numbers_and_the_argument_principle/chapter.tex	NO	0		MISSING_PLANNED_PATH
IV	IV/13	books/vol04_complex_analysis/chapters/ch13_rouch_s_theorem/chapter.tex	NO	0		MISSING_PLANNED_PATH
IV	IV/14	books/vol04_complex_analysis/chapters/ch14_branches_of_the_logarithm_and_roots/chapter.tex	NO	0		MISSING_PLANNED_PATH
IV	IV/15	books/vol04_complex_analysis/chapters/ch15_analytic_continuation/chapter.tex	NO	0		MISSING_PLANNED_PATH
IV	IV/16	books/vol04_complex_analysis/chapters/ch16_m_bius_transformations/chapter.tex	NO	0		MISSING_PLANNED_PATH
IV	IV/17	books/vol04_complex_analysis/chapters/ch17_conformal_mapping/chapter.tex	NO	0		MISSING_PLANNED_PATH
IV	IV/18	books/vol04_complex_analysis/chapters/ch18_schwarz_christoffel_transformations/chapter.tex	NO	0		MISSING_PLANNED_PATH
IV	IV/19	books/vol04_complex_analysis/chapters/ch19_the_gamma_function/chapter.tex	NO	0		MISSING_PLANNED_PATH
IV	IV/20	books/vol04_complex_analysis/chapters/ch20_beta_and_gamma_identities/chapter.tex	NO	0		MISSING_PLANNED_PATH
IV	IV/21	books/vol04_complex_analysis/chapters/ch21_keyhole_contours_and_branch_cut_integrals/chapter.tex	NO	0		MISSING_PLANNED_PATH
IV	IV/22	books/vol04_complex_analysis/chapters/ch22_from_analytic_continuation_to_riemann_surfaces/chapter.tex	NO	0		MISSING_PLANNED_PATH
IV	IV/23	books/vol04_complex_analysis/chapters/ch23_covering_maps_and_monodromy/chapter.tex	NO	0		MISSING_PLANNED_PATH
IV	IV/24	books/vol04_complex_analysis/chapters/ch24_branched_coverings/chapter.tex	NO	0		MISSING_PLANNED_PATH
IV	IV/25	books/vol04_complex_analysis/chapters/ch25_construction_by_gluing/chapter.tex	NO	0		MISSING_PLANNED_PATH
IV	IV/26	books/vol04_complex_analysis/chapters/ch26_compactification_and_genus/chapter.tex	NO	0		MISSING_PLANNED_PATH
IV	IV/27	books/vol04_complex_analysis/chapters/ch27_lattices_and_complex_tori/chapter.tex	NO	0		MISSING_PLANNED_PATH
IV	IV/28	books/vol04_complex_analysis/chapters/ch28_elliptic_functions/chapter.tex	NO	0		MISSING_PLANNED_PATH
IV	IV/29	books/vol04_complex_analysis/chapters/ch29_the_weierstrass_function/chapter.tex	NO	0		MISSING_PLANNED_PATH
IV	IV/30	books/vol04_complex_analysis/chapters/ch30_addition_formulas/chapter.tex	NO	0		MISSING_PLANNED_PATH
IV	IV/31	books/vol04_complex_analysis/chapters/ch31_elliptic_curves_as_riemann_surfaces/chapter.tex	NO	0		MISSING_PLANNED_PATH
V	V/01	books/vol05_commutative_algebra/chapters/ch01_rings_ideals_and_quotients/chapter.tex	NO	0		MISSING_PLANNED_PATH
V	V/02	books/vol05_commutative_algebra/chapters/ch02_prime_and_maximal_ideals/chapter.tex	NO	0		MISSING_PLANNED_PATH
V	V/03	books/vol05_commutative_algebra/chapters/ch03_radicals_and_nilpotents/chapter.tex	NO	0		MISSING_PLANNED_PATH
V	V/04	books/vol05_commutative_algebra/chapters/ch04_chinese_remainder_theory/chapter.tex	NO	0		MISSING_PLANNED_PATH
V	V/05	books/vol05_commutative_algebra/chapters/ch05_multiplicative_systems/chapter.tex	NO	0		MISSING_PLANNED_PATH
V	V/06	books/vol05_commutative_algebra/chapters/ch06_localization_of_rings/chapter.tex	NO	0		MISSING_PLANNED_PATH
V	V/07	books/vol05_commutative_algebra/chapters/ch07_localization_of_modules/chapter.tex	NO	0		MISSING_PLANNED_PATH
V	V/08	books/vol05_commutative_algebra/chapters/ch08_local_rings_and_localization_at_primes/chapter.tex	NO	0		MISSING_PLANNED_PATH
V	V/09	books/vol05_commutative_algebra/chapters/ch09_modules_and_exact_sequences/chapter.tex	NO	0		MISSING_PLANNED_PATH
V	V/10	books/vol05_commutative_algebra/chapters/ch10_tensor_products/chapter.tex	NO	0		MISSING_PLANNED_PATH
V	V/11	books/vol05_commutative_algebra/chapters/ch11_quotients_and_base_change/chapter.tex	NO	0		MISSING_PLANNED_PATH
V	V/12	books/vol05_commutative_algebra/chapters/ch12_hom_and_finitely_presented_modules/chapter.tex	NO	0		MISSING_PLANNED_PATH
V	V/13	books/vol05_commutative_algebra/chapters/ch13_free_and_projective_modules/chapter.tex	NO	0		MISSING_PLANNED_PATH
V	V/14	books/vol05_commutative_algebra/chapters/ch14_flat_modules/chapter.tex	NO	0		MISSING_PLANNED_PATH
V	V/15	books/vol05_commutative_algebra/chapters/ch15_noetherian_rings_and_modules/chapter.tex	NO	0		MISSING_PLANNED_PATH
V	V/16	books/vol05_commutative_algebra/chapters/ch16_support/chapter.tex	NO	0		MISSING_PLANNED_PATH
V	V/17	books/vol05_commutative_algebra/chapters/ch17_associated_primes/chapter.tex	NO	0		MISSING_PLANNED_PATH
V	V/18	books/vol05_commutative_algebra/chapters/ch18_completion_and_i_adic_topology/chapter.tex	NO	0		MISSING_PLANNED_PATH
V	V/19	books/vol05_commutative_algebra/chapters/ch19_integral_dependence/chapter.tex	NO	0		MISSING_PLANNED_PATH
V	V/20	books/vol05_commutative_algebra/chapters/ch20_integral_closure_and_normalization/chapter.tex	NO	0		MISSING_PLANNED_PATH
V	V/21	books/vol05_commutative_algebra/chapters/ch21_valuation_rings/chapter.tex	NO	0		MISSING_PLANNED_PATH
V	V/22	books/vol05_commutative_algebra/chapters/ch22_chain_complexes/chapter.tex	NO	0		MISSING_PLANNED_PATH
V	V/23	books/vol05_commutative_algebra/chapters/ch23_free_resolutions/chapter.tex	NO	0		MISSING_PLANNED_PATH
V	V/24	books/vol05_commutative_algebra/chapters/ch24_syzygies/chapter.tex	NO	0		MISSING_PLANNED_PATH
V	V/25	books/vol05_commutative_algebra/chapters/ch25_minimal_resolutions/chapter.tex	NO	0		MISSING_PLANNED_PATH
V	V/26	books/vol05_commutative_algebra/chapters/ch26_the_tor_functor/chapter.tex	NO	0		MISSING_PLANNED_PATH
V	V/27	books/vol05_commutative_algebra/chapters/ch27_the_ext_functor/chapter.tex	NO	0		MISSING_PLANNED_PATH
V	V/28	books/vol05_commutative_algebra/chapters/ch28_derived_functor_viewpoint/chapter.tex	NO	0		MISSING_PLANNED_PATH
VI	VI/01	books/vol06_algebraic_geometry/chapters/ch01_algebraic_sets/chapter.tex	YES	1	books/vol06_algebraic_geometry/chapters/ch01_algebraic_sets/chapter.tex	OK
VI	VI/02	books/vol06_algebraic_geometry/chapters/ch02_zariski_topology/chapter.tex	YES	1	books/vol06_algebraic_geometry/chapters/ch02_zariski_topology/chapter.tex	OK
VI	VI/03	books/vol06_algebraic_geometry/chapters/ch03_coordinate_rings/chapter.tex	YES	1	books/vol06_algebraic_geometry/chapters/ch03_coordinate_rings/chapter.tex	OK
VI	VI/04	books/vol06_algebraic_geometry/chapters/ch04_morphisms_affine_algebraic_sets/chapter.tex	YES	1	books/vol06_algebraic_geometry/chapters/ch04_morphisms_affine_algebraic_sets/chapter.tex	OK
VI	VI/05	books/vol06_algebraic_geometry/chapters/ch05_irreducibility_components/chapter.tex	YES	1	books/vol06_algebraic_geometry/chapters/ch05_irreducibility_components/chapter.tex	OK
VI	VI/06	books/vol06_algebraic_geometry/chapters/ch06_prime_ideals_geometric_points/chapter.tex	YES	1	books/vol06_algebraic_geometry/chapters/ch06_prime_ideals_geometric_points/chapter.tex	OK
VI	VI/07	books/vol06_algebraic_geometry/chapters/ch07_spectrum_of_a_ring/chapter.tex	YES	1	books/vol06_algebraic_geometry/chapters/ch07_spectrum_of_a_ring/chapter.tex	OK
VI	VI/08	books/vol06_algebraic_geometry/chapters/ch08_basic_open_sets/chapter.tex	YES	1	books/vol06_algebraic_geometry/chapters/ch08_basic_open_sets/chapter.tex	OK
VI	VI/09	books/vol06_algebraic_geometry/chapters/ch09_generic_closed_points/chapter.tex	YES	1	books/vol06_algebraic_geometry/chapters/ch09_generic_closed_points/chapter.tex	OK
VI	VI/10	books/vol06_algebraic_geometry/chapters/ch10_reduced_nonreduced_geometry/chapter.tex	YES	1	books/vol06_algebraic_geometry/chapters/ch10_reduced_nonreduced_geometry/chapter.tex	OK
VI	VI/11	books/vol06_algebraic_geometry/chapters/ch11_local_rings_residue_fields/chapter.tex	YES	1	books/vol06_algebraic_geometry/chapters/ch11_local_rings_residue_fields/chapter.tex	OK
VI	VI/12	books/vol06_algebraic_geometry/chapters/ch12_presheaves/chapter.tex	YES	1	books/vol06_algebraic_geometry/chapters/ch12_presheaves/chapter.tex	OK
VI	VI/13	books/vol06_algebraic_geometry/chapters/ch13_sheaves_stalks/chapter.tex	YES	1	books/vol06_algebraic_geometry/chapters/ch13_sheaves_stalks/chapter.tex	OK
VI	VI/14	books/vol06_algebraic_geometry/chapters/ch14_sheafification/chapter.tex	YES	1	books/vol06_algebraic_geometry/chapters/ch14_sheafification/chapter.tex	OK
VI	VI/15	books/vol06_algebraic_geometry/chapters/ch15_kernels_images_quotients/chapter.tex	YES	1	books/vol06_algebraic_geometry/chapters/ch15_kernels_images_quotients/chapter.tex	OK
VI	VI/16	books/vol06_algebraic_geometry/chapters/ch16_exact_sequences_sheaves/chapter.tex	YES	1	books/vol06_algebraic_geometry/chapters/ch16_exact_sequences_sheaves/chapter.tex	OK
VI	VI/17	books/vol06_algebraic_geometry/chapters/ch17_structure_sheaf/chapter.tex	YES	1	books/vol06_algebraic_geometry/chapters/ch17_structure_sheaf/chapter.tex	OK
VI	VI/18	books/vol06_algebraic_geometry/chapters/ch18_affine_schemes/chapter.tex	YES	1	books/vol06_algebraic_geometry/chapters/ch18_affine_schemes/chapter.tex	OK
VI	VI/19	books/vol06_algebraic_geometry/chapters/ch19_morphisms_affine_schemes/chapter.tex	YES	1	books/vol06_algebraic_geometry/chapters/ch19_morphisms_affine_schemes/chapter.tex	OK
VI	VI/20	books/vol06_algebraic_geometry/chapters/ch20_gluing_affine_schemes/chapter.tex	YES	1	books/vol06_algebraic_geometry/chapters/ch20_gluing_affine_schemes/chapter.tex	OK
VI	VI/21	books/vol06_algebraic_geometry/chapters/ch21_schemes_and_points/chapter.tex	YES	1	books/vol06_algebraic_geometry/chapters/ch21_schemes_and_points/chapter.tex	OK
VI	VI/22	books/vol06_algebraic_geometry/chapters/ch22_open_closed_subschemes/chapter.tex	YES	1	books/vol06_algebraic_geometry/chapters/ch22_open_closed_subschemes/chapter.tex	OK
VI	VI/23	books/vol06_algebraic_geometry/chapters/ch23_fiber_products/chapter.tex	YES	1	books/vol06_algebraic_geometry/chapters/ch23_fiber_products/chapter.tex	OK
VI	VI/24	books/vol06_algebraic_geometry/chapters/ch24_base_change/chapter.tex	YES	1	books/vol06_algebraic_geometry/chapters/ch24_base_change/chapter.tex	OK
VI	VI/25	books/vol06_algebraic_geometry/chapters/ch25_fibers_geometric_fibers/chapter.tex	YES	1	books/vol06_algebraic_geometry/chapters/ch25_fibers_geometric_fibers/chapter.tex	OK
VI	VI/26	books/vol06_algebraic_geometry/chapters/ch26_finite_type_noetherian_morphisms/chapter.tex	YES	1	books/vol06_algebraic_geometry/chapters/ch26_finite_type_noetherian_morphisms/chapter.tex	OK
VI	VI/27	books/vol06_algebraic_geometry/chapters/ch27_integral_schemes_function_fields/chapter.tex	YES	1	books/vol06_algebraic_geometry/chapters/ch27_integral_schemes_function_fields/chapter.tex	OK
VI	VI/28	books/vol06_algebraic_geometry/chapters/ch28_normalization/chapter.tex	YES	1	books/vol06_algebraic_geometry/chapters/ch28_normalization/chapter.tex	OK
VI	VI/29	books/vol06_algebraic_geometry/chapters/ch29_krull_dimension/chapter.tex	YES	1	books/vol06_algebraic_geometry/chapters/ch29_krull_dimension/chapter.tex	OK
VI	VI/30	books/vol06_algebraic_geometry/chapters/ch30_dimension_of_schemes/chapter.tex	YES	1	books/vol06_algebraic_geometry/chapters/ch30_dimension_of_schemes/chapter.tex	OK
VI	VI/31	books/vol06_algebraic_geometry/chapters/ch31_codimension/chapter.tex	YES	1	books/vol06_algebraic_geometry/chapters/ch31_codimension/chapter.tex	OK
VI	VI/32	books/vol06_algebraic_geometry/chapters/ch32_tangent_spaces_and_local_geometry/chapter.tex	YES	1	books/vol06_algebraic_geometry/chapters/ch32_tangent_spaces_and_local_geometry/chapter.tex	OK
VI	VI/33	books/vol06_algebraic_geometry/chapters/ch33_o_x_modules_quasicoherent/chapter.tex	YES	1	books/vol06_algebraic_geometry/chapters/ch33_o_x_modules_quasicoherent/chapter.tex	OK
VI	VI/34	books/vol06_algebraic_geometry/chapters/ch34_graded_rings/chapter.tex	YES	1	books/vol06_algebraic_geometry/chapters/ch34_graded_rings/chapter.tex	OK
VI	VI/35	books/vol06_algebraic_geometry/chapters/ch35_proj/chapter.tex	YES	1	books/vol06_algebraic_geometry/chapters/ch35_proj/chapter.tex	OK
VI	VI/36	books/vol06_algebraic_geometry/chapters/ch36_projective_space/chapter.tex	YES	1	books/vol06_algebraic_geometry/chapters/ch36_projective_space/chapter.tex	OK
VI	VI/37	books/vol06_algebraic_geometry/chapters/ch37_projective_schemes/chapter.tex	YES	1	books/vol06_algebraic_geometry/chapters/ch37_projective_schemes/chapter.tex	OK
VI	VI/38	books/vol06_algebraic_geometry/chapters/ch38_projective_morphisms_and_closed_embeddings/chapter.tex	YES	1	books/vol06_algebraic_geometry/chapters/ch38_projective_morphisms_and_closed_embeddings/chapter.tex	OK
VI	VI/39	books/vol06_algebraic_geometry/chapters/ch39_weil_divisors/chapter.tex	YES	1	books/vol06_algebraic_geometry/chapters/ch39_weil_divisors/chapter.tex	OK
VI	VI/40	books/vol06_algebraic_geometry/chapters/ch40_cartier_divisors/chapter.tex	YES	1	books/vol06_algebraic_geometry/chapters/ch40_cartier_divisors/chapter.tex	OK
VI	VI/41	books/vol06_algebraic_geometry/chapters/ch41_divisor_class_groups/chapter.tex	YES	1	books/vol06_algebraic_geometry/chapters/ch41_divisor_class_groups/chapter.tex	OK
VI	VI/42	books/vol06_algebraic_geometry/chapters/ch42_line_bundles_and_picard_groups/chapter.tex	YES	1	books/vol06_algebraic_geometry/chapters/ch42_line_bundles_and_picard_groups/chapter.tex	OK
VI	VI/43	books/vol06_algebraic_geometry/chapters/ch43_plane_cubics/chapter.tex	YES	1	books/vol06_algebraic_geometry/chapters/ch43_plane_cubics/chapter.tex	OK
VI	VI/44	books/vol06_algebraic_geometry/chapters/ch44_cremona_transformations/chapter.tex	YES	1	books/vol06_algebraic_geometry/chapters/ch44_cremona_transformations/chapter.tex	OK
VI	VI/45	books/vol06_algebraic_geometry/chapters/ch45_blow_ups/chapter.tex	YES	1	books/vol06_algebraic_geometry/chapters/ch45_blow_ups/chapter.tex	OK
VI	VI/46	books/vol06_algebraic_geometry/chapters/ch46_flabby_sheaves/chapter.tex	YES	1	books/vol06_algebraic_geometry/chapters/ch46_flabby_sheaves/chapter.tex	OK
VI	VI/47	books/vol06_algebraic_geometry/chapters/ch47_ech_cohomology/chapter.tex	YES	1	books/vol06_algebraic_geometry/chapters/ch47_ech_cohomology/chapter.tex	OK
VI	VI/48	books/vol06_algebraic_geometry/chapters/ch48_exact_sequences_and_cohomology/chapter.tex	YES	1	books/vol06_algebraic_geometry/chapters/ch48_exact_sequences_and_cohomology/chapter.tex	OK
VI	VI/49	books/vol06_algebraic_geometry/chapters/ch49_basic_vanishing_results/chapter.tex	YES	1	books/vol06_algebraic_geometry/chapters/ch49_basic_vanishing_results/chapter.tex	OK
VII	VII/01	books/vol07_differential_geometry/chapters/ch01_topological_manifolds/chapter.tex	YES	1	books/vol07_differential_geometry/chapters/ch01_topological_manifolds/chapter.tex	OK
VII	VII/02	books/vol07_differential_geometry/chapters/ch02_smooth_structures_and_atlases/chapter.tex	YES	1	books/vol07_differential_geometry/chapters/ch02_smooth_structures_and_atlases/chapter.tex	OK
VII	VII/03	books/vol07_differential_geometry/chapters/ch03_smooth_maps_and_diffeomorphisms/chapter.tex	YES	1	books/vol07_differential_geometry/chapters/ch03_smooth_maps_and_diffeomorphisms/chapter.tex	OK
VII	VII/04	books/vol07_differential_geometry/chapters/ch04_tangent_spaces/chapter.tex	YES	1	books/vol07_differential_geometry/chapters/ch04_tangent_spaces/chapter.tex	OK
VII	VII/05	books/vol07_differential_geometry/chapters/ch05_cotangent_spaces/chapter.tex	YES	1	books/vol07_differential_geometry/chapters/ch05_cotangent_spaces/chapter.tex	OK
VII	VII/06	books/vol07_differential_geometry/chapters/ch06_submanifolds_and_products/chapter.tex	YES	1	books/vol07_differential_geometry/chapters/ch06_submanifolds_and_products/chapter.tex	OK
VII	VII/07	books/vol07_differential_geometry/chapters/ch07_vector_bundles/chapter.tex	YES	1	books/vol07_differential_geometry/chapters/ch07_vector_bundles/chapter.tex	OK
VII	VII/08	books/vol07_differential_geometry/chapters/ch08_principal_and_frame_bundles/chapter.tex	YES	1	books/vol07_differential_geometry/chapters/ch08_principal_and_frame_bundles/chapter.tex	OK
VII	VII/09	books/vol07_differential_geometry/chapters/ch09_differential_forms/chapter.tex	YES	1	books/vol07_differential_geometry/chapters/ch09_differential_forms/chapter.tex	OK
VII	VII/10	books/vol07_differential_geometry/chapters/ch10_orientation_and_integration/chapter.tex	YES	1	books/vol07_differential_geometry/chapters/ch10_orientation_and_integration/chapter.tex	OK
VII	VII/11	books/vol07_differential_geometry/chapters/ch11_stokes_theorem/chapter.tex	YES	1	books/vol07_differential_geometry/chapters/ch11_stokes_theorem/chapter.tex	OK
VII	VII/12	books/vol07_differential_geometry/chapters/ch12_regular_curves/chapter.tex	YES	1	books/vol07_differential_geometry/chapters/ch12_regular_curves/chapter.tex	OK
VII	VII/13	books/vol07_differential_geometry/chapters/ch13_frenet_frames_curvature_and_torsion/chapter.tex	YES	1	books/vol07_differential_geometry/chapters/ch13_frenet_frames_curvature_and_torsion/chapter.tex	OK
VII	VII/14	books/vol07_differential_geometry/chapters/ch14_regular_surfaces/chapter.tex	YES	1	books/vol07_differential_geometry/chapters/ch14_regular_surfaces/chapter.tex	OK
VII	VII/15	books/vol07_differential_geometry/chapters/ch15_first_and_second_fundamental_forms/chapter.tex	YES	1	books/vol07_differential_geometry/chapters/ch15_first_and_second_fundamental_forms/chapter.tex	OK
VII	VII/16	books/vol07_differential_geometry/chapters/ch16_the_gauss_map_and_shape_operator/chapter.tex	YES	1	books/vol07_differential_geometry/chapters/ch16_the_gauss_map_and_shape_operator/chapter.tex	OK
VII	VII/17	books/vol07_differential_geometry/chapters/ch17_principal_gaussian_and_mean_curvature/chapter.tex	YES	1	books/vol07_differential_geometry/chapters/ch17_principal_gaussian_and_mean_curvature/chapter.tex	OK
VII	VII/18	books/vol07_differential_geometry/chapters/ch18_ruled_and_developable_surfaces/chapter.tex	YES	1	books/vol07_differential_geometry/chapters/ch18_ruled_and_developable_surfaces/chapter.tex	OK
VII	VII/19	books/vol07_differential_geometry/chapters/ch19_minimal_surfaces/chapter.tex	YES	1	books/vol07_differential_geometry/chapters/ch19_minimal_surfaces/chapter.tex	OK
VII	VII/20	books/vol07_differential_geometry/chapters/ch20_riemannian_metrics/chapter.tex	YES	1	books/vol07_differential_geometry/chapters/ch20_riemannian_metrics/chapter.tex	OK
VII	VII/21	books/vol07_differential_geometry/chapters/ch21_connections/chapter.tex	YES	1	books/vol07_differential_geometry/chapters/ch21_connections/chapter.tex	OK
VII	VII/22	books/vol07_differential_geometry/chapters/ch22_the_levi_civita_connection/chapter.tex	YES	1	books/vol07_differential_geometry/chapters/ch22_the_levi_civita_connection/chapter.tex	OK
VII	VII/23	books/vol07_differential_geometry/chapters/ch23_geodesics/chapter.tex	YES	1	books/vol07_differential_geometry/chapters/ch23_geodesics/chapter.tex	OK
VII	VII/24	books/vol07_differential_geometry/chapters/ch24_parallel_transport/chapter.tex	YES	1	books/vol07_differential_geometry/chapters/ch24_parallel_transport/chapter.tex	OK
VII	VII/25	books/vol07_differential_geometry/chapters/ch25_holonomy/chapter.tex	YES	1	books/vol07_differential_geometry/chapters/ch25_holonomy/chapter.tex	OK
VII	VII/26	books/vol07_differential_geometry/chapters/ch26_the_riemann_curvature_tensor/chapter.tex	YES	1	books/vol07_differential_geometry/chapters/ch26_the_riemann_curvature_tensor/chapter.tex	OK
VII	VII/27	books/vol07_differential_geometry/chapters/ch27_ricci_and_scalar_curvature/chapter.tex	YES	1	books/vol07_differential_geometry/chapters/ch27_ricci_and_scalar_curvature/chapter.tex	OK
VII	VII/28	books/vol07_differential_geometry/chapters/ch28_weyl_curvature/chapter.tex	YES	1	books/vol07_differential_geometry/chapters/ch28_weyl_curvature/chapter.tex	OK
VII	VII/29	books/vol07_differential_geometry/chapters/ch29_indefinite_metrics/chapter.tex	YES	1	books/vol07_differential_geometry/chapters/ch29_indefinite_metrics/chapter.tex	OK
VII	VII/30	books/vol07_differential_geometry/chapters/ch30_riemannian_versus_lorentzian_geometry/chapter.tex	YES	1	books/vol07_differential_geometry/chapters/ch30_riemannian_versus_lorentzian_geometry/chapter.tex	OK
VII	VII/31	books/vol07_differential_geometry/chapters/ch31_hyperbolic_plane_models/chapter.tex	YES	1	books/vol07_differential_geometry/chapters/ch31_hyperbolic_plane_models/chapter.tex	OK
VII	VII/32	books/vol07_differential_geometry/chapters/ch32_the_poincar_metric/chapter.tex	YES	1	books/vol07_differential_geometry/chapters/ch32_the_poincar_metric/chapter.tex	OK
VII	VII/33	books/vol07_differential_geometry/chapters/ch33_m_bius_transformations_and_psl_2_r/chapter.tex	YES	1	books/vol07_differential_geometry/chapters/ch33_m_bius_transformations_and_psl_2_r/chapter.tex	OK
VII	VII/34	books/vol07_differential_geometry/chapters/ch34_hyperbolic_isometries/chapter.tex	YES	1	books/vol07_differential_geometry/chapters/ch34_hyperbolic_isometries/chapter.tex	OK
VII	VII/35	books/vol07_differential_geometry/chapters/ch35_fuchsian_groups/chapter.tex	YES	1	books/vol07_differential_geometry/chapters/ch35_fuchsian_groups/chapter.tex	OK
VII	VII/36	books/vol07_differential_geometry/chapters/ch36_hyperbolic_three_space_and_psl_2_c/chapter.tex	YES	1	books/vol07_differential_geometry/chapters/ch36_hyperbolic_three_space_and_psl_2_c/chapter.tex	OK
VII	VII/37	books/vol07_differential_geometry/chapters/ch37_kleinian_groups_and_boundary_geometry/chapter.tex	YES	1	books/vol07_differential_geometry/chapters/ch37_kleinian_groups_and_boundary_geometry/chapter.tex	OK
VII	VII/38	books/vol07_differential_geometry/chapters/ch38_discrete_geodesic_problems/chapter.tex	YES	1	books/vol07_differential_geometry/chapters/ch38_discrete_geodesic_problems/chapter.tex	OK
VII	VII/39	books/vol07_differential_geometry/chapters/ch39_graph_and_exact_mesh_geodesics/chapter.tex	YES	1	books/vol07_differential_geometry/chapters/ch39_graph_and_exact_mesh_geodesics/chapter.tex	OK
VII	VII/40	books/vol07_differential_geometry/chapters/ch40_the_heat_method/chapter.tex	YES	1	books/vol07_differential_geometry/chapters/ch40_the_heat_method/chapter.tex	OK
VII	VII/41	books/vol07_differential_geometry/chapters/ch41_discrete_laplacians/chapter.tex	YES	1	books/vol07_differential_geometry/chapters/ch41_discrete_laplacians/chapter.tex	OK
VII	VII/42	books/vol07_differential_geometry/chapters/ch42_curvature_lines_ridges_and_valleys/chapter.tex	YES	1	books/vol07_differential_geometry/chapters/ch42_curvature_lines_ridges_and_valleys/chapter.tex	OK
VIII	VIII/01	books/vol08_algebraic_topology/chapters/ch01_homotopies_of_maps/chapter.tex	YES	1	books/vol08_algebraic_topology/chapters/ch01_homotopies_of_maps/chapter.tex	OK
VIII	VIII/02	books/vol08_algebraic_topology/chapters/ch02_homotopy_equivalence_and_contractibility/chapter.tex	YES	1	books/vol08_algebraic_topology/chapters/ch02_homotopy_equivalence_and_contractibility/chapter.tex	OK
VIII	VIII/03	books/vol08_algebraic_topology/chapters/ch03_degree_of_maps/chapter.tex	YES	1	books/vol08_algebraic_topology/chapters/ch03_degree_of_maps/chapter.tex	OK
VIII	VIII/04	books/vol08_algebraic_topology/chapters/ch04_spheres_and_antipodal_maps/chapter.tex	YES	1	books/vol08_algebraic_topology/chapters/ch04_spheres_and_antipodal_maps/chapter.tex	OK
VIII	VIII/05	books/vol08_algebraic_topology/chapters/ch05_cell_attachments/chapter.tex	YES	1	books/vol08_algebraic_topology/chapters/ch05_cell_attachments/chapter.tex	OK
VIII	VIII/06	books/vol08_algebraic_topology/chapters/ch06_cw_complexes/chapter.tex	YES	1	books/vol08_algebraic_topology/chapters/ch06_cw_complexes/chapter.tex	OK
VIII	VIII/07	books/vol08_algebraic_topology/chapters/ch07_mapping_cones/chapter.tex	YES	1	books/vol08_algebraic_topology/chapters/ch07_mapping_cones/chapter.tex	OK
VIII	VIII/08	books/vol08_algebraic_topology/chapters/ch08_homotopic_attaching_maps/chapter.tex	YES	1	books/vol08_algebraic_topology/chapters/ch08_homotopic_attaching_maps/chapter.tex	OK
VIII	VIII/09	books/vol08_algebraic_topology/chapters/ch09_paths_and_fundamental_groups/chapter.tex	YES	1	books/vol08_algebraic_topology/chapters/ch09_paths_and_fundamental_groups/chapter.tex	OK
VIII	VIII/10	books/vol08_algebraic_topology/chapters/ch10_covering_spaces/chapter.tex	YES	1	books/vol08_algebraic_topology/chapters/ch10_covering_spaces/chapter.tex	OK
VIII	VIII/11	books/vol08_algebraic_topology/chapters/ch11_lifting_properties/chapter.tex	YES	1	books/vol08_algebraic_topology/chapters/ch11_lifting_properties/chapter.tex	OK
VIII	VIII/12	books/vol08_algebraic_topology/chapters/ch12_deck_transformations_and_group_actions/chapter.tex	YES	1	books/vol08_algebraic_topology/chapters/ch12_deck_transformations_and_group_actions/chapter.tex	OK
VIII	VIII/13	books/vol08_algebraic_topology/chapters/ch13_su2_to_so3/chapter.tex	YES	1	books/vol08_algebraic_topology/chapters/ch13_su2_to_so3/chapter.tex	OK
VIII	VIII/14	books/vol08_algebraic_topology/chapters/ch14_free_groups_and_covering_graphs/chapter.tex	YES	1	books/vol08_algebraic_topology/chapters/ch14_free_groups_and_covering_graphs/chapter.tex	OK
VIII	VIII/15	books/vol08_algebraic_topology/chapters/ch15_simplicial_complexes/chapter.tex	YES	1	books/vol08_algebraic_topology/chapters/ch15_simplicial_complexes/chapter.tex	OK
VIII	VIII/16	books/vol08_algebraic_topology/chapters/ch16_chain_complexes/chapter.tex	YES	1	books/vol08_algebraic_topology/chapters/ch16_chain_complexes/chapter.tex	OK
VIII	VIII/17	books/vol08_algebraic_topology/chapters/ch17_simplicial_and_singular_homology/chapter.tex	YES	1	books/vol08_algebraic_topology/chapters/ch17_simplicial_and_singular_homology/chapter.tex	OK
VIII	VIII/18	books/vol08_algebraic_topology/chapters/ch18_cellular_homology/chapter.tex	YES	1	books/vol08_algebraic_topology/chapters/ch18_cellular_homology/chapter.tex	OK
VIII	VIII/19	books/vol08_algebraic_topology/chapters/ch19_relative_homology_and_exact_sequences/chapter.tex	YES	1	books/vol08_algebraic_topology/chapters/ch19_relative_homology_and_exact_sequences/chapter.tex	OK
VIII	VIII/20	books/vol08_algebraic_topology/chapters/ch20_homotopy_invariance/chapter.tex	YES	1	books/vol08_algebraic_topology/chapters/ch20_homotopy_invariance/chapter.tex	OK
VIII	VIII/21	books/vol08_algebraic_topology/chapters/ch21_euler_characteristic/chapter.tex	YES	1	books/vol08_algebraic_topology/chapters/ch21_euler_characteristic/chapter.tex	OK
VIII	VIII/22	books/vol08_algebraic_topology/chapters/ch22_chain_homotopies/chapter.tex	YES	1	books/vol08_algebraic_topology/chapters/ch22_chain_homotopies/chapter.tex	OK
VIII	VIII/23	books/vol08_algebraic_topology/chapters/ch23_chain_contractions/chapter.tex	YES	1	books/vol08_algebraic_topology/chapters/ch23_chain_contractions/chapter.tex	OK
VIII	VIII/24	books/vol08_algebraic_topology/chapters/ch24_mapping_cones_of_chain_maps/chapter.tex	YES	1	books/vol08_algebraic_topology/chapters/ch24_mapping_cones_of_chain_maps/chapter.tex	OK
VIII	VIII/25	books/vol08_algebraic_topology/chapters/ch25_homology_with_coefficients/chapter.tex	YES	1	books/vol08_algebraic_topology/chapters/ch25_homology_with_coefficients/chapter.tex	OK
VIII	VIII/26	books/vol08_algebraic_topology/chapters/ch26_the_universal_coefficient_theorem/chapter.tex	YES	1	books/vol08_algebraic_topology/chapters/ch26_the_universal_coefficient_theorem/chapter.tex	OK
VIII	VIII/27	books/vol08_algebraic_topology/chapters/ch27_products_and_the_k_nneth_theorem/chapter.tex	YES	1	books/vol08_algebraic_topology/chapters/ch27_products_and_the_k_nneth_theorem/chapter.tex	OK
VIII	VIII/28	books/vol08_algebraic_topology/chapters/ch28_cohomology/chapter.tex	YES	1	books/vol08_algebraic_topology/chapters/ch28_cohomology/chapter.tex	OK
VIII	VIII/29	books/vol08_algebraic_topology/chapters/ch29_cup_products/chapter.tex	YES	1	books/vol08_algebraic_topology/chapters/ch29_cup_products/chapter.tex	OK
VIII	VIII/30	books/vol08_algebraic_topology/chapters/ch30_vector_bundles_and_clutching/chapter.tex	YES	1	books/vol08_algebraic_topology/chapters/ch30_vector_bundles_and_clutching/chapter.tex	OK
VIII	VIII/31	books/vol08_algebraic_topology/chapters/ch31_thom_classes/chapter.tex	YES	1	books/vol08_algebraic_topology/chapters/ch31_thom_classes/chapter.tex	OK
VIII	VIII/32	books/vol08_algebraic_topology/chapters/ch32_sphere_bundles_and_euler_classes/chapter.tex	YES	1	books/vol08_algebraic_topology/chapters/ch32_sphere_bundles_and_euler_classes/chapter.tex	OK
VIII	VIII/33	books/vol08_algebraic_topology/chapters/ch33_poincar_duality/chapter.tex	YES	1	books/vol08_algebraic_topology/chapters/ch33_poincar_duality/chapter.tex	OK
VIII	VIII/34	books/vol08_algebraic_topology/chapters/ch34_intersection_forms/chapter.tex	YES	1	books/vol08_algebraic_topology/chapters/ch34_intersection_forms/chapter.tex	OK
VIII	VIII/35	books/vol08_algebraic_topology/chapters/ch35_lefschetz_theory/chapter.tex	YES	1	books/vol08_algebraic_topology/chapters/ch35_lefschetz_theory/chapter.tex	OK
