volume	page	raster_width	raster_height	raster_bytes	text_chars	classification
I	1	149	211	1091	40	RENDERED_OK
I	2	149	211	6208	1885	RENDERED_OK
I	3	149	211	7681	2379	RENDERED_OK
I	4	149	211	8156	2540	RENDERED_OK
I	5	149	211	7867	2391	RENDERED_OK
I	6	149	211	7243	2359	RENDERED_OK
I	7	149	211	1154	18	LOW_TEXT_REVIEW
I	8	149	211	10187	1267	RENDERED_OK
I	9	149	211	13623	1748	RENDERED_OK
I	10	149	211	15293	2070	RENDERED_OK
I	11	149	211	17123	2472	RENDERED_OK
I	12	149	211	10143	2110	RENDERED_OK
I	13	149	211	6991	886	RENDERED_OK
I	14	149	211	9768	1184	RENDERED_OK
I	15	149	211	13028	1659	RENDERED_OK
I	16	149	211	15188	2087	RENDERED_OK
I	17	149	211	13496	2234	RENDERED_OK
I	18	149	211	9457	1693	RENDERED_OK
I	19	149	211	8775	1173	RENDERED_OK
I	20	149	211	12522	1618	RENDERED_OK
I	21	149	211	15209	2119	RENDERED_OK
I	22	149	211	12692	2129	RENDERED_OK
I	23	149	211	9320	1569	RENDERED_OK
I	24	149	211	9289	1154	RENDERED_OK
I	25	149	211	12116	1500	RENDERED_OK
I	26	149	211	14247	1938	RENDERED_OK
I	27	149	211	13115	2053	RENDERED_OK
I	28	149	211	9770	1841	RENDERED_OK
I	29	149	211	9774	1227	RENDERED_OK
I	30	149	211	11924	1443	RENDERED_OK
I	31	149	211	13917	1870	RENDERED_OK
I	32	149	211	12813	2131	RENDERED_OK
I	33	149	211	9134	1569	RENDERED_OK
I	34	149	211	9005	1082	RENDERED_OK
I	35	149	211	11968	1455	RENDERED_OK
I	36	149	211	15160	2157	RENDERED_OK
I	37	149	211	11441	2018	RENDERED_OK
I	38	149	211	8366	1340	RENDERED_OK
I	39	149	211	1501	28	RENDERED_OK
I	40	149	211	9090	1090	RENDERED_OK
I	41	149	211	11266	1251	RENDERED_OK
I	42	149	211	13328	1749	RENDERED_OK
I	43	149	211	12786	1986	RENDERED_OK
I	44	149	211	9925	1847	RENDERED_OK
I	45	149	211	9156	1120	RENDERED_OK
I	46	149	211	11743	1416	RENDERED_OK
I	47	149	211	13371	1842	RENDERED_OK
I	48	149	211	11828	1977	RENDERED_OK
I	49	149	211	8970	1587	RENDERED_OK
I	50	149	211	9170	1145	RENDERED_OK
I	51	149	211	12053	1439	RENDERED_OK
I	52	149	211	13540	1816	RENDERED_OK
I	53	149	211	12970	2057	RENDERED_OK
I	54	149	211	10071	1903	RENDERED_OK
I	55	149	211	9590	1176	RENDERED_OK
I	56	149	211	12104	1538	RENDERED_OK
I	57	149	211	14562	2086	RENDERED_OK
I	58	149	211	12710	2004	RENDERED_OK
I	59	149	211	10042	1893	RENDERED_OK
I	60	149	211	9298	1173	RENDERED_OK
I	61	149	211	11980	1478	RENDERED_OK
I	62	149	211	14278	2033	RENDERED_OK
I	63	149	211	13809	2255	RENDERED_OK
I	64	149	211	11273	2020	RENDERED_OK
I	65	149	211	9130	1181	RENDERED_OK
I	66	149	211	12165	1480	RENDERED_OK
I	67	149	211	14740	2152	RENDERED_OK
I	68	149	211	12087	2094	RENDERED_OK
I	69	149	211	8508	1506	RENDERED_OK
I	70	149	211	2116	42	RENDERED_OK
I	71	149	211	9400	1151	RENDERED_OK
I	72	149	211	11449	1348	RENDERED_OK
I	73	149	211	14366	1977	RENDERED_OK
I	74	149	211	10708	2054	RENDERED_OK
I	75	149	211	7562	1067	RENDERED_OK
I	76	149	211	8957	1099	RENDERED_OK
I	77	149	211	11696	1402	RENDERED_OK
I	78	149	211	13973	1935	RENDERED_OK
I	79	149	211	12639	1989	RENDERED_OK
I	80	149	211	10049	1790	RENDERED_OK
I	81	149	211	9371	1154	RENDERED_OK
I	82	149	211	12135	1516	RENDERED_OK
I	83	149	211	13580	1844	RENDERED_OK
I	84	149	211	10446	2015	RENDERED_OK
I	85	149	211	6821	983	RENDERED_OK
I	86	149	211	8795	1086	RENDERED_OK
I	87	149	211	11980	1505	RENDERED_OK
I	88	149	211	14121	1900	RENDERED_OK
I	89	149	211	10659	1924	RENDERED_OK
I	90	149	211	8875	1408	RENDERED_OK
I	91	149	211	9125	1157	RENDERED_OK
I	92	149	211	12813	1638	RENDERED_OK
I	93	149	211	14579	2016	RENDERED_OK
I	94	149	211	11406	2002	RENDERED_OK
I	95	149	211	8157	1303	RENDERED_OK
I	96	149	211	9922	1170	RENDERED_OK
I	97	149	211	12594	1570	RENDERED_OK
I	98	149	211	14126	1975	RENDERED_OK
I	99	149	211	11220	2035	RENDERED_OK
I	100	149	211	9524	1511	RENDERED_OK
II	1	149	211	1411	65	RENDERED_OK
II	2	149	211	6452	1916	RENDERED_OK
II	3	149	211	6649	2425	RENDERED_OK
II	4	149	211	7901	2431	RENDERED_OK
II	5	149	211	7694	2387	RENDERED_OK
II	6	149	211	8175	2489	RENDERED_OK
II	7	149	211	7514	2332	RENDERED_OK
II	8	149	211	7529	2588	RENDERED_OK
II	9	149	211	3464	854	RENDERED_OK
II	10	149	211	1361	23	RENDERED_OK
II	11	149	211	9163	918	RENDERED_OK
II	12	149	211	13042	1630	RENDERED_OK
II	13	149	211	14247	1950	RENDERED_OK
II	14	149	211	9450	1274	RENDERED_OK
II	15	149	211	2024	165	RENDERED_OK
II	16	149	211	8813	885	RENDERED_OK
II	17	149	211	12700	1542	RENDERED_OK
II	18	149	211	11936	1654	RENDERED_OK
II	19	149	211	6691	876	RENDERED_OK
II	20	149	211	8562	871	RENDERED_OK
II	21	149	211	12267	1570	RENDERED_OK
II	22	149	211	12707	1824	RENDERED_OK
II	23	149	211	7639	1008	RENDERED_OK
II	24	149	211	8062	847	RENDERED_OK
II	25	149	211	12219	1542	RENDERED_OK
II	26	149	211	13507	2006	RENDERED_OK
II	27	149	211	6964	923	RENDERED_OK
II	28	149	211	8427	887	RENDERED_OK
II	29	149	211	13180	1680	RENDERED_OK
II	30	149	211	11823	1654	RENDERED_OK
II	31	149	211	7917	1098	RENDERED_OK
II	32	149	211	8072	871	RENDERED_OK
II	33	149	211	11729	1508	RENDERED_OK
II	34	149	211	13302	1937	RENDERED_OK
II	35	149	211	8595	1230	RENDERED_OK
II	36	149	211	2039	166	RENDERED_OK
II	37	149	211	8376	902	RENDERED_OK
II	38	149	211	11344	1452	RENDERED_OK
II	39	149	211	13127	1898	RENDERED_OK
II	40	149	211	8130	1207	RENDERED_OK
II	41	149	211	2034	166	RENDERED_OK
II	42	149	211	1035	16	LOW_TEXT_REVIEW
II	43	149	211	9607	1017	RENDERED_OK
II	44	149	211	13631	1753	RENDERED_OK
II	45	149	211	13665	1887	RENDERED_OK
II	46	149	211	9084	1186	RENDERED_OK
II	47	149	211	2998	278	RENDERED_OK
II	48	149	211	8745	859	RENDERED_OK
II	49	149	211	14309	1914	RENDERED_OK
II	50	149	211	14500	2016	RENDERED_OK
II	51	149	211	11723	1650	RENDERED_OK
II	52	149	211	4402	508	RENDERED_OK
II	53	149	211	8469	898	RENDERED_OK
II	54	149	211	13833	1763	RENDERED_OK
II	55	149	211	13299	1869	RENDERED_OK
II	56	149	211	8431	1151	RENDERED_OK
II	57	149	211	2193	187	RENDERED_OK
II	58	149	211	1505	29	RENDERED_OK
II	59	149	211	8192	822	RENDERED_OK
II	60	149	211	12026	1532	RENDERED_OK
II	61	149	211	14387	2106	RENDERED_OK
II	62	149	211	8717	1184	RENDERED_OK
II	63	149	211	9501	979	RENDERED_OK
II	64	149	211	14182	1847	RENDERED_OK
II	65	149	211	13954	1943	RENDERED_OK
II	66	149	211	9353	1315	RENDERED_OK
II	67	149	211	3130	300	RENDERED_OK
II	68	149	211	8212	849	RENDERED_OK
II	69	149	211	12211	1561	RENDERED_OK
II	70	149	211	12666	1837	RENDERED_OK
II	71	149	211	8393	1091	RENDERED_OK
II	72	149	211	8145	847	RENDERED_OK
II	73	149	211	13050	1734	RENDERED_OK
II	74	149	211	12245	1851	RENDERED_OK
II	75	149	211	7446	1073	RENDERED_OK
II	76	149	211	9967	991	RENDERED_OK
II	77	149	211	13340	1770	RENDERED_OK
II	78	149	211	14188	2028	RENDERED_OK
II	79	149	211	9131	1286	RENDERED_OK
II	80	149	211	2206	187	RENDERED_OK
II	81	149	211	2065	43	RENDERED_OK
II	82	149	211	7747	772	RENDERED_OK
II	83	149	211	12747	1657	RENDERED_OK
II	84	149	211	11527	1615	RENDERED_OK
II	85	149	211	6459	858	RENDERED_OK
II	86	149	211	8946	893	RENDERED_OK
II	87	149	211	11576	1451	RENDERED_OK
II	88	149	211	14757	2196	RENDERED_OK
II	89	149	211	6086	830	RENDERED_OK
II	90	149	211	8569	891	RENDERED_OK
II	91	149	211	13346	1676	RENDERED_OK
II	92	149	211	12462	1737	RENDERED_OK
II	93	149	211	6898	889	RENDERED_OK
II	94	149	211	8957	872	RENDERED_OK
II	95	149	211	13833	1758	RENDERED_OK
II	96	149	211	12446	1736	RENDERED_OK
II	97	149	211	6781	914	RENDERED_OK
II	98	149	211	1241	20	RENDERED_OK
II	99	149	211	8286	850	RENDERED_OK
II	100	149	211	13350	1706	RENDERED_OK
II	101	149	211	11529	1626	RENDERED_OK
II	102	149	211	7251	968	RENDERED_OK
II	103	149	211	8367	820	RENDERED_OK
II	104	149	211	11690	1473	RENDERED_OK
II	105	149	211	13347	1927	RENDERED_OK
II	106	149	211	8345	1152	RENDERED_OK
II	107	149	211	9008	854	RENDERED_OK
II	108	149	211	12021	1528	RENDERED_OK
II	109	149	211	12111	1738	RENDERED_OK
II	110	149	211	6400	844	RENDERED_OK
II	111	149	211	8539	846	RENDERED_OK
II	112	149	211	14250	1939	RENDERED_OK
II	113	149	211	14396	2094	RENDERED_OK
II	114	149	211	6421	845	RENDERED_OK
II	115	149	211	8049	798	RENDERED_OK
II	116	149	211	13603	1750	RENDERED_OK
II	117	149	211	11053	1651	RENDERED_OK
II	118	149	211	6697	890	RENDERED_OK
II	119	149	211	9134	881	RENDERED_OK
II	120	149	211	13237	1758	RENDERED_OK
II	121	149	211	13795	2036	RENDERED_OK
II	122	149	211	7011	967	RENDERED_OK
III	1	149	211	1498	72	RENDERED_OK
III	2	149	211	6625	1931	RENDERED_OK
III	3	149	211	7859	2442	RENDERED_OK
III	4	149	211	7878	2410	RENDERED_OK
III	5	149	211	7754	2488	RENDERED_OK
III	6	149	211	7801	2473	RENDERED_OK
III	7	149	211	7598	2404	RENDERED_OK
III	8	149	211	7422	2615	RENDERED_OK
III	9	149	211	8261	2576	RENDERED_OK
III	10	149	211	2049	353	RENDERED_OK
III	11	149	211	1431	27	RENDERED_OK
III	12	149	211	9508	1076	RENDERED_OK
III	13	149	211	14519	2012	RENDERED_OK
III	14	149	211	17615	2887	RENDERED_OK
III	15	149	211	15263	2627	RENDERED_OK
III	16	149	211	14778	2551	RENDERED_OK
III	17	149	211	12150	2318	RENDERED_OK
III	18	149	211	8402	891	RENDERED_OK
III	19	149	211	13583	1787	RENDERED_OK
III	20	149	211	15274	2633	RENDERED_OK
III	21	149	211	17013	2721	RENDERED_OK
III	22	149	211	15965	2641	RENDERED_OK
III	23	149	211	13593	2251	RENDERED_OK
III	24	149	211	9243	947	RENDERED_OK
III	25	149	211	14390	2006	RENDERED_OK
III	26	149	211	16976	2664	RENDERED_OK
III	27	149	211	17904	2814	RENDERED_OK
III	28	149	211	13518	2463	RENDERED_OK
III	29	149	211	8346	1247	RENDERED_OK
III	30	149	211	8877	974	RENDERED_OK
III	31	149	211	14503	1995	RENDERED_OK
III	32	149	211	17087	2847	RENDERED_OK
III	33	149	211	16505	2528	RENDERED_OK
III	34	149	211	13926	2470	RENDERED_OK
III	35	149	211	10457	1692	RENDERED_OK
III	36	149	211	8780	916	RENDERED_OK
III	37	149	211	14547	1993	RENDERED_OK
III	38	149	211	16853	2720	RENDERED_OK
III	39	149	211	16431	2689	RENDERED_OK
III	40	149	211	16061	2724	RENDERED_OK
III	41	149	211	11185	1927	RENDERED_OK
III	42	149	211	8209	848	RENDERED_OK
III	43	149	211	14834	2007	RENDERED_OK
III	44	149	211	16659	2672	RENDERED_OK
III	45	149	211	18196	2905	RENDERED_OK
III	46	149	211	13342	2425	RENDERED_OK
III	47	149	211	8381	1269	RENDERED_OK
III	48	149	211	8378	788	RENDERED_OK
III	49	149	211	13947	1986	RENDERED_OK
III	50	149	211	15082	2649	RENDERED_OK
III	51	149	211	17537	2660	RENDERED_OK
III	52	149	211	12462	2585	RENDERED_OK
III	53	149	211	7533	1058	RENDERED_OK
III	54	149	211	9877	997	RENDERED_OK
III	55	149	211	13972	1887	RENDERED_OK
III	56	149	211	17001	2719	RENDERED_OK
III	57	149	211	16680	2635	RENDERED_OK
III	58	149	211	14752	2481	RENDERED_OK
III	59	149	211	12686	2131	RENDERED_OK
III	60	149	211	1295	23	RENDERED_OK
III	61	149	211	8623	964	RENDERED_OK
III	62	149	211	14140	1943	RENDERED_OK
III	63	149	211	17615	2797	RENDERED_OK
III	64	149	211	17394	2779	RENDERED_OK
III	65	149	211	15083	2614	RENDERED_OK
III	66	149	211	10739	1845	RENDERED_OK
III	67	149	211	8582	850	RENDERED_OK
III	68	149	211	13800	1805	RENDERED_OK
III	69	149	211	16960	2773	RENDERED_OK
III	70	149	211	16564	2708	RENDERED_OK
III	71	149	211	15065	2675	RENDERED_OK
III	72	149	211	9054	1424	RENDERED_OK
III	73	149	211	8869	949	RENDERED_OK
III	74	149	211	11661	1478	RENDERED_OK
III	75	149	211	17645	2797	RENDERED_OK
III	76	149	211	17619	2783	RENDERED_OK
III	77	149	211	16313	2658	RENDERED_OK
III	78	149	211	14178	2411	RENDERED_OK
III	79	149	211	9217	914	RENDERED_OK
III	80	149	211	15225	2192	RENDERED_OK
III	81	149	211	17145	2764	RENDERED_OK
III	82	149	211	17634	2861	RENDERED_OK
III	83	149	211	12203	2433	RENDERED_OK
III	84	149	211	8961	1338	RENDERED_OK
III	85	149	211	9157	926	RENDERED_OK
III	86	149	211	14004	1939	RENDERED_OK
III	87	149	211	17277	2777	RENDERED_OK
III	88	149	211	16511	2651	RENDERED_OK
III	89	149	211	13732	2430	RENDERED_OK
III	90	149	211	8440	1264	RENDERED_OK
III	91	149	211	8413	863	RENDERED_OK
III	92	149	211	14942	2110	RENDERED_OK
III	93	149	211	17040	2706	RENDERED_OK
III	94	149	211	17388	2810	RENDERED_OK
III	95	149	211	13643	2663	RENDERED_OK
III	96	149	211	7426	1035	RENDERED_OK
III	97	149	211	1471	27	RENDERED_OK
III	98	149	211	8946	950	RENDERED_OK
III	99	149	211	14289	1931	RENDERED_OK
III	100	149	211	15647	2774	RENDERED_OK
III	101	149	211	17684	2798	RENDERED_OK
III	102	149	211	13716	2629	RENDERED_OK
III	103	149	211	10410	1714	RENDERED_OK
III	104	149	211	7963	836	RENDERED_OK
III	105	149	211	13831	1858	RENDERED_OK
III	106	149	211	17329	2722	RENDERED_OK
III	107	149	211	15679	2649	RENDERED_OK
III	108	149	211	15143	2610	RENDERED_OK
III	109	149	211	9926	1773	RENDERED_OK
III	110	149	211	9369	963	RENDERED_OK
III	111	149	211	14613	2163	RENDERED_OK
III	112	149	211	15897	2621	RENDERED_OK
III	113	149	211	18446	2972	RENDERED_OK
III	114	149	211	13238	2474	RENDERED_OK
III	115	149	211	8449	1298	RENDERED_OK
III	116	149	211	8892	927	RENDERED_OK
III	117	149	211	14883	2113	RENDERED_OK
III	118	149	211	16983	2766	RENDERED_OK
III	119	149	211	17604	2714	RENDERED_OK
III	120	149	211	14534	2649	RENDERED_OK
III	121	149	211	7375	1016	RENDERED_OK
III	122	149	211	9459	998	RENDERED_OK
III	123	149	211	15235	2173	RENDERED_OK
III	124	149	211	16986	2796	RENDERED_OK
III	125	149	211	18961	3043	RENDERED_OK
III	126	149	211	13221	2532	RENDERED_OK
III	127	149	211	9356	1297	RENDERED_OK
III	128	149	211	1796	29	RENDERED_OK
III	129	149	211	8945	945	RENDERED_OK
III	130	149	211	12780	1852	RENDERED_OK
III	131	149	211	16672	2895	RENDERED_OK
III	132	149	211	16721	2646	RENDERED_OK
III	133	149	211	14061	2669	RENDERED_OK
III	134	149	211	10515	1692	RENDERED_OK
III	135	149	211	8442	867	RENDERED_OK
III	136	149	211	13976	1855	RENDERED_OK
III	137	149	211	16429	2668	RENDERED_OK
III	138	149	211	17320	2723	RENDERED_OK
III	139	149	211	13748	2554	RENDERED_OK
III	140	149	211	10784	1731	RENDERED_OK
III	141	149	211	9321	968	RENDERED_OK
III	142	149	211	14572	2079	RENDERED_OK
III	143	149	211	17186	2793	RENDERED_OK
III	144	149	211	17163	2683	RENDERED_OK
III	145	149	211	13840	2428	RENDERED_OK
III	146	149	211	11381	1759	RENDERED_OK
III	147	149	211	9984	1037	RENDERED_OK
III	148	149	211	14723	1945	RENDERED_OK
III	149	149	211	18383	2861	RENDERED_OK
III	150	149	211	16874	2684	RENDERED_OK
III	151	149	211	15899	2673	RENDERED_OK
III	152	149	211	11322	1840	RENDERED_OK
III	153	149	211	8680	918	RENDERED_OK
III	154	149	211	14294	1884	RENDERED_OK
III	155	149	211	17532	2789	RENDERED_OK
III	156	149	211	17835	2788	RENDERED_OK
III	157	149	211	14765	2608	RENDERED_OK
III	158	149	211	10966	1748	RENDERED_OK
III	159	149	211	8582	890	RENDERED_OK
III	160	149	211	13704	1790	RENDERED_OK
III	161	149	211	17922	2952	RENDERED_OK
III	162	149	211	17582	2824	RENDERED_OK
III	163	149	211	16711	2678	RENDERED_OK
III	164	149	211	13136	2265	RENDERED_OK
III	165	149	211	9491	977	RENDERED_OK
III	166	149	211	14923	2037	RENDERED_OK
III	167	149	211	17718	2874	RENDERED_OK
III	168	149	211	17717	2808	RENDERED_OK
III	169	149	211	15251	2609	RENDERED_OK
III	170	149	211	10678	1789	RENDERED_OK
III	171	149	211	9030	914	RENDERED_OK
III	172	149	211	12623	1606	RENDERED_OK
III	173	149	211	18246	2910	RENDERED_OK
III	174	149	211	17316	2761	RENDERED_OK
III	175	149	211	16424	2570	RENDERED_OK
III	176	149	211	13154	2207	RENDERED_OK
III	177	149	211	8917	893	RENDERED_OK
III	178	149	211	14050	1843	RENDERED_OK
III	179	149	211	16598	2759	RENDERED_OK
III	180	149	211	17566	2740	RENDERED_OK
III	181	149	211	15123	2650	RENDERED_OK
III	182	149	211	11402	1997	RENDERED_OK
IV	1	149	211	1382	61	RENDERED_OK
IV	2	149	211	6946	1950	RENDERED_OK
IV	3	149	211	7744	2306	RENDERED_OK
IV	4	149	211	7918	2542	RENDERED_OK
IV	5	149	211	7902	2456	RENDERED_OK
IV	6	149	211	7516	2479	RENDERED_OK
IV	7	149	211	7668	2461	RENDERED_OK
IV	8	149	211	7969	2497	RENDERED_OK
IV	9	149	211	7597	2562	RENDERED_OK
IV	10	149	211	8364	2502	RENDERED_OK
IV	11	149	211	4986	1455	RENDERED_OK
IV	12	149	211	1442	26	RENDERED_OK
IV	13	149	211	9242	995	RENDERED_OK
IV	14	149	211	14177	1921	RENDERED_OK
IV	15	149	211	15952	2644	RENDERED_OK
IV	16	149	211	17440	2841	RENDERED_OK
IV	17	149	211	14623	2474	RENDERED_OK
IV	18	149	211	8190	1240	RENDERED_OK
IV	19	149	211	9261	974	RENDERED_OK
IV	20	149	211	15217	2113	RENDERED_OK
IV	21	149	211	14988	2491	RENDERED_OK
IV	22	149	211	17701	2944	RENDERED_OK
IV	23	149	211	11602	2197	RENDERED_OK
IV	24	149	211	6325	888	RENDERED_OK
IV	25	149	211	9144	961	RENDERED_OK
IV	26	149	211	14893	2086	RENDERED_OK
IV	27	149	211	15812	2632	RENDERED_OK
IV	28	149	211	17083	2649	RENDERED_OK
IV	29	149	211	12212	2231	RENDERED_OK
IV	30	149	211	5914	801	RENDERED_OK
IV	31	149	211	8247	851	RENDERED_OK
IV	32	149	211	11390	1426	RENDERED_OK
IV	33	149	211	16784	2693	RENDERED_OK
IV	34	149	211	16236	2660	RENDERED_OK
IV	35	149	211	15212	2441	RENDERED_OK
IV	36	149	211	9423	1500	RENDERED_OK
IV	37	149	211	8444	913	RENDERED_OK
IV	38	149	211	13542	1820	RENDERED_OK
IV	39	149	211	17308	2827	RENDERED_OK
IV	40	149	211	17564	2815	RENDERED_OK
IV	41	149	211	13953	2443	RENDERED_OK
IV	42	149	211	9248	1418	RENDERED_OK
IV	43	149	211	8832	930	RENDERED_OK
IV	44	149	211	14102	1872	RENDERED_OK
IV	45	149	211	15429	2530	RENDERED_OK
IV	46	149	211	18322	2979	RENDERED_OK
IV	47	149	211	11322	2136	RENDERED_OK
IV	48	149	211	6510	853	RENDERED_OK
IV	49	149	211	1640	32	RENDERED_OK
IV	50	149	211	9291	986	RENDERED_OK
IV	51	149	211	15174	2141	RENDERED_OK
IV	52	149	211	16041	2633	RENDERED_OK
IV	53	149	211	17566	2784	RENDERED_OK
IV	54	149	211	12806	2245	RENDERED_OK
IV	55	149	211	5979	808	RENDERED_OK
IV	56	149	211	8301	914	RENDERED_OK
IV	57	149	211	13929	1922	RENDERED_OK
IV	58	149	211	17053	2724	RENDERED_OK
IV	59	149	211	18222	2927	RENDERED_OK
IV	60	149	211	12768	2232	RENDERED_OK
IV	61	149	211	5745	768	RENDERED_OK
IV	62	149	211	8880	934	RENDERED_OK
IV	63	149	211	14980	2125	RENDERED_OK
IV	64	149	211	15056	2533	RENDERED_OK
IV	65	149	211	16648	2637	RENDERED_OK
IV	66	149	211	13141	2317	RENDERED_OK
IV	67	149	211	7417	1038	RENDERED_OK
IV	68	149	211	8955	928	RENDERED_OK
IV	69	149	211	11944	1536	RENDERED_OK
IV	70	149	211	15862	2709	RENDERED_OK
IV	71	149	211	17666	2861	RENDERED_OK
IV	72	149	211	14996	2399	RENDERED_OK
IV	73	149	211	9396	1576	RENDERED_OK
IV	74	149	211	9110	977	RENDERED_OK
IV	75	149	211	14140	1933	RENDERED_OK
IV	76	149	211	17368	2828	RENDERED_OK
IV	77	149	211	17542	2904	RENDERED_OK
IV	78	149	211	13908	2310	RENDERED_OK
IV	79	149	211	9387	1572	RENDERED_OK
IV	80	149	211	1644	30	RENDERED_OK
IV	81	149	211	9726	974	RENDERED_OK
IV	82	149	211	12916	1584	RENDERED_OK
IV	83	149	211	16773	2677	RENDERED_OK
IV	84	149	211	16935	2686	RENDERED_OK
IV	85	149	211	15693	2557	RENDERED_OK
IV	86	149	211	12873	2180	RENDERED_OK
IV	87	149	211	8963	956	RENDERED_OK
IV	88	149	211	15059	2120	RENDERED_OK
IV	89	149	211	15869	2591	RENDERED_OK
IV	90	149	211	16878	2680	RENDERED_OK
IV	91	149	211	11475	2235	RENDERED_OK
IV	92	149	211	5564	764	RENDERED_OK
IV	93	149	211	8908	880	RENDERED_OK
IV	94	149	211	13555	1782	RENDERED_OK
IV	95	149	211	16399	2536	RENDERED_OK
IV	96	149	211	15879	2533	RENDERED_OK
IV	97	149	211	12880	2203	RENDERED_OK
IV	98	149	211	8156	1220	RENDERED_OK
IV	99	149	211	9151	981	RENDERED_OK
IV	100	149	211	13821	1883	RENDERED_OK
IV	101	149	211	16907	2722	RENDERED_OK
IV	102	149	211	17555	2840	RENDERED_OK
IV	103	149	211	13828	2286	RENDERED_OK
IV	104	149	211	7601	1171	RENDERED_OK
IV	105	149	211	8542	878	RENDERED_OK
IV	106	149	211	13242	1758	RENDERED_OK
IV	107	149	211	16782	2590	RENDERED_OK
IV	108	149	211	16590	2674	RENDERED_OK
IV	109	149	211	14515	2412	RENDERED_OK
IV	110	149	211	9813	1598	RENDERED_OK
IV	111	149	211	9297	1013	RENDERED_OK
IV	112	149	211	12918	1635	RENDERED_OK
IV	113	149	211	17493	2821	RENDERED_OK
IV	114	149	211	16891	2644	RENDERED_OK
IV	115	149	211	15235	2485	RENDERED_OK
IV	116	149	211	10176	1790	RENDERED_OK
IV	117	149	211	9207	936	RENDERED_OK
IV	118	149	211	13591	1794	RENDERED_OK
IV	119	149	211	15707	2560	RENDERED_OK
IV	120	149	211	16324	2675	RENDERED_OK
IV	121	149	211	12953	2224	RENDERED_OK
IV	122	149	211	7263	1087	RENDERED_OK
IV	123	149	211	1397	25	RENDERED_OK
IV	124	149	211	8208	843	RENDERED_OK
IV	125	149	211	12732	1734	RENDERED_OK
IV	126	149	211	15827	2562	RENDERED_OK
IV	127	149	211	18137	2836	RENDERED_OK
IV	128	149	211	12211	2218	RENDERED_OK
IV	129	149	211	5722	701	RENDERED_OK
IV	130	149	211	8632	890	RENDERED_OK
IV	131	149	211	13791	1840	RENDERED_OK
IV	132	149	211	14694	2589	RENDERED_OK
IV	133	149	211	16463	2588	RENDERED_OK
IV	134	149	211	11742	2166	RENDERED_OK
IV	135	149	211	5805	775	RENDERED_OK
IV	136	149	211	9259	904	RENDERED_OK
IV	137	149	211	15413	2106	RENDERED_OK
IV	138	149	211	15218	2535	RENDERED_OK
IV	139	149	211	17810	2840	RENDERED_OK
IV	140	149	211	12935	2221	RENDERED_OK
IV	141	149	211	7836	1221	RENDERED_OK
IV	142	149	211	1351	23	RENDERED_OK
IV	143	149	211	9086	913	RENDERED_OK
IV	144	149	211	13164	1725	RENDERED_OK
IV	145	149	211	17209	2768	RENDERED_OK
IV	146	149	211	16591	2699	RENDERED_OK
IV	147	149	211	13776	2353	RENDERED_OK
IV	148	149	211	8129	1361	RENDERED_OK
IV	149	149	211	8811	889	RENDERED_OK
IV	150	149	211	14465	1937	RENDERED_OK
IV	151	149	211	14560	2515	RENDERED_OK
IV	152	149	211	16997	2708	RENDERED_OK
IV	153	149	211	12640	2269	RENDERED_OK
IV	154	149	211	7006	980	RENDERED_OK
IV	155	149	211	8414	883	RENDERED_OK
IV	156	149	211	14828	1970	RENDERED_OK
IV	157	149	211	16072	2497	RENDERED_OK
IV	158	149	211	17037	2695	RENDERED_OK
IV	159	149	211	12854	2220	RENDERED_OK
IV	160	149	211	8470	1219	RENDERED_OK
IV	161	149	211	8504	876	RENDERED_OK
IV	162	149	211	15003	2056	RENDERED_OK
IV	163	149	211	14981	2499	RENDERED_OK
IV	164	149	211	17004	2789	RENDERED_OK
IV	165	149	211	12040	2209	RENDERED_OK
IV	166	149	211	8100	1223	RENDERED_OK
IV	167	149	211	8837	916	RENDERED_OK
IV	168	149	211	14542	1931	RENDERED_OK
IV	169	149	211	17133	2723	RENDERED_OK
IV	170	149	211	16555	2741	RENDERED_OK
IV	171	149	211	13467	2246	RENDERED_OK
IV	172	149	211	8124	1292	RENDERED_OK
IV	173	149	211	1368	26	RENDERED_OK
IV	174	149	211	8906	909	RENDERED_OK
IV	175	149	211	14388	1923	RENDERED_OK
IV	176	149	211	17049	2686	RENDERED_OK
IV	177	149	211	18712	2981	RENDERED_OK
IV	178	149	211	12184	2265	RENDERED_OK
IV	179	149	211	6009	729	RENDERED_OK
IV	180	149	211	8867	936	RENDERED_OK
IV	181	149	211	14674	1973	RENDERED_OK
IV	182	149	211	16125	2580	RENDERED_OK
IV	183	149	211	17459	2863	RENDERED_OK
IV	184	149	211	13371	2331	RENDERED_OK
IV	185	149	211	7530	1057	RENDERED_OK
IV	186	149	211	9125	934	RENDERED_OK
IV	187	149	211	11998	1471	RENDERED_OK
IV	188	149	211	17943	2873	RENDERED_OK
IV	189	149	211	17263	2789	RENDERED_OK
IV	190	149	211	14245	2375	RENDERED_OK
IV	191	149	211	8910	1351	RENDERED_OK
IV	192	149	211	8443	866	RENDERED_OK
IV	193	149	211	14023	1880	RENDERED_OK
IV	194	149	211	16274	2692	RENDERED_OK
IV	195	149	211	16664	2696	RENDERED_OK
IV	196	149	211	12833	2302	RENDERED_OK
IV	197	149	211	7426	1137	RENDERED_OK
IV	198	149	211	8798	875	RENDERED_OK
IV	199	149	211	13914	1802	RENDERED_OK
IV	200	149	211	17203	2719	RENDERED_OK
IV	201	149	211	17198	2764	RENDERED_OK
IV	202	149	211	14978	2421	RENDERED_OK
IV	203	149	211	10319	1714	RENDERED_OK
V	1	149	211	1458	66	RENDERED_OK
V	2	149	211	6153	1890	RENDERED_OK
V	3	149	211	7328	2297	RENDERED_OK
V	4	149	211	7513	2373	RENDERED_OK
V	5	149	211	7883	2581	RENDERED_OK
V	6	149	211	7056	2383	RENDERED_OK
V	7	149	211	7736	2474	RENDERED_OK
V	8	149	211	6685	2455	RENDERED_OK
V	9	149	211	7736	2547	RENDERED_OK
V	10	149	211	6426	2094	RENDERED_OK
V	11	149	211	1240	20	RENDERED_OK
V	12	149	211	9442	1021	RENDERED_OK
V	13	149	211	13484	1818	RENDERED_OK
V	14	149	211	17577	2873	RENDERED_OK
V	15	149	211	17613	2765	RENDERED_OK
V	16	149	211	13930	2471	RENDERED_OK
V	17	149	211	8230	1209	RENDERED_OK
V	18	149	211	8550	892	RENDERED_OK
V	19	149	211	14117	1935	RENDERED_OK
V	20	149	211	16961	2665	RENDERED_OK
V	21	149	211	17313	2794	RENDERED_OK
V	22	149	211	12286	2229	RENDERED_OK
V	23	149	211	6794	926	RENDERED_OK
V	24	149	211	8318	823	RENDERED_OK
V	25	149	211	15095	2286	RENDERED_OK
V	26	149	211	16491	2614	RENDERED_OK
V	27	149	211	16291	2496	RENDERED_OK
V	28	149	211	11625	2268	RENDERED_OK
V	29	149	211	4450	504	RENDERED_OK
V	30	149	211	8154	819	RENDERED_OK
V	31	149	211	14393	1978	RENDERED_OK
V	32	149	211	16864	2744	RENDERED_OK
V	33	149	211	15811	2603	RENDERED_OK
V	34	149	211	12583	2277	RENDERED_OK
V	35	149	211	5461	815	RENDERED_OK
V	36	149	211	1112	20	RENDERED_OK
V	37	149	211	8619	930	RENDERED_OK
V	38	149	211	14756	2102	RENDERED_OK
V	39	149	211	16949	2833	RENDERED_OK
V	40	149	211	16321	2594	RENDERED_OK
V	41	149	211	13267	2365	RENDERED_OK
V	42	149	211	5898	845	RENDERED_OK
V	43	149	211	8733	918	RENDERED_OK
V	44	149	211	13956	1921	RENDERED_OK
V	45	149	211	16578	2729	RENDERED_OK
V	46	149	211	17589	2780	RENDERED_OK
V	47	149	211	13893	2448	RENDERED_OK
V	48	149	211	7828	1084	RENDERED_OK
V	49	149	211	8810	889	RENDERED_OK
V	50	149	211	14804	2075	RENDERED_OK
V	51	149	211	15536	2645	RENDERED_OK
V	52	149	211	17025	2682	RENDERED_OK
V	53	149	211	12349	2310	RENDERED_OK
V	54	149	211	5900	728	RENDERED_OK
V	55	149	211	8190	790	RENDERED_OK
V	56	149	211	13858	1904	RENDERED_OK
V	57	149	211	14907	2719	RENDERED_OK
V	58	149	211	18023	2967	RENDERED_OK
V	59	149	211	12965	2306	RENDERED_OK
V	60	149	211	7892	1174	RENDERED_OK
V	61	149	211	1717	33	RENDERED_OK
V	62	149	211	9283	943	RENDERED_OK
V	63	149	211	13845	1825	RENDERED_OK
V	64	149	211	17281	2705	RENDERED_OK
V	65	149	211	17706	2844	RENDERED_OK
V	66	149	211	14479	2426	RENDERED_OK
V	67	149	211	8696	1323	RENDERED_OK
V	68	149	211	7938	824	RENDERED_OK
V	69	149	211	13201	1669	RENDERED_OK
V	70	149	211	16983	2938	RENDERED_OK
V	71	149	211	17954	2788	RENDERED_OK
V	72	149	211	13461	2317	RENDERED_OK
V	73	149	211	8284	1256	RENDERED_OK
V	74	149	211	8521	854	RENDERED_OK
V	75	149	211	12484	1594	RENDERED_OK
V	76	149	211	16143	2650	RENDERED_OK
V	77	149	211	15562	2531	RENDERED_OK
V	78	149	211	12993	2392	RENDERED_OK
V	79	149	211	7606	1042	RENDERED_OK
V	80	149	211	8763	919	RENDERED_OK
V	81	149	211	12536	1564	RENDERED_OK
V	82	149	211	16766	2876	RENDERED_OK
V	83	149	211	17886	2945	RENDERED_OK
V	84	149	211	13591	2366	RENDERED_OK
V	85	149	211	9286	1591	RENDERED_OK
V	86	149	211	8894	917	RENDERED_OK
V	87	149	211	13595	1841	RENDERED_OK
V	88	149	211	15931	2732	RENDERED_OK
V	89	149	211	16339	2703	RENDERED_OK
V	90	149	211	13677	2375	RENDERED_OK
V	91	149	211	7399	1117	RENDERED_OK
V	92	149	211	7510	815	RENDERED_OK
V	93	149	211	13355	1833	RENDERED_OK
V	94	149	211	15670	2719	RENDERED_OK
V	95	149	211	16901	2970	RENDERED_OK
V	96	149	211	12962	2350	RENDERED_OK
V	97	149	211	5811	715	RENDERED_OK
V	98	149	211	1413	25	RENDERED_OK
V	99	149	211	8849	925	RENDERED_OK
V	100	149	211	12892	1674	RENDERED_OK
V	101	149	211	17511	2828	RENDERED_OK
V	102	149	211	17322	2820	RENDERED_OK
V	103	149	211	14593	2453	RENDERED_OK
V	104	149	211	9311	1474	RENDERED_OK
V	105	149	211	7614	758	RENDERED_OK
V	106	149	211	11998	1507	RENDERED_OK
V	107	149	211	17047	2718	RENDERED_OK
V	108	149	211	15305	2620	RENDERED_OK
V	109	149	211	14642	2453	RENDERED_OK
V	110	149	211	8212	1317	RENDERED_OK
V	111	149	211	8833	925	RENDERED_OK
V	112	149	211	15405	2144	RENDERED_OK
V	113	149	211	15744	2658	RENDERED_OK
V	114	149	211	17997	2991	RENDERED_OK
V	115	149	211	11941	2277	RENDERED_OK
V	116	149	211	6223	847	RENDERED_OK
V	117	149	211	8374	812	RENDERED_OK
V	118	149	211	12477	1591	RENDERED_OK
V	119	149	211	14987	2784	RENDERED_OK
V	120	149	211	17111	2754	RENDERED_OK
V	121	149	211	13543	2403	RENDERED_OK
V	122	149	211	7236	1175	RENDERED_OK
V	123	149	211	1734	34	RENDERED_OK
V	124	149	211	8376	892	RENDERED_OK
V	125	149	211	13431	1742	RENDERED_OK
V	126	149	211	16752	2941	RENDERED_OK
V	127	149	211	16656	2738	RENDERED_OK
V	128	149	211	13763	2487	RENDERED_OK
V	129	149	211	9818	1472	RENDERED_OK
V	130	149	211	8228	887	RENDERED_OK
V	131	149	211	13052	1717	RENDERED_OK
V	132	149	211	17912	2972	RENDERED_OK
V	133	149	211	16295	2727	RENDERED_OK
V	134	149	211	14437	2442	RENDERED_OK
V	135	149	211	8868	1464	RENDERED_OK
V	136	149	211	8220	899	RENDERED_OK
V	137	149	211	12435	1581	RENDERED_OK
V	138	149	211	17481	2939	RENDERED_OK
V	139	149	211	17036	2871	RENDERED_OK
V	140	149	211	14483	2393	RENDERED_OK
V	141	149	211	8560	1286	RENDERED_OK
V	142	149	211	1505	27	RENDERED_OK
V	143	149	211	7853	837	RENDERED_OK
V	144	149	211	13264	1788	RENDERED_OK
V	145	149	211	15373	2594	RENDERED_OK
V	146	149	211	17336	2659	RENDERED_OK
V	147	149	211	12965	2371	RENDERED_OK
V	148	149	211	7674	1057	RENDERED_OK
V	149	149	211	8353	873	RENDERED_OK
V	150	149	211	12786	1643	RENDERED_OK
V	151	149	211	17219	2750	RENDERED_OK
V	152	149	211	16924	2653	RENDERED_OK
V	153	149	211	14892	2480	RENDERED_OK
V	154	149	211	9741	1596	RENDERED_OK
V	155	149	211	8242	907	RENDERED_OK
V	156	149	211	14211	1873	RENDERED_OK
V	157	149	211	16612	2785	RENDERED_OK
V	158	149	211	17347	2811	RENDERED_OK
V	159	149	211	13723	2375	RENDERED_OK
V	160	149	211	7873	1208	RENDERED_OK
V	161	149	211	8742	948	RENDERED_OK
V	162	149	211	14297	1946	RENDERED_OK
V	163	149	211	17285	2877	RENDERED_OK
V	164	149	211	16702	2742	RENDERED_OK
V	165	149	211	14192	2423	RENDERED_OK
V	166	149	211	9346	1540	RENDERED_OK
V	167	149	211	8434	872	RENDERED_OK
V	168	149	211	14264	1902	RENDERED_OK
V	169	149	211	16529	2648	RENDERED_OK
V	170	149	211	17560	2834	RENDERED_OK
V	171	149	211	13351	2349	RENDERED_OK
V	172	149	211	7164	1063	RENDERED_OK
V	173	149	211	7655	778	RENDERED_OK
V	174	149	211	14118	1840	RENDERED_OK
V	175	149	211	16509	2756	RENDERED_OK
V	176	149	211	17848	2745	RENDERED_OK
V	177	149	211	13955	2378	RENDERED_OK
V	178	149	211	7924	1165	RENDERED_OK
V	179	149	211	9189	1007	RENDERED_OK
V	180	149	211	13512	1828	RENDERED_OK
V	181	149	211	16586	3052	RENDERED_OK
V	182	149	211	17519	2845	RENDERED_OK
V	183	149	211	14768	2466	RENDERED_OK
V	184	149	211	11065	1884	RENDERED_OK
VI	1	149	211	1385	59	RENDERED_OK
VI	2	149	211	8094	1962	RENDERED_OK
VI	3	149	211	11107	2749	RENDERED_OK
VI	4	149	211	9642	2419	RENDERED_OK
VI	5	149	211	10478	2755	RENDERED_OK
VI	6	149	211	9582	2595	RENDERED_OK
VI	7	149	211	10161	2678	RENDERED_OK
VI	8	149	211	8815	2537	RENDERED_OK
VI	9	149	211	10379	2668	RENDERED_OK
VI	10	149	211	9341	2510	RENDERED_OK
VI	11	149	211	9741	2770	RENDERED_OK
VI	12	149	211	10246	2785	RENDERED_OK
VI	13	149	211	9071	2607	RENDERED_OK
VI	14	149	211	10513	2570	RENDERED_OK
VI	15	149	211	9633	2738	RENDERED_OK
VI	16	149	211	9292	2550	RENDERED_OK
VI	17	149	211	11195	2873	RENDERED_OK
VI	18	149	211	10863	2745	RENDERED_OK
VI	19	149	211	10329	2568	RENDERED_OK
VI	20	149	211	5193	1110	RENDERED_OK
VI	21	149	211	1522	29	RENDERED_OK
VI	22	149	211	10574	1294	RENDERED_OK
VI	23	149	211	10416	1154	RENDERED_OK
VI	24	149	211	9921	1224	RENDERED_OK
VI	25	149	211	9551	1196	RENDERED_OK
VI	26	149	211	11296	1422	RENDERED_OK
VI	27	149	211	11251	1362	RENDERED_OK
VI	28	149	211	8068	886	RENDERED_OK
VI	29	149	211	11929	1523	RENDERED_OK
VI	30	149	211	9967	1227	RENDERED_OK
VI	31	149	211	10473	1247	RENDERED_OK
VI	32	149	211	8046	899	RENDERED_OK
VI	33	149	211	8722	976	RENDERED_OK
VI	34	149	211	10273	1214	RENDERED_OK
VI	35	149	211	8108	871	RENDERED_OK
VI	36	149	211	9313	1046	RENDERED_OK
VI	37	149	211	8567	973	RENDERED_OK
VI	38	149	211	10970	1267	RENDERED_OK
VI	39	149	211	11609	1294	RENDERED_OK
VI	40	149	211	12698	1598	RENDERED_OK
VI	41	149	211	14558	1882	RENDERED_OK
VI	42	149	211	12652	1487	RENDERED_OK
VI	43	149	211	12552	1524	RENDERED_OK
VI	44	149	211	11557	1458	RENDERED_OK
VI	45	149	211	10163	1245	RENDERED_OK
VI	46	149	211	10250	1301	RENDERED_OK
VI	47	149	211	12056	1492	RENDERED_OK
VI	48	149	211	9598	1082	RENDERED_OK
VI	49	149	211	6149	741	RENDERED_OK
VI	50	149	211	12203	1533	RENDERED_OK
VI	51	149	211	10787	1295	RENDERED_OK
VI	52	149	211	11720	1425	RENDERED_OK
VI	53	149	211	8885	961	RENDERED_OK
VI	54	149	211	10126	1112	RENDERED_OK
VI	55	149	211	12333	1594	RENDERED_OK
VI	56	149	211	10547	1311	RENDERED_OK
VI	57	149	211	10646	1483	RENDERED_OK
VI	58	149	211	11487	1329	RENDERED_OK
VI	59	149	211	9926	1123	RENDERED_OK
VI	60	149	211	7763	935	RENDERED_OK
VI	61	149	211	9489	1024	RENDERED_OK
VI	62	149	211	8247	914	RENDERED_OK
VI	63	149	211	7659	820	RENDERED_OK
VI	64	149	211	6045	620	RENDERED_OK
VI	65	149	211	9393	1004	RENDERED_OK
VI	66	149	211	7074	726	RENDERED_OK
VI	67	149	211	9141	1023	RENDERED_OK
VI	68	149	211	9241	1036	RENDERED_OK
VI	69	149	211	7034	785	RENDERED_OK
VI	70	149	211	9595	1160	RENDERED_OK
VI	71	149	211	9266	1061	RENDERED_OK
VI	72	149	211	9213	1015	RENDERED_OK
VI	73	149	211	12672	1657	RENDERED_OK
VI	74	149	211	12793	1641	RENDERED_OK
VI	75	149	211	14452	1934	RENDERED_OK
VI	76	149	211	11476	1387	RENDERED_OK
VI	77	149	211	11552	1313	RENDERED_OK
VI	78	149	211	11204	1438	RENDERED_OK
VI	79	149	211	10110	1206	RENDERED_OK
VI	80	149	211	8884	1009	RENDERED_OK
VI	81	149	211	9312	1096	RENDERED_OK
VI	82	149	211	12064	1512	RENDERED_OK
VI	83	149	211	10477	1305	RENDERED_OK
VI	84	149	211	10303	1229	RENDERED_OK
VI	85	149	211	8484	977	RENDERED_OK
VI	86	149	211	10813	1244	RENDERED_OK
VI	87	149	211	10749	1285	RENDERED_OK
VI	88	149	211	12452	1600	RENDERED_OK
VI	89	149	211	9672	1144	RENDERED_OK
VI	90	149	211	9876	1175	RENDERED_OK
VI	91	149	211	10808	1384	RENDERED_OK
VI	92	149	211	10262	1249	RENDERED_OK
VI	93	149	211	8193	939	RENDERED_OK
VI	94	149	211	11795	1433	RENDERED_OK
VI	95	149	211	9938	1209	RENDERED_OK
VI	96	149	211	1226	20	RENDERED_OK
VI	97	149	211	11431	1444	RENDERED_OK
VI	98	149	211	12042	1430	RENDERED_OK
VI	99	149	211	8930	1085	RENDERED_OK
VI	100	149	211	11412	1397	RENDERED_OK
VI	101	149	211	11377	1361	RENDERED_OK
VI	102	149	211	11456	1306	RENDERED_OK
VI	103	149	211	10085	1235	RENDERED_OK
VI	104	149	211	13025	1660	RENDERED_OK
VI	105	149	211	10515	1295	RENDERED_OK
VI	106	149	211	10295	1272	RENDERED_OK
VI	107	149	211	14316	1942	RENDERED_OK
VI	108	149	211	11022	1479	RENDERED_OK
VI	109	149	211	11117	1330	RENDERED_OK
VI	110	149	211	5680	671	RENDERED_OK
VI	111	149	211	11189	1308	RENDERED_OK
VI	112	149	211	11258	1216	RENDERED_OK
VI	113	149	211	10176	1110	RENDERED_OK
VI	114	149	211	9614	1048	RENDERED_OK
VI	115	149	211	8194	772	RENDERED_OK
VI	116	149	211	8518	889	RENDERED_OK
VI	117	149	211	11899	1500	RENDERED_OK
VI	118	149	211	10350	1328	RENDERED_OK
VI	119	149	211	10911	1430	RENDERED_OK
VI	120	149	211	10942	1509	RENDERED_OK
VI	121	149	211	5599	627	RENDERED_OK
VI	122	149	211	11875	1455	RENDERED_OK
VI	123	149	211	10254	1076	RENDERED_OK
VI	124	149	211	10076	1049	RENDERED_OK
VI	125	149	211	8006	803	RENDERED_OK
VI	126	149	211	10370	1225	RENDERED_OK
VI	127	149	211	8849	841	RENDERED_OK
VI	128	149	211	9050	808	RENDERED_OK
VI	129	149	211	10488	1244	RENDERED_OK
VI	130	149	211	12312	1662	RENDERED_OK
VI	131	149	211	9027	1040	RENDERED_OK
VI	132	149	211	10914	1513	RENDERED_OK
VI	133	149	211	10024	1485	RENDERED_OK
VI	134	149	211	11534	1503	RENDERED_OK
VI	135	149	211	8778	922	RENDERED_OK
VI	136	149	211	10681	1215	RENDERED_OK
VI	137	149	211	11997	1391	RENDERED_OK
VI	138	149	211	9499	1064	RENDERED_OK
VI	139	149	211	11196	1303	RENDERED_OK
VI	140	149	211	9988	1039	RENDERED_OK
VI	141	149	211	12826	1656	RENDERED_OK
VI	142	149	211	10735	1371	RENDERED_OK
VI	143	149	211	11643	1516	RENDERED_OK
VI	144	149	211	11628	1657	RENDERED_OK
VI	145	149	211	13232	2010	RENDERED_OK
VI	146	149	211	6012	690	RENDERED_OK
VI	147	149	211	13207	1765	RENDERED_OK
VI	148	149	211	9897	1174	RENDERED_OK
VI	149	149	211	10748	1165	RENDERED_OK
VI	150	149	211	7892	845	RENDERED_OK
VI	151	149	211	12867	1546	RENDERED_OK
VI	152	149	211	10575	1256	RENDERED_OK
VI	153	149	211	12128	1397	RENDERED_OK
VI	154	149	211	12449	1563	RENDERED_OK
VI	155	149	211	9840	1081	RENDERED_OK
VI	156	149	211	10637	1366	RENDERED_OK
VI	157	149	211	9635	1256	RENDERED_OK
VI	158	149	211	10712	1384	RENDERED_OK
VI	159	149	211	12251	1739	RENDERED_OK
VI	160	149	211	13893	1934	RENDERED_OK
VI	161	149	211	13238	1719	RENDERED_OK
VI	162	149	211	12196	1500	RENDERED_OK
VI	163	149	211	12468	1492	RENDERED_OK
VI	164	149	211	7660	820	RENDERED_OK
VI	165	149	211	11116	1282	RENDERED_OK
VI	166	149	211	9460	1080	RENDERED_OK
VI	167	149	211	9659	1079	RENDERED_OK
VI	168	149	211	9612	1178	RENDERED_OK
VI	169	149	211	10602	1351	RENDERED_OK
VI	170	149	211	12952	1755	RENDERED_OK
VI	171	149	211	11099	1459	RENDERED_OK
VI	172	149	211	12715	1636	RENDERED_OK
VI	173	149	211	15309	2180	RENDERED_OK
VI	174	149	211	11943	1793	RENDERED_OK
VI	175	149	211	1021	17	LOW_TEXT_REVIEW
VI	176	149	211	13210	1854	RENDERED_OK
VI	177	149	211	9315	1001	RENDERED_OK
VI	178	149	211	9885	1167	RENDERED_OK
VI	179	149	211	9283	1051	RENDERED_OK
VI	180	149	211	9678	924	RENDERED_OK
VI	181	149	211	8466	886	RENDERED_OK
VI	182	149	211	11472	1479	RENDERED_OK
VI	183	149	211	14304	1942	RENDERED_OK
VI	184	149	211	12623	1589	RENDERED_OK
VI	185	149	211	12052	1433	RENDERED_OK
VI	186	149	211	14249	1989	RENDERED_OK
VI	187	149	211	13833	2009	RENDERED_OK
VI	188	149	211	12548	1740	RENDERED_OK
VI	189	149	211	12360	1697	RENDERED_OK
VI	190	149	211	11788	1385	RENDERED_OK
VI	191	149	211	12603	1645	RENDERED_OK
VI	192	149	211	12072	1340	RENDERED_OK
VI	193	149	211	10777	1285	RENDERED_OK
VI	194	149	211	13743	1623	RENDERED_OK
VI	195	149	211	10639	1203	RENDERED_OK
VI	196	149	211	10068	1196	RENDERED_OK
VI	197	149	211	17114	2423	RENDERED_OK
VI	198	149	211	17378	2388	RENDERED_OK
VI	199	149	211	18273	2530	RENDERED_OK
VI	200	149	211	15886	2273	RENDERED_OK
VI	201	149	211	13466	1855	RENDERED_OK
VI	202	149	211	14460	1945	RENDERED_OK
VI	203	149	211	14327	1954	RENDERED_OK
VI	204	149	211	14178	1887	RENDERED_OK
VI	205	149	211	14251	1925	RENDERED_OK
VI	206	149	211	14136	1872	RENDERED_OK
VI	207	149	211	14281	1910	RENDERED_OK
VI	208	149	211	17172	2485	RENDERED_OK
VI	209	149	211	12595	1741	RENDERED_OK
VI	210	149	211	13046	1631	RENDERED_OK
VI	211	149	211	11841	1306	RENDERED_OK
VI	212	149	211	12109	1409	RENDERED_OK
VI	213	149	211	10821	1270	RENDERED_OK
VI	214	149	211	9855	1073	RENDERED_OK
VI	215	149	211	12998	1608	RENDERED_OK
VI	216	149	211	12026	1520	RENDERED_OK
VI	217	149	211	16163	2277	RENDERED_OK
VI	218	149	211	15552	2148	RENDERED_OK
VI	219	149	211	15458	2166	RENDERED_OK
VI	220	149	211	17222	2510	RENDERED_OK
VI	221	149	211	18282	2672	RENDERED_OK
VI	222	149	211	15394	2247	RENDERED_OK
VI	223	149	211	13191	1730	RENDERED_OK
VI	224	149	211	13017	1941	RENDERED_OK
VI	225	149	211	12823	2174	RENDERED_OK
VI	226	149	211	11702	2005	RENDERED_OK
VI	227	149	211	13624	2131	RENDERED_OK
VI	228	149	211	12997	2201	RENDERED_OK
VI	229	149	211	11827	2006	RENDERED_OK
VI	230	149	211	12967	1937	RENDERED_OK
VI	231	149	211	15906	2226	RENDERED_OK
VI	232	149	211	12175	1493	RENDERED_OK
VI	233	149	211	12837	1498	RENDERED_OK
VI	234	149	211	11529	1321	RENDERED_OK
VI	235	149	211	11702	1419	RENDERED_OK
VI	236	149	211	10513	1116	RENDERED_OK
VI	237	149	211	13191	1738	RENDERED_OK
VI	238	149	211	18545	2615	RENDERED_OK
VI	239	149	211	18266	2667	RENDERED_OK
VI	240	149	211	14807	2076	RENDERED_OK
VI	241	149	211	13706	1853	RENDERED_OK
VI	242	149	211	12602	1829	RENDERED_OK
VI	243	149	211	10269	1493	RENDERED_OK
VI	244	149	211	12052	1614	RENDERED_OK
VI	245	149	211	11631	1498	RENDERED_OK
VI	246	149	211	10784	1318	RENDERED_OK
VI	247	149	211	11287	1319	RENDERED_OK
VI	248	149	211	9144	1024	RENDERED_OK
VI	249	149	211	9249	1045	RENDERED_OK
VI	250	149	211	13890	1890	RENDERED_OK
VI	251	149	211	16528	2310	RENDERED_OK
VI	252	149	211	18431	2730	RENDERED_OK
VI	253	149	211	11910	1560	RENDERED_OK
VI	254	149	211	12596	1762	RENDERED_OK
VI	255	149	211	16237	2398	RENDERED_OK
VI	256	149	211	11746	1736	RENDERED_OK
VI	257	149	211	13747	1872	RENDERED_OK
VI	258	149	211	8458	1115	RENDERED_OK
VI	259	149	211	12268	1522	RENDERED_OK
VI	260	149	211	11758	1266	RENDERED_OK
VI	261	149	211	11491	1407	RENDERED_OK
VI	262	149	211	9265	961	RENDERED_OK
VI	263	149	211	9543	899	RENDERED_OK
VI	264	149	211	11892	1432	RENDERED_OK
VI	265	149	211	10816	1398	RENDERED_OK
VI	266	149	211	12064	1525	RENDERED_OK
VI	267	149	211	11673	1455	RENDERED_OK
VI	268	149	211	14233	1902	RENDERED_OK
VI	269	149	211	13742	2016	RENDERED_OK
VI	270	149	211	15233	1899	RENDERED_OK
VI	271	149	211	12936	1596	RENDERED_OK
VI	272	149	211	15965	2069	RENDERED_OK
VI	273	149	211	5408	626	RENDERED_OK
VI	274	149	211	1651	32	RENDERED_OK
VI	275	149	211	11638	1502	RENDERED_OK
VI	276	149	211	10487	1098	RENDERED_OK
VI	277	149	211	10255	1205	RENDERED_OK
VI	278	149	211	10999	1224	RENDERED_OK
VI	279	149	211	13067	1663	RENDERED_OK
VI	280	149	211	9885	1145	RENDERED_OK
VI	281	149	211	10077	1320	RENDERED_OK
VI	282	149	211	11182	1446	RENDERED_OK
VI	283	149	211	15230	2204	RENDERED_OK
VI	284	149	211	14119	2001	RENDERED_OK
VI	285	149	211	15278	2100	RENDERED_OK
VI	286	149	211	12257	2108	RENDERED_OK
VI	287	149	211	11789	1857	RENDERED_OK
VI	288	149	211	11608	1447	RENDERED_OK
VI	289	149	211	10929	1344	RENDERED_OK
VI	290	149	211	10049	1109	RENDERED_OK
VI	291	149	211	9523	988	RENDERED_OK
VI	292	149	211	10406	1120	RENDERED_OK
VI	293	149	211	11369	1351	RENDERED_OK
VI	294	149	211	12232	1445	RENDERED_OK
VI	295	149	211	15835	2179	RENDERED_OK
VI	296	149	211	16863	2360	RENDERED_OK
VI	297	149	211	15946	2246	RENDERED_OK
VI	298	149	211	14574	2013	RENDERED_OK
VI	299	149	211	13569	2044	RENDERED_OK
VI	300	149	211	14219	2166	RENDERED_OK
VI	301	149	211	16020	2148	RENDERED_OK
VI	302	149	211	4620	465	RENDERED_OK
VI	303	149	211	12486	1595	RENDERED_OK
VI	304	149	211	9848	1060	RENDERED_OK
VI	305	149	211	14320	1798	RENDERED_OK
VI	306	149	211	10600	1212	RENDERED_OK
VI	307	149	211	13447	1780	RENDERED_OK
VI	308	149	211	17261	2487	RENDERED_OK
VI	309	149	211	17889	2584	RENDERED_OK
VI	310	149	211	15092	2221	RENDERED_OK
VI	311	149	211	15388	2005	RENDERED_OK
VI	312	149	211	11795	2065	RENDERED_OK
VI	313	149	211	13049	2147	RENDERED_OK
VI	314	149	211	9242	1245	RENDERED_OK
VI	315	149	211	9742	1032	RENDERED_OK
VI	316	149	211	10867	1239	RENDERED_OK
VI	317	149	211	9629	1040	RENDERED_OK
VI	318	149	211	10243	1191	RENDERED_OK
VI	319	149	211	14659	1981	RENDERED_OK
VI	320	149	211	17069	2487	RENDERED_OK
VI	321	149	211	12673	1649	RENDERED_OK
VI	322	149	211	8719	1296	RENDERED_OK
VI	323	149	211	8376	1378	RENDERED_OK
VI	324	149	211	9048	1408	RENDERED_OK
VI	325	149	211	13336	1970	RENDERED_OK
VI	326	149	211	12975	1756	RENDERED_OK
VI	327	149	211	10567	1170	RENDERED_OK
VI	328	149	211	7812	805	RENDERED_OK
VI	329	149	211	8291	890	RENDERED_OK
VI	330	149	211	10249	1143	RENDERED_OK
VI	331	149	211	14006	1827	RENDERED_OK
VI	332	149	211	15508	2240	RENDERED_OK
VI	333	149	211	9536	1487	RENDERED_OK
VI	334	149	211	9878	1556	RENDERED_OK
VI	335	149	211	8393	1525	RENDERED_OK
VI	336	149	211	12657	1930	RENDERED_OK
VI	337	149	211	10328	1271	RENDERED_OK
VI	338	149	211	1553	28	RENDERED_OK
VI	339	149	211	9479	983	RENDERED_OK
VI	340	149	211	7784	741	RENDERED_OK
VI	341	149	211	9748	1127	RENDERED_OK
VI	342	149	211	8461	845	RENDERED_OK
VI	343	149	211	9154	989	RENDERED_OK
VI	344	149	211	14317	1900	RENDERED_OK
VI	345	149	211	16926	2474	RENDERED_OK
VI	346	149	211	12401	1514	RENDERED_OK
VI	347	149	211	8337	1009	RENDERED_OK
VI	348	149	211	11782	1424	RENDERED_OK
VI	349	149	211	11222	1459	RENDERED_OK
VI	350	149	211	13682	1845	RENDERED_OK
VI	351	149	211	8678	1023	RENDERED_OK
VI	352	149	211	8454	808	RENDERED_OK
VI	353	149	211	10690	1206	RENDERED_OK
VI	354	149	211	11129	1271	RENDERED_OK
VI	355	149	211	11308	1291	RENDERED_OK
VI	356	149	211	13498	1737	RENDERED_OK
VI	357	149	211	16804	2375	RENDERED_OK
VI	358	149	211	13102	1656	RENDERED_OK
VI	359	149	211	7977	1174	RENDERED_OK
VI	360	149	211	9672	1245	RENDERED_OK
VI	361	149	211	7476	1305	RENDERED_OK
VI	362	149	211	12241	1601	RENDERED_OK
VI	363	149	211	10261	1119	RENDERED_OK
VI	364	149	211	9491	1051	RENDERED_OK
VI	365	149	211	10941	1300	RENDERED_OK
VI	366	149	211	10080	1173	RENDERED_OK
VI	367	149	211	13358	1783	RENDERED_OK
VI	368	149	211	16146	2268	RENDERED_OK
VI	369	149	211	12072	1480	RENDERED_OK
VI	370	149	211	8765	1156	RENDERED_OK
VI	371	149	211	7432	966	RENDERED_OK
VI	372	149	211	9249	1359	RENDERED_OK
VI	373	149	211	13810	2044	RENDERED_OK
VI	374	149	211	2281	172	RENDERED_OK
VI	375	149	211	10870	1140	RENDERED_OK
VI	376	149	211	12704	1605	RENDERED_OK
VI	377	149	211	10077	1134	RENDERED_OK
VI	378	149	211	11560	1438	RENDERED_OK
VI	379	149	211	15446	2119	RENDERED_OK
VI	380	149	211	15483	2310	RENDERED_OK
VI	381	149	211	17914	2641	RENDERED_OK
VI	382	149	211	10143	2459	RENDERED_OK
VI	383	149	211	11313	2220	RENDERED_OK
VI	384	149	211	14597	2310	RENDERED_OK
VI	385	149	211	5550	625	RENDERED_OK
VI	386	149	211	10352	1120	RENDERED_OK
VI	387	149	211	12351	1458	RENDERED_OK
VI	388	149	211	10621	1229	RENDERED_OK
VI	389	149	211	11197	1335	RENDERED_OK
VI	390	149	211	14078	1855	RENDERED_OK
VI	391	149	211	16488	2378	RENDERED_OK
VI	392	149	211	16505	2404	RENDERED_OK
VI	393	149	211	12799	2092	RENDERED_OK
VI	394	149	211	11583	1813	RENDERED_OK
VI	395	149	211	11638	1566	RENDERED_OK
VI	396	149	211	10918	1285	RENDERED_OK
VI	397	149	211	9319	1086	RENDERED_OK
VI	398	149	211	10516	1171	RENDERED_OK
VI	399	149	211	8868	1006	RENDERED_OK
VI	400	149	211	15191	2109	RENDERED_OK
VI	401	149	211	15842	2405	RENDERED_OK
VI	402	149	211	16261	2474	RENDERED_OK
VI	403	149	211	15376	2434	RENDERED_OK
VI	404	149	211	13224	1994	RENDERED_OK
VI	405	149	211	11737	1612	RENDERED_OK
VI	406	149	211	1113	18	LOW_TEXT_REVIEW
VI	407	149	211	8298	923	RENDERED_OK
VI	408	149	211	8631	976	RENDERED_OK
VI	409	149	211	9906	1188	RENDERED_OK
VI	410	149	211	9297	1074	RENDERED_OK
VI	411	149	211	14021	1858	RENDERED_OK
VI	412	149	211	15569	2343	RENDERED_OK
VI	413	149	211	12463	2088	RENDERED_OK
VI	414	149	211	12968	2032	RENDERED_OK
VI	415	149	211	12052	1909	RENDERED_OK
VI	416	149	211	12142	1635	RENDERED_OK
VI	417	149	211	10303	1216	RENDERED_OK
VI	418	149	211	9514	1019	RENDERED_OK
VI	419	149	211	11106	1276	RENDERED_OK
VI	420	149	211	10733	1298	RENDERED_OK
VI	421	149	211	13971	1925	RENDERED_OK
VI	422	149	211	16729	2374	RENDERED_OK
VI	423	149	211	15662	2349	RENDERED_OK
VI	424	149	211	13363	2016	RENDERED_OK
VI	425	149	211	11789	1747	RENDERED_OK
VI	426	149	211	13925	1898	RENDERED_OK
VI	427	149	211	10616	1367	RENDERED_OK
VI	428	149	211	7741	870	RENDERED_OK
VI	429	149	211	11781	1410	RENDERED_OK
VI	430	149	211	11787	1437	RENDERED_OK
VI	431	149	211	9893	1167	RENDERED_OK
VI	432	149	211	13661	1817	RENDERED_OK
VI	433	149	211	14999	2202	RENDERED_OK
VI	434	149	211	17814	2603	RENDERED_OK
VI	435	149	211	12296	1673	RENDERED_OK
VI	436	149	211	13457	2003	RENDERED_OK
VI	437	149	211	15479	2247	RENDERED_OK
VI	438	149	211	5552	622	RENDERED_OK
VI	439	149	211	11644	1329	RENDERED_OK
VI	440	149	211	11765	1467	RENDERED_OK
VI	441	149	211	11408	1371	RENDERED_OK
VI	442	149	211	10149	1126	RENDERED_OK
VI	443	149	211	10994	1342	RENDERED_OK
VI	444	149	211	10960	1247	RENDERED_OK
VI	445	149	211	16300	2398	RENDERED_OK
VI	446	149	211	17714	2647	RENDERED_OK
VI	447	149	211	12927	1758	RENDERED_OK
VI	448	149	211	7764	1322	RENDERED_OK
VI	449	149	211	12004	1746	RENDERED_OK
VI	450	149	211	14083	2034	RENDERED_OK
VI	451	149	211	9290	1194	RENDERED_OK
VI	452	149	211	1957	38	RENDERED_OK
VI	453	149	211	11239	1325	RENDERED_OK
VI	454	149	211	11514	1346	RENDERED_OK
VI	455	149	211	9957	1115	RENDERED_OK
VI	456	149	211	9221	1004	RENDERED_OK
VI	457	149	211	11306	1343	RENDERED_OK
VI	458	149	211	10841	1281	RENDERED_OK
VI	459	149	211	14171	1723	RENDERED_OK
VI	460	149	211	12410	1652	RENDERED_OK
VI	461	149	211	12661	1798	RENDERED_OK
VI	462	149	211	11133	1410	RENDERED_OK
VI	463	149	211	10554	1529	RENDERED_OK
VI	464	149	211	10908	1411	RENDERED_OK
VI	465	149	211	11794	1470	RENDERED_OK
VI	466	149	211	12511	1342	RENDERED_OK
VI	467	149	211	10419	1193	RENDERED_OK
VI	468	149	211	9770	1058	RENDERED_OK
VI	469	149	211	11715	1386	RENDERED_OK
VI	470	149	211	11090	1285	RENDERED_OK
VI	471	149	211	11020	1304	RENDERED_OK
VI	472	149	211	13519	1820	RENDERED_OK
VI	473	149	211	12175	1697	RENDERED_OK
VI	474	149	211	13531	1823	RENDERED_OK
VI	475	149	211	11946	1774	RENDERED_OK
VI	476	149	211	11584	1571	RENDERED_OK
VI	477	149	211	11083	1401	RENDERED_OK
VI	478	149	211	12242	1391	RENDERED_OK
VI	479	149	211	10158	1020	RENDERED_OK
VI	480	149	211	12091	1527	RENDERED_OK
VI	481	149	211	12080	1503	RENDERED_OK
VI	482	149	211	10982	1249	RENDERED_OK
VI	483	149	211	14170	1868	RENDERED_OK
VI	484	149	211	13978	1677	RENDERED_OK
VI	485	149	211	16342	2245	RENDERED_OK
VI	486	149	211	12087	1724	RENDERED_OK
VI	487	149	211	15760	2119	RENDERED_OK
VI	488	149	211	11266	1665	RENDERED_OK
VI	489	149	211	15200	2081	RENDERED_OK
VI	490	149	211	3035	291	RENDERED_OK
VI	491	149	211	11315	1419	RENDERED_OK
VI	492	149	211	9932	1098	RENDERED_OK
VI	493	149	211	10360	1229	RENDERED_OK
VI	494	149	211	8658	905	RENDERED_OK
VI	495	149	211	10384	1224	RENDERED_OK
VI	496	149	211	10111	1208	RENDERED_OK
VI	497	149	211	10887	1347	RENDERED_OK
VI	498	149	211	12140	1457	RENDERED_OK
VI	499	149	211	10103	1138	RENDERED_OK
VI	500	149	211	14923	2095	RENDERED_OK
VI	501	149	211	14420	1961	RENDERED_OK
VI	502	149	211	12911	1810	RENDERED_OK
VI	503	149	211	16140	2476	RENDERED_OK
VI	504	149	211	12469	1733	RENDERED_OK
VI	505	149	211	4995	572	RENDERED_OK
VI	506	149	211	11644	1477	RENDERED_OK
VI	507	149	211	11192	1293	RENDERED_OK
VI	508	149	211	12422	1537	RENDERED_OK
VI	509	149	211	11618	1355	RENDERED_OK
VI	510	149	211	10933	1285	RENDERED_OK
VI	511	149	211	9938	1164	RENDERED_OK
VI	512	149	211	12094	1552	RENDERED_OK
VI	513	149	211	11097	1219	RENDERED_OK
VI	514	149	211	13722	1839	RENDERED_OK
VI	515	149	211	15766	2181	RENDERED_OK
VI	516	149	211	13509	1909	RENDERED_OK
VI	517	149	211	15360	2149	RENDERED_OK
VI	518	149	211	10165	1401	RENDERED_OK
VI	519	149	211	15606	2257	RENDERED_OK
VI	520	149	211	5163	606	RENDERED_OK
VI	521	149	211	14407	1824	RENDERED_OK
VI	522	149	211	12314	1378	RENDERED_OK
VI	523	149	211	13414	1680	RENDERED_OK
VI	524	149	211	11964	1429	RENDERED_OK
VI	525	149	211	9923	1134	RENDERED_OK
VI	526	149	211	11838	1394	RENDERED_OK
VI	527	149	211	9116	967	RENDERED_OK
VI	528	149	211	12419	1518	RENDERED_OK
VI	529	149	211	11455	1389	RENDERED_OK
VI	530	149	211	15095	2025	RENDERED_OK
VI	531	149	211	15701	2053	RENDERED_OK
VI	532	149	211	15161	2199	RENDERED_OK
VI	533	149	211	17309	2356	RENDERED_OK
VI	534	149	211	8733	1126	RENDERED_OK
VI	535	149	211	1919	40	RENDERED_OK
VI	536	149	211	13110	1826	RENDERED_OK
VI	537	149	211	11637	1345	RENDERED_OK
VI	538	149	211	11473	1333	RENDERED_OK
VI	539	149	211	10438	1168	RENDERED_OK
VI	540	149	211	10969	1296	RENDERED_OK
VI	541	149	211	11433	1345	RENDERED_OK
VI	542	149	211	9924	1081	RENDERED_OK
VI	543	149	211	11651	1356	RENDERED_OK
VI	544	149	211	14157	1756	RENDERED_OK
VI	545	149	211	11511	1461	RENDERED_OK
VI	546	149	211	14504	1973	RENDERED_OK
VI	547	149	211	10518	1370	RENDERED_OK
VI	548	149	211	12173	1523	RENDERED_OK
VI	549	149	211	16801	2326	RENDERED_OK
VI	550	149	211	5425	620	RENDERED_OK
VI	551	149	211	13169	1808	RENDERED_OK
VI	552	149	211	11788	1379	RENDERED_OK
VI	553	149	211	11814	1386	RENDERED_OK
VI	554	149	211	13285	1691	RENDERED_OK
VI	555	149	211	14189	1878	RENDERED_OK
VI	556	149	211	14619	1881	RENDERED_OK
VI	557	149	211	11460	1388	RENDERED_OK
VI	558	149	211	11677	1459	RENDERED_OK
VI	559	149	211	10506	1228	RENDERED_OK
VI	560	149	211	12221	1546	RENDERED_OK
VI	561	149	211	12509	1716	RENDERED_OK
VI	562	149	211	13775	1905	RENDERED_OK
VI	563	149	211	13820	1941	RENDERED_OK
VI	564	149	211	13016	1684	RENDERED_OK
VI	565	149	211	10811	1282	RENDERED_OK
VI	566	149	211	11481	1373	RENDERED_OK
VI	567	149	211	12062	1428	RENDERED_OK
VI	568	149	211	12022	1510	RENDERED_OK
VI	569	149	211	11329	1341	RENDERED_OK
VI	570	149	211	9711	1086	RENDERED_OK
VI	571	149	211	9546	1038	RENDERED_OK
VI	572	149	211	10265	1194	RENDERED_OK
VI	573	149	211	11100	1340	RENDERED_OK
VI	574	149	211	9956	1168	RENDERED_OK
VI	575	149	211	12525	1556	RENDERED_OK
VI	576	149	211	12705	1654	RENDERED_OK
VI	577	149	211	12045	1738	RENDERED_OK
VI	578	149	211	16564	2374	RENDERED_OK
VI	579	149	211	6340	711	RENDERED_OK
VI	580	149	211	11921	1409	RENDERED_OK
VI	581	149	211	11019	1470	RENDERED_OK
VI	582	149	211	9921	1186	RENDERED_OK
VI	583	149	211	10326	1169	RENDERED_OK
VI	584	149	211	9092	993	RENDERED_OK
VI	585	149	211	9843	1050	RENDERED_OK
VI	586	149	211	13494	1745	RENDERED_OK
VI	587	149	211	10064	1293	RENDERED_OK
VI	588	149	211	10515	1293	RENDERED_OK
VI	589	149	211	9916	1043	RENDERED_OK
VI	590	149	211	10921	1348	RENDERED_OK
VI	591	149	211	10447	1279	RENDERED_OK
VI	592	149	211	10377	1160	RENDERED_OK
VI	593	149	211	12019	1732	RENDERED_OK
VI	594	149	211	15809	2137	RENDERED_OK
VI	595	149	211	8101	990	RENDERED_OK
VI	596	149	211	11202	1359	RENDERED_OK
VI	597	149	211	10907	1370	RENDERED_OK
VI	598	149	211	12459	1594	RENDERED_OK
VI	599	149	211	10571	1191	RENDERED_OK
VI	600	149	211	9060	971	RENDERED_OK
VI	601	149	211	11427	1394	RENDERED_OK
VI	602	149	211	8930	947	RENDERED_OK
VI	603	149	211	13708	1702	RENDERED_OK
VI	604	149	211	10397	1118	RENDERED_OK
VI	605	149	211	10247	1176	RENDERED_OK
VI	606	149	211	12693	1540	RENDERED_OK
VI	607	149	211	12111	1517	RENDERED_OK
VI	608	149	211	9494	987	RENDERED_OK
VI	609	149	211	13380	1819	RENDERED_OK
VI	610	149	211	16251	2287	RENDERED_OK
VI	611	149	211	6237	760	RENDERED_OK
VI	612	149	211	13524	1755	RENDERED_OK
VI	613	149	211	11608	1518	RENDERED_OK
VI	614	149	211	13805	1905	RENDERED_OK
VI	615	149	211	9634	1136	RENDERED_OK
VI	616	149	211	11583	1427	RENDERED_OK
VI	617	149	211	13744	1798	RENDERED_OK
VI	618	149	211	14930	1916	RENDERED_OK
VI	619	149	211	14925	2029	RENDERED_OK
VI	620	149	211	13533	1711	RENDERED_OK
VI	621	149	211	16219	2224	RENDERED_OK
VI	622	149	211	13545	1973	RENDERED_OK
VI	623	149	211	16698	2380	RENDERED_OK
VI	624	149	211	11058	1494	RENDERED_OK
VI	625	149	211	11445	1410	RENDERED_OK
VI	626	149	211	13034	1844	RENDERED_OK
VI	627	149	211	11828	1412	RENDERED_OK
VI	628	149	211	10910	1195	RENDERED_OK
VI	629	149	211	12072	1533	RENDERED_OK
VI	630	149	211	14892	1962	RENDERED_OK
VI	631	149	211	12421	1550	RENDERED_OK
VI	632	149	211	12299	1510	RENDERED_OK
VI	633	149	211	11496	1338	RENDERED_OK
VI	634	149	211	12596	1555	RENDERED_OK
VI	635	149	211	10556	1290	RENDERED_OK
VI	636	149	211	15678	2252	RENDERED_OK
VI	637	149	211	10923	1470	RENDERED_OK
VI	638	149	211	15006	2101	RENDERED_OK
VI	639	149	211	16292	2348	RENDERED_OK
VI	640	149	211	4306	485	RENDERED_OK
VI	641	149	211	1451	24	RENDERED_OK
VI	642	149	211	9098	1076	RENDERED_OK
VI	643	149	211	9263	950	RENDERED_OK
VI	644	149	211	12598	1593	RENDERED_OK
VI	645	149	211	11073	1268	RENDERED_OK
VI	646	149	211	11840	1444	RENDERED_OK
VI	647	149	211	13033	1778	RENDERED_OK
VI	648	149	211	11501	1713	RENDERED_OK
VI	649	149	211	8955	1138	RENDERED_OK
VI	650	149	211	10467	1259	RENDERED_OK
VI	651	149	211	9690	1070	RENDERED_OK
VI	652	149	211	10504	1133	RENDERED_OK
VI	653	149	211	9108	871	RENDERED_OK
VI	654	149	211	13582	1783	RENDERED_OK
VI	655	149	211	10262	1188	RENDERED_OK
VI	656	149	211	11525	1441	RENDERED_OK
VI	657	149	211	12475	1864	RENDERED_OK
VI	658	149	211	12433	1712	RENDERED_OK
VI	659	149	211	3262	335	RENDERED_OK
VI	660	149	211	11821	1423	RENDERED_OK
VI	661	149	211	10486	1268	RENDERED_OK
VI	662	149	211	9788	1120	RENDERED_OK
VI	663	149	211	12001	1585	RENDERED_OK
VI	664	149	211	14699	1919	RENDERED_OK
VI	665	149	211	12412	1553	RENDERED_OK
VI	666	149	211	14422	1890	RENDERED_OK
VI	667	149	211	11827	1802	RENDERED_OK
VI	668	149	211	15977	2280	RENDERED_OK
VI	669	149	211	11487	1462	RENDERED_OK
VI	670	149	211	11902	1486	RENDERED_OK
VI	671	149	211	11657	1492	RENDERED_OK
VI	672	149	211	12261	1573	RENDERED_OK
VI	673	149	211	9580	1053	RENDERED_OK
VI	674	149	211	12567	1571	RENDERED_OK
VI	675	149	211	12868	1677	RENDERED_OK
VI	676	149	211	12945	1829	RENDERED_OK
VI	677	149	211	8468	1095	RENDERED_OK
VII	1	149	211	1507	73	RENDERED_OK
VII	2	149	211	425	0	LOW_TEXT_REVIEW
VII	3	149	211	7288	1845	RENDERED_OK
VII	4	149	211	7677	2319	RENDERED_OK
VII	5	149	211	9290	2548	RENDERED_OK
VII	6	149	211	8930	2454	RENDERED_OK
VII	7	149	211	9588	2649	RENDERED_OK
VII	8	149	211	7926	2425	RENDERED_OK
VII	9	149	211	9062	2606	RENDERED_OK
VII	10	149	211	8082	2473	RENDERED_OK
VII	11	149	211	8895	2501	RENDERED_OK
VII	12	149	211	8722	2651	RENDERED_OK
VII	13	149	211	11238	2627	RENDERED_OK
VII	14	149	211	10272	2674	RENDERED_OK
VII	15	149	211	7875	1934	RENDERED_OK
VII	16	149	211	553	11	LOW_TEXT_REVIEW
VII	17	149	211	1340	21	RENDERED_OK
VII	18	149	211	10976	1377	RENDERED_OK
VII	19	149	211	14828	1998	RENDERED_OK
VII	20	149	211	16176	2163	RENDERED_OK
VII	21	149	211	11551	1580	RENDERED_OK
VII	22	149	211	11725	1842	RENDERED_OK
VII	23	149	211	11110	1703	RENDERED_OK
VII	24	149	211	16192	2277	RENDERED_OK
VII	25	149	211	16217	2311	RENDERED_OK
VII	26	149	211	18076	2716	RENDERED_OK
VII	27	149	211	7485	952	RENDERED_OK
VII	28	149	211	10012	1116	RENDERED_OK
VII	29	149	211	13001	1648	RENDERED_OK
VII	30	149	211	11797	1730	RENDERED_OK
VII	31	149	211	11279	1649	RENDERED_OK
VII	32	149	211	12656	1889	RENDERED_OK
VII	33	149	211	13177	1921	RENDERED_OK
VII	34	149	211	6858	850	RENDERED_OK
VII	35	149	211	10108	1073	RENDERED_OK
VII	36	149	211	10064	1256	RENDERED_OK
VII	37	149	211	9709	1522	RENDERED_OK
VII	38	149	211	9677	1513	RENDERED_OK
VII	39	149	211	13326	1896	RENDERED_OK
VII	40	149	211	12338	1706	RENDERED_OK
VII	41	149	211	8831	980	RENDERED_OK
VII	42	149	211	12370	1524	RENDERED_OK
VII	43	149	211	11629	1326	RENDERED_OK
VII	44	149	211	8775	1388	RENDERED_OK
VII	45	149	211	8135	1212	RENDERED_OK
VII	46	149	211	13192	1912	RENDERED_OK
VII	47	149	211	13418	1862	RENDERED_OK
VII	48	149	211	4372	473	RENDERED_OK
VII	49	149	211	7890	805	RENDERED_OK
VII	50	149	211	10735	1296	RENDERED_OK
VII	51	149	211	10617	1230	RENDERED_OK
VII	52	149	211	8662	1280	RENDERED_OK
VII	53	149	211	8568	1293	RENDERED_OK
VII	54	149	211	12585	1749	RENDERED_OK
VII	55	149	211	13746	1953	RENDERED_OK
VII	56	149	211	6433	772	RENDERED_OK
VII	57	149	211	12099	1393	RENDERED_OK
VII	58	149	211	13049	1552	RENDERED_OK
VII	59	149	211	10504	1195	RENDERED_OK
VII	60	149	211	10204	1410	RENDERED_OK
VII	61	149	211	9837	1429	RENDERED_OK
VII	62	149	211	12051	1632	RENDERED_OK
VII	63	149	211	13818	1965	RENDERED_OK
VII	64	149	211	12433	1555	RENDERED_OK
VII	65	149	211	1385	23	RENDERED_OK
VII	66	149	211	10996	1270	RENDERED_OK
VII	67	149	211	13846	1748	RENDERED_OK
VII	68	149	211	12780	1642	RENDERED_OK
VII	69	149	211	10749	1592	RENDERED_OK
VII	70	149	211	10564	1560	RENDERED_OK
VII	71	149	211	15111	2145	RENDERED_OK
VII	72	149	211	16147	2305	RENDERED_OK
VII	73	149	211	10664	1404	RENDERED_OK
VII	74	149	211	11463	1283	RENDERED_OK
VII	75	149	211	12881	1596	RENDERED_OK
VII	76	149	211	13626	1865	RENDERED_OK
VII	77	149	211	9988	1544	RENDERED_OK
VII	78	149	211	10860	1542	RENDERED_OK
VII	79	149	211	13618	1985	RENDERED_OK
VII	80	149	211	14972	2146	RENDERED_OK
VII	81	149	211	10346	1394	RENDERED_OK
VII	82	149	211	9103	936	RENDERED_OK
VII	83	149	211	11159	1297	RENDERED_OK
VII	84	149	211	11919	1531	RENDERED_OK
VII	85	149	211	9122	1333	RENDERED_OK
VII	86	149	211	8411	1248	RENDERED_OK
VII	87	149	211	14271	1983	RENDERED_OK
VII	88	149	211	16156	2317	RENDERED_OK
VII	89	149	211	7674	963	RENDERED_OK
VII	90	149	211	13151	1724	RENDERED_OK
VII	91	149	211	15665	2135	RENDERED_OK
VII	92	149	211	12758	1547	RENDERED_OK
VII	93	149	211	11646	1740	RENDERED_OK
VII	94	149	211	11982	1802	RENDERED_OK
VII	95	149	211	13073	1868	RENDERED_OK
VII	96	149	211	15996	2397	RENDERED_OK
VII	97	149	211	15916	2307	RENDERED_OK
VII	98	149	211	2529	232	RENDERED_OK
VII	99	149	211	10359	1215	RENDERED_OK
VII	100	149	211	10621	1187	RENDERED_OK
VII	101	149	211	12202	1467	RENDERED_OK
VII	102	149	211	9899	1364	RENDERED_OK
VII	103	149	211	12009	1674	RENDERED_OK
VII	104	149	211	12926	1768	RENDERED_OK
VII	105	149	211	14140	2031	RENDERED_OK
VII	106	149	211	12740	1687	RENDERED_OK
VII	107	149	211	1438	26	RENDERED_OK
VII	108	149	211	10862	1281	RENDERED_OK
VII	109	149	211	8720	1048	RENDERED_OK
VII	110	149	211	12855	1532	RENDERED_OK
VII	111	149	211	10328	1417	RENDERED_OK
VII	112	149	211	9659	1413	RENDERED_OK
VII	113	149	211	10225	1453	RENDERED_OK
VII	114	149	211	14980	2134	RENDERED_OK
VII	115	149	211	15703	2269	RENDERED_OK
VII	116	149	211	9500	1000	RENDERED_OK
VII	117	149	211	12275	1479	RENDERED_OK
VII	118	149	211	12429	1607	RENDERED_OK
VII	119	149	211	8454	1238	RENDERED_OK
VII	120	149	211	10140	1570	RENDERED_OK
VII	121	149	211	13817	1927	RENDERED_OK
VII	122	149	211	16021	2306	RENDERED_OK
VII	123	149	211	7149	908	RENDERED_OK
VII	124	149	211	11179	1297	RENDERED_OK
VII	125	149	211	12228	1517	RENDERED_OK
VII	126	149	211	11980	1498	RENDERED_OK
VII	127	149	211	9687	1353	RENDERED_OK
VII	128	149	211	10275	1516	RENDERED_OK
VII	129	149	211	12756	1807	RENDERED_OK
VII	130	149	211	13805	1972	RENDERED_OK
VII	131	149	211	13318	1874	RENDERED_OK
VII	132	149	211	9525	965	RENDERED_OK
VII	133	149	211	11351	1382	RENDERED_OK
VII	134	149	211	10093	1172	RENDERED_OK
VII	135	149	211	9950	1363	RENDERED_OK
VII	136	149	211	10131	1478	RENDERED_OK
VII	137	149	211	10261	1468	RENDERED_OK
VII	138	149	211	14725	2076	RENDERED_OK
VII	139	149	211	16473	2350	RENDERED_OK
VII	140	149	211	2883	275	RENDERED_OK
VII	141	149	211	10894	1155	RENDERED_OK
VII	142	149	211	10148	1141	RENDERED_OK
VII	143	149	211	12332	1607	RENDERED_OK
VII	144	149	211	10193	1475	RENDERED_OK
VII	145	149	211	11396	1713	RENDERED_OK
VII	146	149	211	13900	1982	RENDERED_OK
VII	147	149	211	13256	1805	RENDERED_OK
VII	148	149	211	9302	939	RENDERED_OK
VII	149	149	211	9054	1040	RENDERED_OK
VII	150	149	211	11459	1445	RENDERED_OK
VII	151	149	211	7463	1191	RENDERED_OK
VII	152	149	211	9687	1479	RENDERED_OK
VII	153	149	211	13375	1897	RENDERED_OK
VII	154	149	211	11630	1467	RENDERED_OK
VII	155	149	211	8510	889	RENDERED_OK
VII	156	149	211	11952	1505	RENDERED_OK
VII	157	149	211	11330	1470	RENDERED_OK
VII	158	149	211	9775	1504	RENDERED_OK
VII	159	149	211	9251	1439	RENDERED_OK
VII	160	149	211	13367	1915	RENDERED_OK
VII	161	149	211	16131	2364	RENDERED_OK
VII	162	149	211	3538	354	RENDERED_OK
VII	163	149	211	9244	1013	RENDERED_OK
VII	164	149	211	10909	1285	RENDERED_OK
VII	165	149	211	12284	1526	RENDERED_OK
VII	166	149	211	8512	1246	RENDERED_OK
VII	167	149	211	10391	1519	RENDERED_OK
VII	168	149	211	11826	1607	RENDERED_OK
VII	169	149	211	13942	2010	RENDERED_OK
VII	170	149	211	8893	1116	RENDERED_OK
VII	171	149	211	1480	27	RENDERED_OK
VII	172	149	211	8509	894	RENDERED_OK
VII	173	149	211	11294	1345	RENDERED_OK
VII	174	149	211	9425	1086	RENDERED_OK
VII	175	149	211	9247	1327	RENDERED_OK
VII	176	149	211	8376	1271	RENDERED_OK
VII	177	149	211	10579	1490	RENDERED_OK
VII	178	149	211	13418	1875	RENDERED_OK
VII	179	149	211	7703	1013	RENDERED_OK
VII	180	149	211	9993	1141	RENDERED_OK
VII	181	149	211	9702	1126	RENDERED_OK
VII	182	149	211	10913	1338	RENDERED_OK
VII	183	149	211	8813	1215	RENDERED_OK
VII	184	149	211	8178	1170	RENDERED_OK
VII	185	149	211	10997	1553	RENDERED_OK
VII	186	149	211	12810	1818	RENDERED_OK
VII	187	149	211	12053	1614	RENDERED_OK
VII	188	149	211	8953	916	RENDERED_OK
VII	189	149	211	11844	1451	RENDERED_OK
VII	190	149	211	9650	1142	RENDERED_OK
VII	191	149	211	10005	1414	RENDERED_OK
VII	192	149	211	9526	1420	RENDERED_OK
VII	193	149	211	11947	1724	RENDERED_OK
VII	194	149	211	13460	1888	RENDERED_OK
VII	195	149	211	10660	1410	RENDERED_OK
VII	196	149	211	7853	826	RENDERED_OK
VII	197	149	211	11704	1368	RENDERED_OK
VII	198	149	211	11654	1528	RENDERED_OK
VII	199	149	211	9630	1381	RENDERED_OK
VII	200	149	211	8313	1277	RENDERED_OK
VII	201	149	211	11233	1612	RENDERED_OK
VII	202	149	211	14558	2118	RENDERED_OK
VII	203	149	211	8352	1122	RENDERED_OK
VII	204	149	211	9455	1009	RENDERED_OK
VII	205	149	211	10854	1303	RENDERED_OK
VII	206	149	211	13682	1810	RENDERED_OK
VII	207	149	211	9306	1346	RENDERED_OK
VII	208	149	211	9286	1385	RENDERED_OK
VII	209	149	211	10512	1522	RENDERED_OK
VII	210	149	211	14297	2172	RENDERED_OK
VII	211	149	211	12272	1667	RENDERED_OK
VII	212	149	211	11842	1456	RENDERED_OK
VII	213	149	211	13111	1676	RENDERED_OK
VII	214	149	211	14092	1814	RENDERED_OK
VII	215	149	211	14090	1818	RENDERED_OK
VII	216	149	211	9296	1387	RENDERED_OK
VII	217	149	211	11274	1682	RENDERED_OK
VII	218	149	211	11147	1548	RENDERED_OK
VII	219	149	211	16167	2451	RENDERED_OK
VII	220	149	211	13205	1870	RENDERED_OK
VII	221	149	211	10053	1125	RENDERED_OK
VII	222	149	211	11289	1355	RENDERED_OK
VII	223	149	211	11780	1410	RENDERED_OK
VII	224	149	211	9238	1329	RENDERED_OK
VII	225	149	211	8588	1319	RENDERED_OK
VII	226	149	211	12410	1788	RENDERED_OK
VII	227	149	211	14590	2089	RENDERED_OK
VII	228	149	211	8183	1055	RENDERED_OK
VII	229	149	211	7564	772	RENDERED_OK
VII	230	149	211	9352	1095	RENDERED_OK
VII	231	149	211	9690	1197	RENDERED_OK
VII	232	149	211	7935	1211	RENDERED_OK
VII	233	149	211	6880	1110	RENDERED_OK
VII	234	149	211	11331	1632	RENDERED_OK
VII	235	149	211	14499	2143	RENDERED_OK
VII	236	149	211	3836	415	RENDERED_OK
VII	237	149	211	8347	856	RENDERED_OK
VII	238	149	211	10111	1176	RENDERED_OK
VII	239	149	211	11957	1461	RENDERED_OK
VII	240	149	211	9077	1335	RENDERED_OK
VII	241	149	211	8719	1316	RENDERED_OK
VII	242	149	211	12010	1707	RENDERED_OK
VII	243	149	211	15009	2122	RENDERED_OK
VII	244	149	211	8008	1030	RENDERED_OK
VII	245	149	211	1423	26	RENDERED_OK
VII	246	149	211	10646	1224	RENDERED_OK
VII	247	149	211	10191	1212	RENDERED_OK
VII	248	149	211	11353	1365	RENDERED_OK
VII	249	149	211	9125	1270	RENDERED_OK
VII	250	149	211	8291	1241	RENDERED_OK
VII	251	149	211	11300	1566	RENDERED_OK
VII	252	149	211	14974	2141	RENDERED_OK
VII	253	149	211	11714	1565	RENDERED_OK
VII	254	149	211	10517	1158	RENDERED_OK
VII	255	149	211	9800	1287	RENDERED_OK
VII	256	149	211	10173	1230	RENDERED_OK
VII	257	149	211	10804	1529	RENDERED_OK
VII	258	149	211	7564	1304	RENDERED_OK
VII	259	149	211	11781	1665	RENDERED_OK
VII	260	149	211	14932	2166	RENDERED_OK
VII	261	149	211	12497	1741	RENDERED_OK
VII	262	149	211	1576	27	RENDERED_OK
VII	263	149	211	10545	1161	RENDERED_OK
VII	264	149	211	8294	915	RENDERED_OK
VII	265	149	211	11988	1445	RENDERED_OK
VII	266	149	211	10778	1482	RENDERED_OK
VII	267	149	211	8110	1199	RENDERED_OK
VII	268	149	211	7204	1035	RENDERED_OK
VII	269	149	211	13789	1920	RENDERED_OK
VII	270	149	211	14567	2064	RENDERED_OK
VII	271	149	211	7912	769	RENDERED_OK
VII	272	149	211	8969	959	RENDERED_OK
VII	273	149	211	7924	844	RENDERED_OK
VII	274	149	211	8810	1062	RENDERED_OK
VII	275	149	211	7430	1133	RENDERED_OK
VII	276	149	211	8950	1299	RENDERED_OK
VII	277	149	211	13154	1845	RENDERED_OK
VII	278	149	211	10078	1287	RENDERED_OK
VII	279	149	211	7974	707	RENDERED_OK
VII	280	149	211	8061	894	RENDERED_OK
VII	281	149	211	10463	1236	RENDERED_OK
VII	282	149	211	9233	1282	RENDERED_OK
VII	283	149	211	7481	1110	RENDERED_OK
VII	284	149	211	10336	1508	RENDERED_OK
VII	285	149	211	14092	2009	RENDERED_OK
VII	286	149	211	8631	1116	RENDERED_OK
VII	287	149	211	8941	905	RENDERED_OK
VII	288	149	211	10088	1228	RENDERED_OK
VII	289	149	211	11677	1400	RENDERED_OK
VII	290	149	211	6680	1057	RENDERED_OK
VII	291	149	211	7376	1155	RENDERED_OK
VII	292	149	211	11287	1573	RENDERED_OK
VII	293	149	211	14786	2170	RENDERED_OK
VII	294	149	211	6344	756	RENDERED_OK
VII	295	149	211	11521	1343	RENDERED_OK
VII	296	149	211	12953	1546	RENDERED_OK
VII	297	149	211	12599	1627	RENDERED_OK
VII	298	149	211	9462	1448	RENDERED_OK
VII	299	149	211	9294	1350	RENDERED_OK
VII	300	149	211	15672	2163	RENDERED_OK
VII	301	149	211	16931	2424	RENDERED_OK
VII	302	149	211	3544	351	RENDERED_OK
VII	303	149	211	10112	993	RENDERED_OK
VII	304	149	211	10068	1134	RENDERED_OK
VII	305	149	211	11158	1380	RENDERED_OK
VII	306	149	211	9025	1368	RENDERED_OK
VII	307	149	211	9242	1371	RENDERED_OK
VII	308	149	211	12099	1570	RENDERED_OK
VII	309	149	211	16776	2429	RENDERED_OK
VII	310	149	211	3757	390	RENDERED_OK
VII	311	149	211	11506	1203	RENDERED_OK
VII	312	149	211	13600	1657	RENDERED_OK
VII	313	149	211	13281	1794	RENDERED_OK
VII	314	149	211	9251	1446	RENDERED_OK
VII	315	149	211	8655	1309	RENDERED_OK
VII	316	149	211	16402	2252	RENDERED_OK
VII	317	149	211	17559	2594	RENDERED_OK
VII	318	149	211	4561	524	RENDERED_OK
VII	319	149	211	1621	31	RENDERED_OK
VII	320	149	211	12708	1518	RENDERED_OK
VII	321	149	211	14835	1981	RENDERED_OK
VII	322	149	211	15349	2072	RENDERED_OK
VII	323	149	211	11896	1648	RENDERED_OK
VII	324	149	211	10355	1500	RENDERED_OK
VII	325	149	211	11125	1658	RENDERED_OK
VII	326	149	211	17776	2656	RENDERED_OK
VII	327	149	211	18798	2819	RENDERED_OK
VII	328	149	211	10204	1388	RENDERED_OK
VII	329	149	211	10682	1155	RENDERED_OK
VII	330	149	211	11573	1410	RENDERED_OK
VII	331	149	211	14733	1958	RENDERED_OK
VII	332	149	211	13575	1857	RENDERED_OK
VII	333	149	211	10141	1476	RENDERED_OK
VII	334	149	211	11865	1740	RENDERED_OK
VII	335	149	211	15003	2133	RENDERED_OK
VII	336	149	211	17008	2437	RENDERED_OK
VII	337	149	211	14827	2182	RENDERED_OK
VII	338	149	211	11145	1279	RENDERED_OK
VII	339	149	211	11324	1392	RENDERED_OK
VII	340	149	211	14523	1948	RENDERED_OK
VII	341	149	211	11006	1437	RENDERED_OK
VII	342	149	211	9579	1408	RENDERED_OK
VII	343	149	211	11421	1688	RENDERED_OK
VII	344	149	211	15434	2168	RENDERED_OK
VII	345	149	211	16782	2388	RENDERED_OK
VII	346	149	211	8514	1107	RENDERED_OK
VII	347	149	211	11159	1263	RENDERED_OK
VII	348	149	211	10690	1248	RENDERED_OK
VII	349	149	211	11956	1499	RENDERED_OK
VII	350	149	211	14016	1869	RENDERED_OK
VII	351	149	211	12782	1669	RENDERED_OK
VII	352	149	211	8718	1259	RENDERED_OK
VII	353	149	211	10148	1414	RENDERED_OK
VII	354	149	211	14335	2030	RENDERED_OK
VII	355	149	211	15986	2281	RENDERED_OK
VII	356	149	211	17344	2546	RENDERED_OK
VII	357	149	211	12088	1407	RENDERED_OK
VII	358	149	211	12574	1678	RENDERED_OK
VII	359	149	211	15520	2107	RENDERED_OK
VII	360	149	211	17062	2395	RENDERED_OK
VII	361	149	211	12198	1667	RENDERED_OK
VII	362	149	211	9497	1451	RENDERED_OK
VII	363	149	211	11951	1751	RENDERED_OK
VII	364	149	211	15432	2199	RENDERED_OK
VII	365	149	211	16792	2521	RENDERED_OK
VII	366	149	211	17045	2504	RENDERED_OK
VII	367	149	211	7840	1018	RENDERED_OK
VIII	1	149	211	1183	47	RENDERED_OK
VIII	2	149	211	425	0	LOW_TEXT_REVIEW
VIII	3	149	211	8197	1959	RENDERED_OK
VIII	4	149	211	9195	2498	RENDERED_OK
VIII	5	149	211	8964	2510	RENDERED_OK
VIII	6	149	211	9684	2515	RENDERED_OK
VIII	7	149	211	10018	2733	RENDERED_OK
VIII	8	149	211	8216	2519	RENDERED_OK
VIII	9	149	211	8847	2653	RENDERED_OK
VIII	10	149	211	9558	2724	RENDERED_OK
VIII	11	149	211	9472	2743	RENDERED_OK
VIII	12	149	211	9057	2611	RENDERED_OK
VIII	13	149	211	9373	2752	RENDERED_OK
VIII	14	149	211	8394	2714	RENDERED_OK
VIII	15	149	211	8716	2554	RENDERED_OK
VIII	16	149	211	8847	2687	RENDERED_OK
VIII	17	149	211	9311	2682	RENDERED_OK
VIII	18	149	211	9245	2693	RENDERED_OK
VIII	19	149	211	2680	538	RENDERED_OK
VIII	20	149	211	566	13	LOW_TEXT_REVIEW
VIII	21	149	211	1056	14	LOW_TEXT_REVIEW
VIII	22	149	211	10772	1151	RENDERED_OK
VIII	23	149	211	10783	1244	RENDERED_OK
VIII	24	149	211	12436	1492	RENDERED_OK
VIII	25	149	211	13565	1575	RENDERED_OK
VIII	26	149	211	8231	1177	RENDERED_OK
VIII	27	149	211	10848	1507	RENDERED_OK
VIII	28	149	211	12422	1687	RENDERED_OK
VIII	29	149	211	12985	1664	RENDERED_OK
VIII	30	149	211	10529	1110	RENDERED_OK
VIII	31	149	211	9947	1184	RENDERED_OK
VIII	32	149	211	10077	1114	RENDERED_OK
VIII	33	149	211	13965	1737	RENDERED_OK
VIII	34	149	211	8755	1267	RENDERED_OK
VIII	35	149	211	9386	1355	RENDERED_OK
VIII	36	149	211	11559	1560	RENDERED_OK
VIII	37	149	211	12849	1791	RENDERED_OK
VIII	38	149	211	10922	1203	RENDERED_OK
VIII	39	149	211	11249	1355	RENDERED_OK
VIII	40	149	211	10610	1203	RENDERED_OK
VIII	41	149	211	11566	1357	RENDERED_OK
VIII	42	149	211	7890	1093	RENDERED_OK
VIII	43	149	211	7452	1173	RENDERED_OK
VIII	44	149	211	11144	1560	RENDERED_OK
VIII	45	149	211	10483	1386	RENDERED_OK
VIII	46	149	211	10192	1016	RENDERED_OK
VIII	47	149	211	10701	1226	RENDERED_OK
VIII	48	149	211	7640	919	RENDERED_OK
VIII	49	149	211	7471	1056	RENDERED_OK
VIII	50	149	211	6006	837	RENDERED_OK
VIII	51	149	211	13738	1938	RENDERED_OK
VIII	52	149	211	10426	1417	RENDERED_OK
VIII	53	149	211	1335	19	LOW_TEXT_REVIEW
VIII	54	149	211	9366	976	RENDERED_OK
VIII	55	149	211	9927	1144	RENDERED_OK
VIII	56	149	211	10679	1182	RENDERED_OK
VIII	57	149	211	9229	1193	RENDERED_OK
VIII	58	149	211	6589	986	RENDERED_OK
VIII	59	149	211	8994	1244	RENDERED_OK
VIII	60	149	211	13045	1879	RENDERED_OK
VIII	61	149	211	14018	1969	RENDERED_OK
VIII	62	149	211	9537	1042	RENDERED_OK
VIII	63	149	211	12159	1530	RENDERED_OK
VIII	64	149	211	10322	1144	RENDERED_OK
VIII	65	149	211	8613	1150	RENDERED_OK
VIII	66	149	211	6989	1058	RENDERED_OK
VIII	67	149	211	9473	1302	RENDERED_OK
VIII	68	149	211	13245	1966	RENDERED_OK
VIII	69	149	211	6430	800	RENDERED_OK
VIII	70	149	211	9619	1048	RENDERED_OK
VIII	71	149	211	8392	938	RENDERED_OK
VIII	72	149	211	9230	966	RENDERED_OK
VIII	73	149	211	10470	1268	RENDERED_OK
VIII	74	149	211	6601	953	RENDERED_OK
VIII	75	149	211	8820	1241	RENDERED_OK
VIII	76	149	211	13781	1919	RENDERED_OK
VIII	77	149	211	12522	1686	RENDERED_OK
VIII	78	149	211	8097	769	RENDERED_OK
VIII	79	149	211	10824	1198	RENDERED_OK
VIII	80	149	211	11318	1349	RENDERED_OK
VIII	81	149	211	11946	1420	RENDERED_OK
VIII	82	149	211	10284	1428	RENDERED_OK
VIII	83	149	211	10581	1511	RENDERED_OK
VIII	84	149	211	11785	1626	RENDERED_OK
VIII	85	149	211	15856	2317	RENDERED_OK
VIII	86	149	211	12415	1715	RENDERED_OK
VIII	87	149	211	1882	38	RENDERED_OK
VIII	88	149	211	8031	775	RENDERED_OK
VIII	89	149	211	8261	893	RENDERED_OK
VIII	90	149	211	8374	881	RENDERED_OK
VIII	91	149	211	8989	965	RENDERED_OK
VIII	92	149	211	9387	1127	RENDERED_OK
VIII	93	149	211	7745	1154	RENDERED_OK
VIII	94	149	211	7428	1050	RENDERED_OK
VIII	95	149	211	13947	1973	RENDERED_OK
VIII	96	149	211	14974	2119	RENDERED_OK
VIII	97	149	211	6679	828	RENDERED_OK
VIII	98	149	211	8898	940	RENDERED_OK
VIII	99	149	211	8950	994	RENDERED_OK
VIII	100	149	211	9817	1160	RENDERED_OK
VIII	101	149	211	9836	1132	RENDERED_OK
VIII	102	149	211	9012	1295	RENDERED_OK
VIII	103	149	211	7713	1145	RENDERED_OK
VIII	104	149	211	11199	1543	RENDERED_OK
VIII	105	149	211	14778	2136	RENDERED_OK
VIII	106	149	211	13977	2013	RENDERED_OK
VIII	107	149	211	7270	716	RENDERED_OK
VIII	108	149	211	8170	884	RENDERED_OK
VIII	109	149	211	9606	1060	RENDERED_OK
VIII	110	149	211	7363	773	RENDERED_OK
VIII	111	149	211	10802	1322	RENDERED_OK
VIII	112	149	211	8926	1408	RENDERED_OK
VIII	113	149	211	8955	1433	RENDERED_OK
VIII	114	149	211	13352	1896	RENDERED_OK
VIII	115	149	211	14174	2055	RENDERED_OK
VIII	116	149	211	9001	883	RENDERED_OK
VIII	117	149	211	7587	839	RENDERED_OK
VIII	118	149	211	10864	1259	RENDERED_OK
VIII	119	149	211	9723	1080	RENDERED_OK
VIII	120	149	211	9859	1213	RENDERED_OK
VIII	121	149	211	6713	1021	RENDERED_OK
VIII	122	149	211	7921	1104	RENDERED_OK
VIII	123	149	211	13812	1976	RENDERED_OK
VIII	124	149	211	14896	2165	RENDERED_OK
VIII	125	149	211	6746	830	RENDERED_OK
VIII	126	149	211	7418	694	RENDERED_OK
VIII	127	149	211	8496	901	RENDERED_OK
VIII	128	149	211	9195	969	RENDERED_OK
VIII	129	149	211	9327	1146	RENDERED_OK
VIII	130	149	211	6966	986	RENDERED_OK
VIII	131	149	211	6388	939	RENDERED_OK
VIII	132	149	211	14027	1929	RENDERED_OK
VIII	133	149	211	12253	1735	RENDERED_OK
VIII	134	149	211	9701	971	RENDERED_OK
VIII	135	149	211	8775	931	RENDERED_OK
VIII	136	149	211	11421	1354	RENDERED_OK
VIII	137	149	211	10019	1135	RENDERED_OK
VIII	138	149	211	8670	1202	RENDERED_OK
VIII	139	149	211	7491	1144	RENDERED_OK
VIII	140	149	211	10259	1427	RENDERED_OK
VIII	141	149	211	12874	1834	RENDERED_OK
VIII	142	149	211	6028	708	RENDERED_OK
VIII	143	149	211	1145	17	LOW_TEXT_REVIEW
VIII	144	149	211	9320	1036	RENDERED_OK
VIII	145	149	211	10181	1300	RENDERED_OK
VIII	146	149	211	9216	1115	RENDERED_OK
VIII	147	149	211	9100	1054	RENDERED_OK
VIII	148	149	211	10274	1309	RENDERED_OK
VIII	149	149	211	7592	1179	RENDERED_OK
VIII	150	149	211	9216	1362	RENDERED_OK
VIII	151	149	211	13586	1956	RENDERED_OK
VIII	152	149	211	14433	2097	RENDERED_OK
VIII	153	149	211	4181	434	RENDERED_OK
VIII	154	149	211	8435	896	RENDERED_OK
VIII	155	149	211	7060	726	RENDERED_OK
VIII	156	149	211	7703	804	RENDERED_OK
VIII	157	149	211	8775	931	RENDERED_OK
VIII	158	149	211	9669	1084	RENDERED_OK
VIII	159	149	211	6113	857	RENDERED_OK
VIII	160	149	211	7583	1112	RENDERED_OK
VIII	161	149	211	11064	1515	RENDERED_OK
VIII	162	149	211	12582	1709	RENDERED_OK
VIII	163	149	211	6408	797	RENDERED_OK
VIII	164	149	211	9261	963	RENDERED_OK
VIII	165	149	211	7513	811	RENDERED_OK
VIII	166	149	211	7840	841	RENDERED_OK
VIII	167	149	211	10053	1133	RENDERED_OK
VIII	168	149	211	10465	1340	RENDERED_OK
VIII	169	149	211	7105	1045	RENDERED_OK
VIII	170	149	211	6458	849	RENDERED_OK
VIII	171	149	211	12964	1916	RENDERED_OK
VIII	172	149	211	14514	2083	RENDERED_OK
VIII	173	149	211	2247	200	RENDERED_OK
VIII	174	149	211	8784	885	RENDERED_OK
VIII	175	149	211	8295	867	RENDERED_OK
VIII	176	149	211	6969	704	RENDERED_OK
VIII	177	149	211	9303	1058	RENDERED_OK
VIII	178	149	211	10853	1294	RENDERED_OK
VIII	179	149	211	7064	1064	RENDERED_OK
VIII	180	149	211	7013	1009	RENDERED_OK
VIII	181	149	211	11518	1694	RENDERED_OK
VIII	182	149	211	12988	1881	RENDERED_OK
VIII	183	149	211	7243	913	RENDERED_OK
VIII	184	149	211	9378	955	RENDERED_OK
VIII	185	149	211	9492	1064	RENDERED_OK
VIII	186	149	211	9512	1084	RENDERED_OK
VIII	187	149	211	8925	957	RENDERED_OK
VIII	188	149	211	9890	1305	RENDERED_OK
VIII	189	149	211	8040	1171	RENDERED_OK
VIII	190	149	211	6965	928	RENDERED_OK
VIII	191	149	211	13422	1817	RENDERED_OK
VIII	192	149	211	13863	1984	RENDERED_OK
VIII	193	149	211	3993	429	RENDERED_OK
VIII	194	149	211	8234	779	RENDERED_OK
VIII	195	149	211	7997	839	RENDERED_OK
VIII	196	149	211	7573	792	RENDERED_OK
VIII	197	149	211	8895	960	RENDERED_OK
VIII	198	149	211	10572	1248	RENDERED_OK
VIII	199	149	211	7476	1072	RENDERED_OK
VIII	200	149	211	7915	1194	RENDERED_OK
VIII	201	149	211	11996	1584	RENDERED_OK
VIII	202	149	211	13800	1876	RENDERED_OK
VIII	203	149	211	5841	712	RENDERED_OK
VIII	204	149	211	7627	782	RENDERED_OK
VIII	205	149	211	6323	591	RENDERED_OK
VIII	206	149	211	7328	790	RENDERED_OK
VIII	207	149	211	8443	871	RENDERED_OK
VIII	208	149	211	8086	924	RENDERED_OK
VIII	209	149	211	8957	1105	RENDERED_OK
VIII	210	149	211	6761	968	RENDERED_OK
VIII	211	149	211	6415	866	RENDERED_OK
VIII	212	149	211	10695	1549	RENDERED_OK
VIII	213	149	211	12905	1837	RENDERED_OK
VIII	214	149	211	1580	28	RENDERED_OK
VIII	215	149	211	7473	674	RENDERED_OK
VIII	216	149	211	8345	829	RENDERED_OK
VIII	217	149	211	10562	1207	RENDERED_OK
VIII	218	149	211	7710	1111	RENDERED_OK
VIII	219	149	211	6056	1298	RENDERED_OK
VIII	220	149	211	5462	1108	RENDERED_OK
VIII	221	149	211	12432	1694	RENDERED_OK
VIII	222	149	211	13426	1981	RENDERED_OK
VIII	223	149	211	1994	166	RENDERED_OK
VIII	224	149	211	7476	721	RENDERED_OK
VIII	225	149	211	10347	1214	RENDERED_OK
VIII	226	149	211	10831	1315	RENDERED_OK
VIII	227	149	211	9087	1164	RENDERED_OK
VIII	228	149	211	5591	1135	RENDERED_OK
VIII	229	149	211	5199	1115	RENDERED_OK
VIII	230	149	211	12435	1764	RENDERED_OK
VIII	231	149	211	12917	1856	RENDERED_OK
VIII	232	149	211	2718	272	RENDERED_OK
VIII	233	149	211	6915	576	RENDERED_OK
VIII	234	149	211	7544	834	RENDERED_OK
VIII	235	149	211	9650	1083	RENDERED_OK
VIII	236	149	211	9512	1087	RENDERED_OK
VIII	237	149	211	5206	1138	RENDERED_OK
VIII	238	149	211	5756	1280	RENDERED_OK
VIII	239	149	211	11023	1640	RENDERED_OK
VIII	240	149	211	14090	2025	RENDERED_OK
VIII	241	149	211	6990	926	RENDERED_OK
VIII	242	149	211	8464	797	RENDERED_OK
VIII	243	149	211	7146	748	RENDERED_OK
VIII	244	149	211	8601	976	RENDERED_OK
VIII	245	149	211	10554	1245	RENDERED_OK
VIII	246	149	211	6783	1272	RENDERED_OK
VIII	247	149	211	5836	1266	RENDERED_OK
VIII	248	149	211	9230	1476	RENDERED_OK
VIII	249	149	211	12239	1866	RENDERED_OK
VIII	250	149	211	5403	653	RENDERED_OK
VIII	251	149	211	7506	675	RENDERED_OK
VIII	252	149	211	8223	825	RENDERED_OK
VIII	253	149	211	8453	883	RENDERED_OK
VIII	254	149	211	8893	992	RENDERED_OK
VIII	255	149	211	4349	960	RENDERED_OK
VIII	256	149	211	5528	1163	RENDERED_OK
VIII	257	149	211	10077	1417	RENDERED_OK
VIII	258	149	211	13546	1916	RENDERED_OK
VIII	259	149	211	8236	726	RENDERED_OK
VIII	260	149	211	7752	758	RENDERED_OK
VIII	261	149	211	9016	960	RENDERED_OK
VIII	262	149	211	9685	1036	RENDERED_OK
VIII	263	149	211	4819	1130	RENDERED_OK
VIII	264	149	211	4856	1183	RENDERED_OK
VIII	265	149	211	9579	1428	RENDERED_OK
VIII	266	149	211	13443	1906	RENDERED_OK
VIII	267	149	211	4206	499	RENDERED_OK
VIII	268	149	211	1954	39	RENDERED_OK
VIII	269	149	211	7136	709	RENDERED_OK
VIII	270	149	211	8409	854	RENDERED_OK
VIII	271	149	211	10246	1182	RENDERED_OK
VIII	272	149	211	10311	1139	RENDERED_OK
VIII	273	149	211	6422	1220	RENDERED_OK
VIII	274	149	211	5582	1387	RENDERED_OK
VIII	275	149	211	9020	1479	RENDERED_OK
VIII	276	149	211	12022	1667	RENDERED_OK
VIII	277	149	211	3704	396	RENDERED_OK
VIII	278	149	211	8584	833	RENDERED_OK
VIII	279	149	211	7578	767	RENDERED_OK
VIII	280	149	211	8073	815	RENDERED_OK
VIII	281	149	211	10745	1221	RENDERED_OK
VIII	282	149	211	5315	1221	RENDERED_OK
VIII	283	149	211	5140	1203	RENDERED_OK
VIII	284	149	211	10095	1541	RENDERED_OK
VIII	285	149	211	13240	1856	RENDERED_OK
VIII	286	149	211	4815	568	RENDERED_OK
VIII	287	149	211	8904	912	RENDERED_OK
VIII	288	149	211	7049	721	RENDERED_OK
VIII	289	149	211	9656	1124	RENDERED_OK
VIII	290	149	211	9065	984	RENDERED_OK
VIII	291	149	211	10259	1294	RENDERED_OK
VIII	292	149	211	5483	1310	RENDERED_OK
VIII	293	149	211	6068	1495	RENDERED_OK
VIII	294	149	211	13154	1864	RENDERED_OK
VIII	295	149	211	12484	1788	RENDERED_OK
VIII	296	149	211	9625	1010	RENDERED_OK
VIII	297	149	211	9975	1083	RENDERED_OK
VIII	298	149	211	11039	1474	RENDERED_OK
VIII	299	149	211	9247	1344	RENDERED_OK
VIII	300	149	211	10880	1404	RENDERED_OK
VIII	301	149	211	10355	1382	RENDERED_OK
VIII	302	149	211	12024	1769	RENDERED_OK
VIII	303	149	211	11532	1656	RENDERED_OK
VIII	304	149	211	8864	853	RENDERED_OK
VIII	305	149	211	11380	1333	RENDERED_OK
VIII	306	149	211	11018	1620	RENDERED_OK
VIII	307	149	211	10809	1529	RENDERED_OK
VIII	308	149	211	9102	1277	RENDERED_OK
VIII	309	149	211	11119	1556	RENDERED_OK
VIII	310	149	211	11991	1644	RENDERED_OK
VIII	311	149	211	6608	830	RENDERED_OK
VIII	312	149	211	8317	812	RENDERED_OK
VIII	313	149	211	10291	1111	RENDERED_OK
VIII	314	149	211	10275	1272	RENDERED_OK
VIII	315	149	211	12401	1942	RENDERED_OK
VIII	316	149	211	11021	1479	RENDERED_OK
VIII	317	149	211	9735	1242	RENDERED_OK
VIII	318	149	211	10398	1427	RENDERED_OK
VIII	319	149	211	11375	1562	RENDERED_OK
VIII	320	149	211	2946	315	RENDERED_OK
VIII	321	149	211	9452	1014	RENDERED_OK
VIII	322	149	211	9106	1024	RENDERED_OK
VIII	323	149	211	9241	992	RENDERED_OK
VIII	324	149	211	10863	1542	RENDERED_OK
VIII	325	149	211	10850	1571	RENDERED_OK
VIII	326	149	211	8292	1056	RENDERED_OK
VIII	327	149	211	8928	1166	RENDERED_OK
VIII	328	149	211	10858	1543	RENDERED_OK
VIII	329	149	211	5052	547	RENDERED_OK
VIII	330	149	211	8003	758	RENDERED_OK
VIII	331	149	211	8642	916	RENDERED_OK
VIII	332	149	211	9835	1098	RENDERED_OK
VIII	333	149	211	10834	1583	RENDERED_OK
VIII	334	149	211	9910	1301	RENDERED_OK
VIII	335	149	211	9917	1326	RENDERED_OK
VIII	336	149	211	8631	1111	RENDERED_OK
VIII	337	149	211	9445	1310	RENDERED_OK
VIII	338	149	211	6728	870	RENDERED_OK
