volume	kind	overfull_pt	line_start	line_end	severity
I	HBOX	16.60059	146	147	MEDIUM
I	HBOX	61.01164	213	214	HIGH
I	HBOX	19.21619	116	117	MEDIUM
I	HBOX	1.58093	4	5	LOW
I	HBOX	1.58093	484	32	LOW
I	HBOX	4.36366	451	452	LOW
I	HBOX	12.98262	457	458	MEDIUM
I	HBOX	1.90201	152	153	LOW
II	HBOX	23.47119	125	127	HIGH
II	HBOX	9.16719	116	118	LOW
II	HBOX	85.94884	441	442	HIGH
III	HBOX	10.8775	14	15	MEDIUM
III	HBOX	17.34332	421	422	MEDIUM
III	HBOX	0.19968	78	80	LOW
III	HBOX	12.45384	446	447	MEDIUM
III	HBOX	22.67949	301	302	HIGH
III	HBOX	11.8518	103	105	MEDIUM
III	HBOX	1.74315	211	212	LOW
III	HBOX	35.98027	480	481	HIGH
IV	HBOX	4.13316	19	19	LOW
IV	HBOX	4.13316	19	19	LOW
IV	HBOX	4.13316	19	19	LOW
IV	HBOX	4.13316	19	19	LOW
IV	HBOX	9.84	111	112	LOW
IV	HBOX	15.12747	130	131	MEDIUM
IV	HBOX	23.55264	219	220	HIGH
IV	HBOX	4.13316	19	19	LOW
IV	HBOX	4.13316	19	19	LOW
IV	HBOX	4.13316	19	19	LOW
IV	HBOX	4.13316	19	19	LOW
IV	HBOX	4.13316	19	19	LOW
IV	HBOX	4.13316	19	19	LOW
IV	HBOX	4.13316	19	19	LOW
IV	HBOX	4.13316	19	19	LOW
IV	HBOX	4.13316	19	19	LOW
IV	HBOX	4.13316	19	19	LOW
IV	HBOX	4.13316	19	19	LOW
IV	HBOX	4.13316	19	19	LOW
IV	HBOX	4.13316	19	19	LOW
IV	HBOX	4.13316	19	19	LOW
IV	HBOX	39.44444	88	90	HIGH
IV	HBOX	4.13316	19	19	LOW
IV	HBOX	4.13316	19	19	LOW
IV	HBOX	4.13316	19	19	LOW
IV	HBOX	4.13316	19	19	LOW
IV	HBOX	4.13316	19	19	LOW
IV	HBOX	4.13316	19	19	LOW
IV	HBOX	4.13316	19	19	LOW
IV	HBOX	4.13316	19	19	LOW
IV	HBOX	4.13316	19	19	LOW
IV	HBOX	4.13316	19	19	LOW
IV	HBOX	4.13316	19	19	LOW
IV	HBOX	4.13316	19	19	LOW
IV	HBOX	4.13316	19	19	LOW
V	HBOX	8.11911	19	19	LOW
V	HBOX	8.11911	19	19	LOW
V	HBOX	8.11911	19	19	LOW
V	HBOX	8.11911	19	19	LOW
V	HBOX	8.11911	19	19	LOW
V	HBOX	8.11911	19	19	LOW
V	HBOX	4.95654	80	82	LOW
V	HBOX	7.58554	354	355	LOW
V	HBOX	8.11911	19	19	LOW
V	HBOX	12.83316	80	82	MEDIUM
V	HBOX	6.77646	354	355	LOW
V	HBOX	8.11911	19	19	LOW
V	HBOX	8.11911	19	19	LOW
V	HBOX	8.11911	19	19	LOW
V	HBOX	8.11911	19	19	LOW
V	HBOX	8.11911	19	19	LOW
V	HBOX	5.31987	76	78	LOW
V	HBOX	8.11911	19	19	LOW
V	HBOX	8.11911	19	19	LOW
V	HBOX	8.11911	19	19	LOW
V	HBOX	8.11911	19	19	LOW
V	HBOX	8.11911	19	19	LOW
V	HBOX	8.11911	19	19	LOW
V	HBOX	8.11911	19	19	LOW
V	HBOX	8.11911	19	19	LOW
V	HBOX	8.11911	19	19	LOW
V	HBOX	8.11911	19	19	LOW
V	HBOX	8.11911	19	19	LOW
V	HBOX	8.11911	19	19	LOW
V	HBOX	8.11911	19	19	LOW
V	HBOX	8.11911	19	19	LOW
V	HBOX	2.18979	217	218	LOW
V	HBOX	8.11911	19	19	LOW
V	HBOX	8.11911	19	19	LOW
V	HBOX	12.60138	270	271	MEDIUM
VI	HBOX	3.45251	563	564	LOW
VI	HBOX	25.0039	64	1	HIGH
VI	HBOX	25.0039	43	1	HIGH
VI	HBOX	10.15776	498	499	MEDIUM
VI	HBOX	9.25072	552	553	LOW
VI	HBOX	6.095	1	1	LOW
VI	HBOX	3.69005	181	182	LOW
VI	HBOX	0.35435	75	75	LOW
VI	HBOX	22.45241	2	3	HIGH
VI	HBOX	6.97433	4	5	LOW
VI	HBOX	1.52544	38	39	LOW
VI	HBOX	8.98763	3	4	LOW
VI	HBOX	20.4648	2	3	HIGH
VI	HBOX	12.17726	395	396	MEDIUM
VI	HBOX	3.74861	10	11	LOW
VI	HBOX	19.32608	54	55	MEDIUM
VI	HBOX	14.71144	53	54	MEDIUM
VI	HBOX	5.49228	3	4	LOW
VI	HBOX	20.76234	3	4	HIGH
VI	HBOX	8.02217	8	9	LOW
VI	HBOX	23.77399	23	24	HIGH
VI	HBOX	12.81313	3	4	MEDIUM
VI	HBOX	4.70206	688	689	LOW
VI	HBOX	2.98692	747	748	LOW
VI	HBOX	7.04109	11	12	LOW
VI	HBOX	11.4627	447	447	MEDIUM
VI	HBOX	29.45859	836	836	HIGH
VI	HBOX	15.94803	943	944	MEDIUM
VII	HBOX	5.67766	344	345	LOW
VII	HBOX	1.78755	348	349	LOW
VII	HBOX	4.00787	477	478	LOW
VII	HBOX	49.04295	8	8	HIGH
VII	HBOX	1.91293	24	25	LOW
VII	HBOX	2.9565	282	283	LOW
VII	HBOX	1.94798	131	132	LOW
VII	HBOX	1.7467	145	146	LOW
VII	HBOX	26.70024	6	7	HIGH
VII	HBOX	9.73497	455	456	LOW
VII	HBOX	13.19882	125	126	MEDIUM
VII	HBOX	15.64684	156	158	MEDIUM
VII	HBOX	29.13171	403	408	HIGH
VII	HBOX	0.62308	10	11	LOW
VII	HBOX	10.48462	31	32	MEDIUM
VII	HBOX	5.52443	53	54	LOW
VII	HBOX	11.02803	14	15	MEDIUM
VII	HBOX	12.24664	671	672	MEDIUM
VII	HBOX	1.57835	17	17	LOW
VII	HBOX	8.98839	580	581	LOW
VII	HBOX	0.24854	505	506	LOW
VII	HBOX	13.05354	10	11	MEDIUM
VII	HBOX	14.9686	722	723	MEDIUM
VIII	HBOX	4.2106	612	613	LOW
VIII	HBOX	9.7302	177	178	LOW
VIII	HBOX	0.99777	428	429	LOW
VIII	HBOX	3.08536	772	773	LOW
VIII	HBOX	1.59555	625	626	LOW
VIII	HBOX	5.19089	123	124	LOW
VIII	HBOX	16.34839	75	76	MEDIUM
VIII	HBOX	14.21791	544	545	MEDIUM
VIII	HBOX	3.91553	86	87	LOW
VIII	HBOX	13.71855	18	19	MEDIUM
VIII	HBOX	3.16858	169	170	LOW
VIII	HBOX	11.85031	6	7	MEDIUM
VIII	HBOX	187.04073	168	168	HIGH
