volume	chapter	canonical_path	canonical_sha256	canonical_verified	protected_git_blob_sha1	protected_git_blob_verified	pedagogy_path	pedagogy_sha256	pedagogy_verified	composed_sha256
I	I/01	books/vol01_linear_algebra/chapters/ch01_scalars_vectors_and_linear_combinations/chapter.tex	db4a51ee11c1c28ed2ea8eb8500bc36ff901773805a7a11646635ba7a8c36a4f	YES	-	-	-	-	-	-
I	I/02	books/vol01_linear_algebra/chapters/ch02_subspaces_span_and_linear_independence/chapter.tex	a5a9fc5d83c2f3833b44c4141df1a9bf73d0b248f8c33a288a919b983997f1eb	YES	-	-	-	-	-	-
I	I/03	books/vol01_linear_algebra/chapters/ch03_bases_and_dimension/chapter.tex	356d092fe89d8c29fa6e7ba5f5c91e9f26303436010b81bd350848878d69c9db	YES	-	-	-	-	-	-
I	I/04	books/vol01_linear_algebra/chapters/ch04_coordinates_and_change_of_basis/chapter.tex	13a9e500d0132076f118302ac8e417ff4d67966fa053e39923520b33618a14d1	YES	-	-	-	-	-	-
I	I/05	books/vol01_linear_algebra/chapters/ch05_linear_transformations/chapter.tex	534606260504fa059ee74f3d9d5e0094971fe14a6a04d732bedd4693c578e05b	YES	-	-	-	-	-	-
I	I/06	books/vol01_linear_algebra/chapters/ch06_kernels_images_and_isomorphisms/chapter.tex	0639958d827128c743611f7830da989e8906ea3b6a9e482bc089d8cb86b2662e	YES	-	-	-	-	-	-
I	I/07	books/vol01_linear_algebra/chapters/ch07_matrix_representation_of_linear_maps/chapter.tex	2dfb554b1b2d7d3fa676b43303831bbf3644246b3c9a8c6b99450f195f3d4308	YES	-	-	-	-	-	-
I	I/08	books/vol01_linear_algebra/chapters/ch08_determinants_and_trace/chapter.tex	5110f707bf36005df6e6c759e4598ec576bf2a79547c3e8ad574620020f80428	YES	-	-	-	-	-	-
I	I/09	books/vol01_linear_algebra/chapters/ch09_eigenvalues_and_eigenvectors/chapter.tex	0df58924073afce8956abf22695672fa81a112d7c09cac9e3a6382f9cb948cbd	YES	-	-	-	-	-	-
I	I/10	books/vol01_linear_algebra/chapters/ch10_invariant_subspaces_and_triangularization/chapter.tex	312def14a5525024e137ce91f85f256784267f13aefc2d426277798d7a8ef328	YES	-	-	-	-	-	-
I	I/11	books/vol01_linear_algebra/chapters/ch11_diagonalization_and_minimal_polynomials/chapter.tex	7f6140f1ce40336ead48ecb74ac4b74899dc8ba22c18b39458b4094f4ac3ebdf	YES	-	-	-	-	-	-
I	I/12	books/vol01_linear_algebra/chapters/ch12_canonical_forms/chapter.tex	8027e6c770098055b2a783a29d64dcebb0bebfd8275add3512792902ff5c2464	YES	-	-	-	-	-	-
I	I/13	books/vol01_linear_algebra/chapters/ch13_inner_products_and_orthogonality/chapter.tex	363a3ae2d30b7c3ec18c502b64ff7c733e1fcda099dab1820c839faf0c73ff7f	YES	-	-	-	-	-	-
I	I/14	books/vol01_linear_algebra/chapters/ch14_gram_schmidt_and_orthogonal_projection/chapter.tex	6002a7f160e5cdd1098dc12775c320eace16b7cdf1e1229a2063768f3e01e6a2	YES	-	-	-	-	-	-
I	I/15	books/vol01_linear_algebra/chapters/ch15_orthogonal_and_unitary_operators/chapter.tex	8cb064d7f1a6002bbdcb585c9c369fb4413af54e3cfb61a0d5f013c13948ffd2	YES	-	-	-	-	-	-
I	I/16	books/vol01_linear_algebra/chapters/ch16_the_spectral_theorem/chapter.tex	9148efa86d41fdc827c7d3dba99e8361354d95b54d3077aafc30bfa6728b1054	YES	-	-	-	-	-	-
I	I/17	books/vol01_linear_algebra/chapters/ch17_quadratic_forms/chapter.tex	e47a92f773e020270ace1b727d594221036d45e26032acd8cfc0c66f61d2e988	YES	-	-	-	-	-	-
I	I/18	books/vol01_linear_algebra/chapters/ch18_singular_value_decomposition/chapter.tex	a8ad1a0a61ea236a46d28de705720ba6e85616fa5cdb74d29507a2baccc9d235	YES	-	-	-	-	-	-
II	II/01	books/vol02_real_analysis/chapters/ch01_the_real_number_system_and_completeness/chapter.tex	aa08ea349e6b828b387c5ec093ced2af6797c0507df1bddf5ae905977e0db346	YES	-	-	-	-	-	-
II	II/02	books/vol02_real_analysis/chapters/ch02_euclidean_and_normed_spaces/chapter.tex	0104209416752c37dc1645452f35dabba506c9e062439738517f114228cf27fb	YES	-	-	-	-	-	-
II	II/03	books/vol02_real_analysis/chapters/ch03_sequences_and_cauchy_sequences/chapter.tex	99482ef0c433558d7822f6625a2d638c494b8feb6d46d060f840d0bcd114f342	YES	-	-	-	-	-	-
II	II/04	books/vol02_real_analysis/chapters/ch04_open_and_closed_sets/chapter.tex	e83da08fe366260a4f5c9796bae498f8a7a613a70e85360d5a4eb7309e4eafa1	YES	-	-	-	-	-	-
II	II/05	books/vol02_real_analysis/chapters/ch05_metric_spaces_and_continuity/chapter.tex	26422878f973720b39f5fc7135605d968dcf93bee3be4d59c407f2d2ee733b2d	YES	-	-	-	-	-	-
II	II/06	books/vol02_real_analysis/chapters/ch06_compactness/chapter.tex	ade1b0ea74a9f387edfa0623c2d8486431365d5ebfabcf11f6705de0ee0e0094	YES	-	-	-	-	-	-
II	II/07	books/vol02_real_analysis/chapters/ch07_connectedness_and_path_connectedness/chapter.tex	ad9754aeedfb807dc8e00c21a3e187559db497325c42a4e0f6796e55e4722c0d	YES	-	-	-	-	-	-
II	II/08	books/vol02_real_analysis/chapters/ch08_differentiability_in_several_variables/chapter.tex	2b48231bc3f0f6ecb2a75f859b70471e965f360adfc8d4c0e7595beb29a21adc	YES	-	-	-	-	-	-
II	II/09	books/vol02_real_analysis/chapters/ch09_inverse_and_implicit_function_principles/chapter.tex	683c822785b40f5aff8a3eba411acc7ea02a641a4c5b1d73275f2e24ac1b74e9	YES	-	-	-	-	-	-
II	II/10	books/vol02_real_analysis/chapters/ch10_riemann_integration/chapter.tex	85a862e2a06e7b40a5169e066c8d42ad57faf5ff379770d4c8abced2e2948c6a	YES	-	-	-	-	-	-
II	II/11	books/vol02_real_analysis/chapters/ch11_pointwise_and_uniform_convergence/chapter.tex	54e95315fa90d2909917e01a814f86d04a65e62021c5e7d22e856e7efeb4f8c6	YES	-	-	-	-	-	-
II	II/12	books/vol02_real_analysis/chapters/ch12_interchanging_limits_derivatives_and_integrals/chapter.tex	c6a5fff34b874f056dd57f419814816829c40f309b03ce2f6d6acdb3d8914942	YES	-	-	-	-	-	-
II	II/13	books/vol02_real_analysis/chapters/ch13_infinite_series_of_functions/chapter.tex	ff4c4bf71a538dbe2eac9ffa5962bd3b5f65f89476a59d950a3a20a39a0f6576	YES	-	-	-	-	-	-
II	II/14	books/vol02_real_analysis/chapters/ch14_trigonometric_series/chapter.tex	38cf40134042a6586c68d5ca385d05f06e9a749276a422df72f779d3ce0f968b	YES	-	-	-	-	-	-
II	II/15	books/vol02_real_analysis/chapters/ch15_pathological_and_nowhere_differentiable_functions/chapter.tex	344bd47675b466001ad96de9b8d23609faf69feac011b8b59e6b73ee35198155	YES	-	-	-	-	-	-
II	II/16	books/vol02_real_analysis/chapters/ch16_contraction_mappings/chapter.tex	604641ab1ac9296e3f953b1e8e4e348deb0cbd191eb2a9a58b4cf2ccc03580e6	YES	-	-	-	-	-	-
II	II/17	books/vol02_real_analysis/chapters/ch17_brouwer_type_fixed_point_ideas/chapter.tex	84c5ef6928d6cf9f547b5e6951ed810cf4b5e8c77fe2a24700336467ccb5fa73	YES	-	-	-	-	-	-
II	II/18	books/vol02_real_analysis/chapters/ch18_integral_equations/chapter.tex	fa6c62aedd097cf3bac209fd6a5972db8415355c5d710ff3c102f1d05c120373	YES	-	-	-	-	-	-
II	II/19	books/vol02_real_analysis/chapters/ch19_elementary_existence_theory_for_odes/chapter.tex	be4de5755c9c695cff12ba1b4ba1150e6b3e7053cf7d529ae97e6ec8e531f05a	YES	-	-	-	-	-	-
II	II/20	books/vol02_real_analysis/chapters/ch20_polynomial_interpolation/chapter.tex	4b71ea4473dec9304bbd46aa6dbab937bfe05f2eee3ab60af0e03f92470e1891	YES	-	-	-	-	-	-
II	II/21	books/vol02_real_analysis/chapters/ch21_polynomial_approximation/chapter.tex	e59e27d7044e61680d5157299943925f6772c31da2240d93e771d156d312e62d	YES	-	-	-	-	-	-
II	II/22	books/vol02_real_analysis/chapters/ch22_chebyshev_and_minimax_approximation/chapter.tex	fcbd66d10bc43db5b70b90a924d66315e539200adabb97eed3858d3599044a32	YES	-	-	-	-	-	-
II	II/23	books/vol02_real_analysis/chapters/ch23_the_alternation_principle/chapter.tex	ab47040f60dd3c148ca8380894134e070e5fe6e52e0101bac26853233c67b534	YES	-	-	-	-	-	-
II	II/24	books/vol02_real_analysis/chapters/ch24_numerical_quadrature/chapter.tex	bce113099e4f6fe04bd3caa42e5ef9b63dc8a00ab355053682447e97749e9127	YES	-	-	-	-	-	-
II	II/25	books/vol02_real_analysis/chapters/ch25_continued_fractions_and_approximation_topics/chapter.tex	402aeb7b137d03a432d1fb7384b1726b74c70c14fbcb8d0cad3ba290cb81472d	YES	-	-	-	-	-	-
III	III/01	books/vol03_fourier_distributions_pde/chapters/ch01_sigma_algebras_and_measures/chapter.tex	3cf15e1596a564851d0baa592ce06b380fdeafc48b295e0c733aeb4352f90207	YES	-	-	-	-	-	-
III	III/02	books/vol03_fourier_distributions_pde/chapters/ch02_measurable_functions/chapter.tex	e1cfec80aa5c440ffe6a7525ab4b898856a3d65ba88fb3d1a650bc584ebd3926	YES	-	-	-	-	-	-
III	III/03	books/vol03_fourier_distributions_pde/chapters/ch03_the_lebesgue_integral/chapter.tex	60d861498d4244123d728c3dbcc9e3d2ce5264335ac4ab1de7d2ea5a40643c69	YES	-	-	-	-	-	-
III	III/04	books/vol03_fourier_distributions_pde/chapters/ch04_convergence_theorems/chapter.tex	6cde1fd8b9e84a549e843a4a05bb202336774bdfa497fe374898deb5c35d0444	YES	-	-	-	-	-	-
III	III/05	books/vol03_fourier_distributions_pde/chapters/ch05_product_measures_and_fubini_theory/chapter.tex	1b808184e540a34d2e37937dd2cc2cfdce27eb7ea6fae9bb436ce4fe10e27c00	YES	-	-	-	-	-	-
III	III/06	books/vol03_fourier_distributions_pde/chapters/ch06_lp_spaces/chapter.tex	e5abf4f5654af922d96bf8d5921cceb01ffe3ae51b135de283b850bc1de95d20	YES	-	-	-	-	-	-
III	III/07	books/vol03_fourier_distributions_pde/chapters/ch07_h_lder_minkowski_and_interpolation/chapter.tex	5f754c15ab4ebf7b5f231e91057de683f98cf1bce96207417b4984067d2c4863	YES	-	-	-	-	-	-
III	III/08	books/vol03_fourier_distributions_pde/chapters/ch08_egorov_vitali_and_weak_lp_ideas/chapter.tex	c302fd93335afccaddbef899cc76afa2d0673cc7f8a200df6ee247b7f5b689d4	YES	-	-	-	-	-	-
III	III/09	books/vol03_fourier_distributions_pde/chapters/ch09_fourier_series/chapter.tex	bb99e7674ed6d9b86d6ba7ac29ec4efbfdbc51c3a293b12e46cb9aae444dfb63	YES	-	-	-	-	-	-
III	III/10	books/vol03_fourier_distributions_pde/chapters/ch10_convolution_and_approximate_identities/chapter.tex	3adb46a6b50832254ade511ce23e8da29ea68066af22c3516828207c0e45af91	YES	-	-	-	-	-	-
III	III/11	books/vol03_fourier_distributions_pde/chapters/ch11_the_fourier_transform/chapter.tex	42953aaa2a70838d250228e530cd06e0c0019541308e1dcf31e34bdc0c518a8c	YES	-	-	-	-	-	-
III	III/12	books/vol03_fourier_distributions_pde/chapters/ch12_the_gaussian_and_transform_calculus/chapter.tex	28429053a67838a6d1040b7617a72dcd693deaf38fbf4b1efba2a616f0073162	YES	-	-	-	-	-	-
III	III/13	books/vol03_fourier_distributions_pde/chapters/ch13_plancherel_and_l2_fourier_theory/chapter.tex	4eaf8162e7ca355409578a70c3b824b844e80a171668497af9f0c672c2f0508a	YES	-	-	-	-	-	-
III	III/14	books/vol03_fourier_distributions_pde/chapters/ch14_the_schwartz_space/chapter.tex	de78df0ba9438d9eeb8458c8db0143cb110074170e0aee18988855e86af3a949	YES	-	-	-	-	-	-
III	III/15	books/vol03_fourier_distributions_pde/chapters/ch15_test_function_spaces/chapter.tex	1d40e0ed0296afdbd121428f82f7d7d80ca8a9a392590adfe35e4e58c23963f1	YES	-	-	-	-	-	-
III	III/16	books/vol03_fourier_distributions_pde/chapters/ch16_distributions_and_distributional_derivatives/chapter.tex	2a955032dc2d11f6c2a715a4fb353162aef629f619462718b6ccfafe4c5d82f0	YES	-	-	-	-	-	-
III	III/17	books/vol03_fourier_distributions_pde/chapters/ch17_support_and_singular_distributions/chapter.tex	96278c1603935fde404dd2a9d5ea03ee7fda995573483c086fa750af0c52dacd	YES	-	-	-	-	-	-
III	III/18	books/vol03_fourier_distributions_pde/chapters/ch18_tempered_distributions/chapter.tex	60f9fe4b142625416e2ed71723b53228bc13558b0c8f4d5c023ec2bad6c791e8	YES	-	-	-	-	-	-
III	III/19	books/vol03_fourier_distributions_pde/chapters/ch19_fourier_transform_of_distributions/chapter.tex	425421ebd7d4af8fb58e0dc9995fbc596ad3cc67058152382a18c18eb8d4a130	YES	-	-	-	-	-	-
III	III/20	books/vol03_fourier_distributions_pde/chapters/ch20_weak_derivatives/chapter.tex	ff42d342b60ab817e107b383ea5248d99b7fb5bb45df511cde851f5646169cc2	YES	-	-	-	-	-	-
III	III/21	books/vol03_fourier_distributions_pde/chapters/ch21_sobolev_spaces/chapter.tex	36fc6fc461664316d8e3b18b1a7a2e2741050c71d06844be23d0dd4e4b8a7c25	YES	-	-	-	-	-	-
III	III/22	books/vol03_fourier_distributions_pde/chapters/ch22_approximation_and_density/chapter.tex	edae62c495b3dba2d6e880c2fe4a6a5f5be2e9003ee932fd116f6e8b5d6d1c4c	YES	-	-	-	-	-	-
III	III/23	books/vol03_fourier_distributions_pde/chapters/ch23_weak_boundary_value_problems/chapter.tex	714418751d742a74ad3be213b753461a5094298c954f0f9174531f78c43913ca	YES	-	-	-	-	-	-
III	III/24	books/vol03_fourier_distributions_pde/chapters/ch24_fundamental_solutions/chapter.tex	35d5f361b879a19084842f97044d3674d5968fd6b6c09ea6ddd229b1bb7f8501	YES	-	-	-	-	-	-
III	III/25	books/vol03_fourier_distributions_pde/chapters/ch25_green_functions/chapter.tex	7caaa838369b4b97fbf9312eaf940298b629512a2018506939a8e7ae38c43ef7	YES	-	-	-	-	-	-
III	III/26	books/vol03_fourier_distributions_pde/chapters/ch26_sturm_liouville_green_kernels/chapter.tex	3d84c3eba001c3b6ccd32ed0dbd8eacd0edcbec8d09515bac38a4cdc4541a96b	YES	-	-	-	-	-	-
III	III/27	books/vol03_fourier_distributions_pde/chapters/ch27_elliptic_operators_and_maximum_principles/chapter.tex	216b1cf8d5267915ded6b2e2d25f9e69fc8b0be2dfb9ec47fbb4fed588c91442	YES	-	-	-	-	-	-
III	III/28	books/vol03_fourier_distributions_pde/chapters/ch28_spectral_and_transform_methods_for_pde/chapter.tex	f54c30b7acb93025b5b1430a3bce803382724ab33302812e1b450f4fdf26cfbc	YES	-	-	-	-	-	-
IV	IV/01	books/vol04_complex_analysis/chapters/ch01_complex_differentiability/chapter.tex	74177e4f46be04cf485e70ebf87d20b655da2ba5a5de59112419bc3b7a5e0542	YES	-	-	-	-	-	-
IV	IV/02	books/vol04_complex_analysis/chapters/ch02_cauchy_riemann_equations/chapter.tex	270e761ae340e36783fbcea3d24e20707ef569849e3911a78416e6da5aa441bc	YES	-	-	-	-	-	-
IV	IV/03	books/vol04_complex_analysis/chapters/ch03_power_series_and_analytic_functions/chapter.tex	123fb28123da39fb88d3a942ae5039add9b269be34f36131c8efc7c405d009bd	YES	-	-	-	-	-	-
IV	IV/04	books/vol04_complex_analysis/chapters/ch04_complex_integration/chapter.tex	4095cbd2f99adb2d9a0cb083d98a9473651056998efaf19b2d37b670dfb2725e	YES	-	-	-	-	-	-
IV	IV/05	books/vol04_complex_analysis/chapters/ch05_cauchy_s_theorem/chapter.tex	6d7151e3ec22a950dbe449ca9c39fc85526ec32ec6ae87c80d08694a7a3f5c6d	YES	-	-	-	-	-	-
IV	IV/06	books/vol04_complex_analysis/chapters/ch06_cauchy_s_integral_formula/chapter.tex	1ed810fd4b8703b1ea418c3c112c840ac99413eb770a1307dcf606ac7f80704b	YES	-	-	-	-	-	-
IV	IV/07	books/vol04_complex_analysis/chapters/ch07_zeros_and_the_identity_theorem/chapter.tex	d33c3f4c8fcde8e87da946f319b1c4295121608e89da88e51ef6570fd2406eec	YES	-	-	-	-	-	-
IV	IV/08	books/vol04_complex_analysis/chapters/ch08_laurent_series/chapter.tex	2821a51bc7e33d13e2b9bce92869d5d2c73adb09fe744083c5e0481d650db88e	YES	-	-	-	-	-	-
IV	IV/09	books/vol04_complex_analysis/chapters/ch09_isolated_singularities/chapter.tex	b660f1df9e9753f7e2f1b30545df2c9f9a10c3ec0225605da66e9f9cd3bb8193	YES	-	-	-	-	-	-
IV	IV/10	books/vol04_complex_analysis/chapters/ch10_residues_and_the_residue_theorem/chapter.tex	0fbf9664376bd6e37767d55b005836dfbf24c57ee1101cc771960c5207bab42b	YES	-	-	-	-	-	-
IV	IV/11	books/vol04_complex_analysis/chapters/ch11_evaluation_of_real_integrals/chapter.tex	330d1ee710d4b61f4a02a6ec4e07e334a44b6aaef4d6470229edd053061f3a1e	YES	-	-	-	-	-	-
IV	IV/12	books/vol04_complex_analysis/chapters/ch12_winding_numbers_and_the_argument_principle/chapter.tex	267b5802baea77a541b533cff68545b95512b0b22dcc1ae78a276060f02b9579	YES	-	-	-	-	-	-
IV	IV/13	books/vol04_complex_analysis/chapters/ch13_rouch_s_theorem/chapter.tex	479e87059498a6aa38cab3b9e421a1a937bcb44116db9d8ab86135e3ae55c0c6	YES	-	-	-	-	-	-
IV	IV/14	books/vol04_complex_analysis/chapters/ch14_branches_of_the_logarithm_and_roots/chapter.tex	e86ee874b864a16a06d5bdb0f96f78603958fbbfaafd68d41841605e0afe19c6	YES	-	-	-	-	-	-
IV	IV/15	books/vol04_complex_analysis/chapters/ch15_analytic_continuation/chapter.tex	4802f5fcad83489ff314deb5c5fba9145bf91c0d3ccae2a2b1443f39e5e78ccb	YES	-	-	-	-	-	-
IV	IV/16	books/vol04_complex_analysis/chapters/ch16_m_bius_transformations/chapter.tex	278dee4e99d16b46d1bd3eb5a8eb582e233e89049fa43a3084d409e98a6ab356	YES	-	-	-	-	-	-
IV	IV/17	books/vol04_complex_analysis/chapters/ch17_conformal_mapping/chapter.tex	0200a4c8148b2bb54405f0d86ac1840579df693e6dd3aed80a68a2285c5db8a6	YES	-	-	-	-	-	-
IV	IV/18	books/vol04_complex_analysis/chapters/ch18_schwarz_christoffel_transformations/chapter.tex	22fe10465c73b1940f7c34835abdeddec017982ad4ff79f166252c5df3ddf48e	YES	-	-	-	-	-	-
IV	IV/19	books/vol04_complex_analysis/chapters/ch19_the_gamma_function/chapter.tex	9f8107bc6ce2749e0ebd874d2bf2caaa5713f1dad8b5390495897acd55bdc5a3	YES	-	-	-	-	-	-
IV	IV/20	books/vol04_complex_analysis/chapters/ch20_beta_and_gamma_identities/chapter.tex	53b503ea96ee3f5e8501f3c28f0f2693f07fbc389e500c8a58ddf50644f43e8d	YES	-	-	-	-	-	-
IV	IV/21	books/vol04_complex_analysis/chapters/ch21_keyhole_contours_and_branch_cut_integrals/chapter.tex	6f5668ba3ec6273c32a4c7f2ae464eceded0d8d253fc2e824cf985a9f169ad8c	YES	-	-	-	-	-	-
IV	IV/22	books/vol04_complex_analysis/chapters/ch22_from_analytic_continuation_to_riemann_surfaces/chapter.tex	e7fc6a0e1f8a36be0d00705b400a3df07b3d6115aba3936dfb347b44a477d9a8	YES	-	-	-	-	-	-
IV	IV/23	books/vol04_complex_analysis/chapters/ch23_covering_maps_and_monodromy/chapter.tex	fb29febef93df97e28cea37857cc36cd11daa7cb01f49f958ec656a1cdca2f81	YES	-	-	-	-	-	-
IV	IV/24	books/vol04_complex_analysis/chapters/ch24_branched_coverings/chapter.tex	bc32a4dc64f8733037fabbf86d9ced4178b85125d4cfe186b7d293ed8fa50279	YES	-	-	-	-	-	-
IV	IV/25	books/vol04_complex_analysis/chapters/ch25_construction_by_gluing/chapter.tex	3d9249294fadf069028b02c548d472b344bb82dd4ca934e48c011020aa15bd6e	YES	-	-	-	-	-	-
IV	IV/26	books/vol04_complex_analysis/chapters/ch26_compactification_and_genus/chapter.tex	35f4984a180353ff53b1ecd5005516defcf4e373360a46312bea71896e48e1c8	YES	-	-	-	-	-	-
IV	IV/27	books/vol04_complex_analysis/chapters/ch27_lattices_and_complex_tori/chapter.tex	28827f06369a5d8176d2b27b95a3141d727a1baa32e1c706b718d33ac15803d3	YES	-	-	-	-	-	-
IV	IV/28	books/vol04_complex_analysis/chapters/ch28_elliptic_functions/chapter.tex	92e24af1353a461ce29311eb2a1974617bc3a49b18c289369db32c35916a5cea	YES	-	-	-	-	-	-
IV	IV/29	books/vol04_complex_analysis/chapters/ch29_the_weierstrass_function/chapter.tex	99a8983d962a13ab6b5026c706a058ebfeb1a88a3b1025dc9793bcca93c4db13	YES	-	-	-	-	-	-
IV	IV/30	books/vol04_complex_analysis/chapters/ch30_addition_formulas/chapter.tex	a8c948df6ed9c48cac95efe700ebb527e92e26182962e5843e27f1fb42755c0f	YES	-	-	-	-	-	-
IV	IV/31	books/vol04_complex_analysis/chapters/ch31_elliptic_curves_as_riemann_surfaces/chapter.tex	e04b0e21c8342515cfe78988911569ff489b81a539135f6d592f31aeee509f71	YES	-	-	-	-	-	-
V	V/01	books/vol05_commutative_algebra/chapters/ch01_rings_ideals_and_quotients/chapter.tex	83b685a7c49bd0d07297560efb92efd481f6ce9937ceb5cc8f7736dc28e60ca8	YES	-	-	-	-	-	-
V	V/02	books/vol05_commutative_algebra/chapters/ch02_prime_and_maximal_ideals/chapter.tex	fb03584b059cf9e0e0fcbdc516639be20e5527b2729193eee1b7bcb8eb26357b	YES	-	-	-	-	-	-
V	V/03	books/vol05_commutative_algebra/chapters/ch03_radicals_and_nilpotents/chapter.tex	d9822c7169e939d72c5b85a351a05464a8f8d3d1740a22988e054764acdc0602	YES	-	-	-	-	-	-
V	V/04	books/vol05_commutative_algebra/chapters/ch04_chinese_remainder_theory/chapter.tex	9012b4f2e9ca6e73cc76fd627da277d10e6891cf749757a2a4a1b5c15d3eae15	YES	-	-	-	-	-	-
V	V/05	books/vol05_commutative_algebra/chapters/ch05_multiplicative_systems/chapter.tex	7c99bbbb291c9c27045f6e10433f37d1d8cd9e986da611f07b7fec4eb5406376	YES	-	-	-	-	-	-
V	V/06	books/vol05_commutative_algebra/chapters/ch06_localization_of_rings/chapter.tex	50cffce6aeb2f8139a21616daef8fe5b3b0290f8e4f53e8ab0ec535b3449f569	YES	-	-	-	-	-	-
V	V/07	books/vol05_commutative_algebra/chapters/ch07_localization_of_modules/chapter.tex	9a577fd2007a4faae1417d1c52c52b38463ba54d3e214bcb0ed10b1183fdb89d	YES	-	-	-	-	-	-
V	V/08	books/vol05_commutative_algebra/chapters/ch08_local_rings_and_localization_at_primes/chapter.tex	d7ed66eb5b84c7f14b3b03a8c23a184fe04d111eed73ccb59cdb162f38791d60	YES	-	-	-	-	-	-
V	V/09	books/vol05_commutative_algebra/chapters/ch09_modules_and_exact_sequences/chapter.tex	d83257f8862f410dc7761c2cdfd49688fc10bc8ef1b96de9243458d8a6eada2c	YES	-	-	-	-	-	-
V	V/10	books/vol05_commutative_algebra/chapters/ch10_tensor_products/chapter.tex	d9227a24621924cf16bbb817129ce57a6ad8fad49d0e530fb413c595a7e65641	YES	-	-	-	-	-	-
V	V/11	books/vol05_commutative_algebra/chapters/ch11_quotients_and_base_change/chapter.tex	35f5f7f0bc85bbc3380c5da944bee3ee97d580a16fd16fafafbd8cf9ea619b75	YES	-	-	-	-	-	-
V	V/12	books/vol05_commutative_algebra/chapters/ch12_hom_and_finitely_presented_modules/chapter.tex	8a221155bed0881796849bc003091a35d451c3e3e7b1019165a457e5322b0b89	YES	-	-	-	-	-	-
V	V/13	books/vol05_commutative_algebra/chapters/ch13_free_and_projective_modules/chapter.tex	155c51b728de877ec59faf0abee8657db84ac15718abd073bbe38a27b9a86506	YES	-	-	-	-	-	-
V	V/14	books/vol05_commutative_algebra/chapters/ch14_flat_modules/chapter.tex	3fa610fd724d5b1a55e9219f98d6097be93e4b10a639fc93b19bf5c8f96983f7	YES	-	-	-	-	-	-
V	V/15	books/vol05_commutative_algebra/chapters/ch15_noetherian_rings_and_modules/chapter.tex	f4418ae7ddf718d144f819b330b177ffbf558bf1f86eac52edd0caca1af749aa	YES	-	-	-	-	-	-
V	V/16	books/vol05_commutative_algebra/chapters/ch16_support/chapter.tex	9f39e5a7da119902f7b7bfd98c0039808c5a59c9c01aae7e2b7482115f1ceb19	YES	-	-	-	-	-	-
V	V/17	books/vol05_commutative_algebra/chapters/ch17_associated_primes/chapter.tex	c160807e55decc7a98ecdb573bc5eaee8dfa37355a231669e3090126c35d97ea	YES	-	-	-	-	-	-
V	V/18	books/vol05_commutative_algebra/chapters/ch18_completion_and_i_adic_topology/chapter.tex	ed4d010dc1585a2bd9d291e01807d4d9e075cbd0e78b31ce10dbdd8ff981ba65	YES	-	-	-	-	-	-
V	V/19	books/vol05_commutative_algebra/chapters/ch19_integral_dependence/chapter.tex	9fc3bfd095672ff4fccd57228be4ef3ff29fb7beae765517a1cdfced552d3628	YES	-	-	-	-	-	-
V	V/20	books/vol05_commutative_algebra/chapters/ch20_integral_closure_and_normalization/chapter.tex	56ae261d83780849c3f948dc6c2af07e6eec0f75839dacc59be84ac41657845f	YES	-	-	-	-	-	-
V	V/21	books/vol05_commutative_algebra/chapters/ch21_valuation_rings/chapter.tex	9c517d9ae01deeecc59857b915eea9454d616bfbaba0b8cf5430d21c6be67f7c	YES	-	-	-	-	-	-
V	V/22	books/vol05_commutative_algebra/chapters/ch22_chain_complexes/chapter.tex	3e6217acdd3e2025559ee9e3561d5455e4dfd1fc4ae33cb57e41a74b9de17a66	YES	-	-	-	-	-	-
V	V/23	books/vol05_commutative_algebra/chapters/ch23_free_resolutions/chapter.tex	c4b9bad208a610a6661ec9124fdd132187999a6ab7fe57ebf13d491b88328ffd	YES	-	-	-	-	-	-
V	V/24	books/vol05_commutative_algebra/chapters/ch24_syzygies/chapter.tex	ddb422e3d75f5a28ba7a37dccbcb40c82a018f11adae47fe275fd1576497e2b7	YES	-	-	-	-	-	-
V	V/25	books/vol05_commutative_algebra/chapters/ch25_minimal_resolutions/chapter.tex	f547ffa7bfeadebd1cc842da0cdecc41a08e0d5a0e313774ca52ab604e181004	YES	-	-	-	-	-	-
V	V/26	books/vol05_commutative_algebra/chapters/ch26_the_tor_functor/chapter.tex	41ce6d28ddccec996f3e58dd0ae2ac79ea689d906177b6d7db2ea213f7c5841f	YES	-	-	-	-	-	-
V	V/27	books/vol05_commutative_algebra/chapters/ch27_the_ext_functor/chapter.tex	c953a5a560c8235fd42c434621fd08c949f5de923e71aebb7c81fa1dff3592e3	YES	-	-	-	-	-	-
V	V/28	books/vol05_commutative_algebra/chapters/ch28_derived_functor_viewpoint/chapter.tex	220e4cf3b9316c767775344806aceae6bd051d668fabfb4a4394df6535435c3e	YES	-	-	-	-	-	-
VI	VI/01	books/vol06_algebraic_geometry/chapters/ch01_algebraic_sets/chapter.tex	bce296206e9e5f65649497351ced718b321726e06d46c719b34bfb5e90f20f71	YES	-	-	-	-	-	-
VI	VI/02	books/vol06_algebraic_geometry/chapters/ch02_zariski_topology/chapter.tex	2b866925d0a4b84bad655cfaa94ff87432c56c4ff5f2547c69d299ba44a75409	YES	-	-	-	-	-	-
VI	VI/03	books/vol06_algebraic_geometry/chapters/ch03_coordinate_rings/chapter.tex	8e627bc86526beed2d26ab66117eecb47910f3a3fb7fc9b4d885cb9de58a2c60	YES	-	-	-	-	-	-
VI	VI/04	books/vol06_algebraic_geometry/chapters/ch04_morphisms_affine_algebraic_sets/chapter.tex	998d8363d41bef04be441911e5c9a7f7fb79c1cc9ca39eaa9b912263e18d0442	YES	-	-	-	-	-	-
VI	VI/05	books/vol06_algebraic_geometry/chapters/ch05_irreducibility_components/chapter.tex	9934474761c67b31b6c6de814fc1248ddb42a49b8f50184df495ecb0683b20d6	YES	-	-	-	-	-	-
VI	VI/06	books/vol06_algebraic_geometry/chapters/ch06_prime_ideals_geometric_points/chapter.tex	16c0bd9752ed3dc8ea57b732db97b5e7e3baa51cc78f08488568eb96b56c6abb	YES	-	-	-	-	-	-
VI	VI/07	books/vol06_algebraic_geometry/chapters/ch07_spectrum_of_a_ring/chapter.tex	7652279d2515486e93163b9b5f58f23f1404dd825875d03973cc24b0b14247ae	YES	-	-	-	-	-	-
VI	VI/08	books/vol06_algebraic_geometry/chapters/ch08_basic_open_sets/chapter.tex	99ec00f9084b3a4ce884115c7831e62ec08102aef1141896f390a9acde624ace	YES	-	-	-	-	-	-
VI	VI/09	books/vol06_algebraic_geometry/chapters/ch09_generic_closed_points/chapter.tex	2d7a0ea40ffcee820b441a8a6684ee49df9b695110ea708ad61291c5a73e4d75	YES	-	-	-	-	-	-
VI	VI/10	books/vol06_algebraic_geometry/chapters/ch10_reduced_nonreduced_geometry/chapter.tex	3d86aa20d71c4f892b313791d8ce795c397e1fc6f571030c10f4f27554a532bc	YES	-	-	-	-	-	-
VI	VI/11	books/vol06_algebraic_geometry/chapters/ch11_local_rings_residue_fields/chapter.tex	dc4d9d36aef4ede4ed6883c722ca9fbec65dc0e165acf5ee007ca90c14a1dcba	YES	-	-	-	-	-	-
VI	VI/12	books/vol06_algebraic_geometry/chapters/ch12_presheaves/chapter.tex	e94591dbd9295476ab4de49978a64a7465f6d9cd1d3db108008f29ea5c4b0678	YES	-	-	-	-	-	-
VI	VI/13	books/vol06_algebraic_geometry/chapters/ch13_sheaves_stalks/chapter.tex	17d3163d428c3088b59c04d30e8661dea1298e9f000cdf8e6b011fccfb3eb7ef	YES	-	-	-	-	-	-
VI	VI/14	books/vol06_algebraic_geometry/chapters/ch14_sheafification/chapter.tex	4fd1563f8c508109285a4942fd343ab82645485679d3bce29c9d941897e7b33a	YES	-	-	-	-	-	-
VI	VI/15	books/vol06_algebraic_geometry/chapters/ch15_kernels_images_quotients/chapter.tex	82dcec2ab3a701f9bf6d27026e437d597397cd48bf16290d2c457736be38502e	YES	-	-	-	-	-	-
VI	VI/16	books/vol06_algebraic_geometry/chapters/ch16_exact_sequences_sheaves/chapter.tex	8ee6773cf1bc5f33b9c0c1c81ef11a29186089ec296160b5760a3dd93c0c342b	YES	-	-	-	-	-	-
VI	VI/17	books/vol06_algebraic_geometry/chapters/ch17_structure_sheaf/chapter.tex	781067986593eb6f27c2dea4b90acb0fad42aed3786cddd5f2df0d04343db16d	YES	-	-	-	-	-	-
VI	VI/18	books/vol06_algebraic_geometry/chapters/ch18_affine_schemes/chapter.tex	04c70b6106d1559c35ae37118a65c10eaef97f21bb28b766f1a7b516cbd9b571	YES	-	-	-	-	-	-
VI	VI/19	books/vol06_algebraic_geometry/chapters/ch19_morphisms_affine_schemes/chapter.tex	b5dd8bfbcbb845540d059aab9727870cdbaeec97aa8c395e9b6c9fffafbb55ab	YES	-	-	-	-	-	-
VI	VI/20	books/vol06_algebraic_geometry/chapters/ch20_gluing_affine_schemes/chapter.tex	c83ed02eda8a1a910c8d01aa3aeee1f2012fc2d4cc1c0d6c7554f422f6501253	YES	-	-	-	-	-	-
VI	VI/21	books/vol06_algebraic_geometry/chapters/ch21_schemes_and_points/chapter.tex	831e7998579d29c50714f53d5b3f57183801e785d3b9f851990c323b22c5ec38	YES	-	-	-	-	-	-
VI	VI/22	books/vol06_algebraic_geometry/chapters/ch22_open_closed_subschemes/chapter.tex	dcaeeb46dddb58c37c88c7cc8f58b9dbcd39f9f0d62840223fb06c00c2862704	YES	-	-	-	-	-	-
VI	VI/23	books/vol06_algebraic_geometry/chapters/ch23_fiber_products/chapter.tex	491c54e343fc26eb47697806db2341232569d7622adadf0b8f1ffbcd5b63aca4	YES	-	-	-	-	-	-
VI	VI/24	books/vol06_algebraic_geometry/chapters/ch24_base_change/chapter.tex	9d9692e53403da7cea6c3245c4dc3e77a510934e1eeeaa55ecc59c87b5a26f9e	YES	-	-	-	-	-	-
VI	VI/25	books/vol06_algebraic_geometry/chapters/ch25_fibers_geometric_fibers/chapter.tex	597ba477ba58cfc7859ffd0d498764ba64edee7ac2f492ee5f0b7a117fd0504f	YES	-	-	-	-	-	-
VI	VI/26	books/vol06_algebraic_geometry/chapters/ch26_finite_type_noetherian_morphisms/chapter.tex	1658390bde176949bd4670fd107dbafd9f2455e799ab4e4e9df5d461c629ac56	YES	-	-	-	-	-	-
VI	VI/27	books/vol06_algebraic_geometry/chapters/ch27_integral_schemes_function_fields/chapter.tex	742236aa0c80d6381a345e6016c40271034d893535bbf249eb34049da8849bcc	YES	-	-	-	-	-	-
VI	VI/28	books/vol06_algebraic_geometry/chapters/ch28_normalization/chapter.tex	d6fe92e84f029cb2a623d2170023faa37a09eaadda939a999e52a98f65e74eb5	YES	-	-	-	-	-	-
VI	VI/29	books/vol06_algebraic_geometry/chapters/ch29_krull_dimension/chapter.tex	0050c12126f05481cc39d0b5107e74c39ce12cabe603ce78dd876ef011ea423f	YES	-	-	-	-	-	-
VI	VI/30	books/vol06_algebraic_geometry/chapters/ch30_dimension_of_schemes/chapter.tex	80cb6ab9563c869eba25398e00401c7c53567c31aa2a7013d96c94fe01aca19c	YES	-	-	-	-	-	-
VI	VI/31	books/vol06_algebraic_geometry/chapters/ch31_codimension/chapter.tex	67f165cb1293f4e7a22089aba1328e1165b8467b5a3682094530683359d28be7	YES	-	-	-	-	-	-
VI	VI/32	books/vol06_algebraic_geometry/chapters/ch32_tangent_spaces_and_local_geometry/chapter.tex	3ae7081e61177402bd2f2344589aeb9e894805de2521a8f72ebfdae64c5f8b0d	YES	-	-	-	-	-	-
VI	VI/33	books/vol06_algebraic_geometry/chapters/ch33_o_x_modules_quasicoherent/chapter.tex	7e2d30fb2a3a65dcb83bd787912e9dea559a62f7465b2e320dd46a5ead9ca054	YES	-	-	-	-	-	-
VI	VI/34	books/vol06_algebraic_geometry/chapters/ch34_graded_rings/chapter.tex	5b27af330d1ab83a1938fc19c7891d0c4c9a7203bb84e699c1df6e6629954b48	YES	-	-	-	-	-	-
VI	VI/35	books/vol06_algebraic_geometry/chapters/ch35_proj/chapter.tex	695a454ed10116c168453909a916d596c6f220163c7b4be1772f83867fdc0510	YES	-	-	-	-	-	-
VI	VI/36	books/vol06_algebraic_geometry/chapters/ch36_projective_space/chapter.tex	53d1e8a327f46872a0fe47aa5e835f2579f6d6e00b3abb598c5ce08cb41d4a7c	YES	-	-	-	-	-	-
VI	VI/37	books/vol06_algebraic_geometry/chapters/ch37_projective_schemes/chapter.tex	aa076f400c490323fd92d95f530ef44e898087fd088c8c18be792c35690e1bc0	YES	-	-	-	-	-	-
VI	VI/38	books/vol06_algebraic_geometry/chapters/ch38_projective_morphisms_and_closed_embeddings/chapter.tex	4c366f658f3cf6db0e1782745bd88d672ed3c20567ab69f51409c598d334e353	YES	-	-	-	-	-	-
VI	VI/39	books/vol06_algebraic_geometry/chapters/ch39_weil_divisors/chapter.tex	54572a29fc8812a996f9a9aedf19d2218bf9c76020b692713efb08e0f3943c39	YES	-	-	-	-	-	-
VI	VI/40	books/vol06_algebraic_geometry/chapters/ch40_cartier_divisors/chapter.tex	e1ce90f527f889560fcd6cc371c2518f5aa007951c6b5507a786db876f2a3f72	YES	-	-	-	-	-	-
VI	VI/41	books/vol06_algebraic_geometry/chapters/ch41_divisor_class_groups/chapter.tex	c6e9606d893eca75b4eefbe3617bcf8dea31947dc5858734efc25fe50226e836	YES	-	-	-	-	-	-
VI	VI/42	books/vol06_algebraic_geometry/chapters/ch42_line_bundles_and_picard_groups/chapter.tex	ac1165cd834f010e89b1cb6967cf1c1337f6a9fe69cdb15bbb846fb08f9b1698	YES	-	-	-	-	-	-
VI	VI/43	books/vol06_algebraic_geometry/chapters/ch43_plane_cubics/chapter.tex	9524d48be4a9163727ae967787dbe8b70138be5f5fe62c0bf378033d888d8202	YES	-	-	-	-	-	-
VI	VI/44	books/vol06_algebraic_geometry/chapters/ch44_cremona_transformations/chapter.tex	9c3303250a63518aa6353f50a1d7226b80f1122537758d0e7b9cd9838a5c160a	YES	-	-	-	-	-	-
VI	VI/45	books/vol06_algebraic_geometry/chapters/ch45_blow_ups/chapter.tex	f1f2184f5335fc06481b497871553559d0b42827de9bff9998e4018dab008c02	YES	-	-	-	-	-	-
VI	VI/46	books/vol06_algebraic_geometry/chapters/ch46_flabby_sheaves/chapter.tex	3fe132658d5c14e50b05d0fc6c88f93398131ea6f22cf766a7f432344294156f	YES	-	-	-	-	-	-
VI	VI/47	books/vol06_algebraic_geometry/chapters/ch47_ech_cohomology/chapter.tex	a73f7437c366d1ee31f2aeeca130a43c59c4eb563f0312663b16bae32dfc8d5c	YES	-	-	-	-	-	-
VI	VI/48	books/vol06_algebraic_geometry/chapters/ch48_exact_sequences_and_cohomology/chapter.tex	de1ad551e9c65a161ba2dfde2ba1c2afa3fe141652b5fcd2c6abc33b34497848	YES	-	-	-	-	-	-
VI	VI/49	books/vol06_algebraic_geometry/chapters/ch49_basic_vanishing_results/chapter.tex	82db52389203eb5e14923e6d3ba302b9070b72cf73e4e473247af88fd4aff852	YES	-	-	-	-	-	-
VII	VII/01	books/vol07_differential_geometry/chapters/ch01_topological_manifolds/chapter.tex	0912989f71def8a4797dba13fe1a2e8a9f08d5f5328695b1d162b2a199c8108e	YES	f242ec40dc9fa5af05f97e833683dc31dfbe5a65	YES	books/vol07_differential_geometry/chapters/ch01_topological_manifolds/pedagogy_expansion.tex	b01162661194ec0135ab01b4b96681c9f9f0f1ed5b53695bb3855ef43e92588c	YES	5cd50734dda270704c681ce99aabff603ebcb6f55a52052ac08fcfe44b7e92db
VII	VII/02	books/vol07_differential_geometry/chapters/ch02_smooth_structures_and_atlases/chapter.tex	793a2e7d1f0e3a6508f202d6137473104ffd9817c7a6196bc996d76cb7819c8c	YES	3b10faa7afb92460479923a447d47d09692f139c	YES	books/vol07_differential_geometry/chapters/ch02_smooth_structures_and_atlases/pedagogy_expansion.tex	9a45dd943e3c98b0f89c6bd330c77c026e74cc68c6dd95304fcab638481ea128	YES	061d4d80db59723aaa22123ce504ab8ea41e28fa5a251dfc7c0c47c93b2a4363
VII	VII/03	books/vol07_differential_geometry/chapters/ch03_smooth_maps_and_diffeomorphisms/chapter.tex	4c4a87ac4e69fcdeecbd55cd63a5215b7480c7eb330ceb8a11bbbdf6f077c084	YES	aa93a062a7a7f65f30b0152ff331feada281776e	YES	books/vol07_differential_geometry/chapters/ch03_smooth_maps_and_diffeomorphisms/pedagogy_expansion.tex	25f37b1f112b3f0efee4e0b270c6f7dfb5522856f783f76cd66570432f754962	YES	3c817449fc85cbbada9ef1a1f3cfe65ec7653c677d5fd45ebe0639fa3690bc34
VII	VII/04	books/vol07_differential_geometry/chapters/ch04_tangent_spaces/chapter.tex	964f78165743f3809cd89e5cae965a0ffe91d9d605bb76cab416346f599cfc77	YES	4baa475b0c60615173a2877f628d449322e798cd	YES	books/vol07_differential_geometry/chapters/ch04_tangent_spaces/pedagogy_expansion.tex	9360b35e626fc30b82e12f55ba92993cb5978c43d26b8ff37c7ff8b91109433b	YES	06e0ac804ea25321f886a7efb2579753e54d523a07ef540d422712fe77912627
VII	VII/05	books/vol07_differential_geometry/chapters/ch05_cotangent_spaces/chapter.tex	b80128fc09804e551f0ae11d1d18f596113a8fe7ae481425795cc587f811d799	YES	2e16720e112bfc99a1ced9188a1b56e66d3ee980	YES	books/vol07_differential_geometry/chapters/ch05_cotangent_spaces/pedagogy_expansion.tex	8eea1cc34264ff2e778273b2e7e89a28f8e1726012770a21ba25e203db8b8ff7	YES	c5ac4c3bd0c83667c102bf35de71b3e2dbc50486d89ae075dc2a7fed0e43ddc8
VII	VII/06	books/vol07_differential_geometry/chapters/ch06_submanifolds_and_products/chapter.tex	4c2fce05fe1642d263aa89d48701400bccbbbbe19529f580ef8809dba0598f5f	YES	f52e47f09f95042dad6adb3ca2b3c5222ae73244	YES	books/vol07_differential_geometry/chapters/ch06_submanifolds_and_products/pedagogy_expansion.tex	b88202c2977fe7715917e4df1c8aba9c5ed64d5f23b8b8ce6c2eb2cde9c56ced	YES	c0ddaa8446fa6ad25da9158aed26c16cc5c07ac34b02f36de1d7f83e87126e86
VII	VII/07	books/vol07_differential_geometry/chapters/ch07_vector_bundles/chapter.tex	42d0e3742a03e750de3700f3ae5d55607f42dd2a8b8d337bf186955e73a2e425	YES	f55c36c8e46a0071ea74a1eacc8015c0225ba258	YES	books/vol07_differential_geometry/chapters/ch07_vector_bundles/pedagogy_expansion.tex	20cd06e2b6b45e28f492d5f91cefe4d5f6689e01313447c380b6eddc6fa746ea	YES	d89b64dbcd51ce7b6fee45df4e5667c0d6c51fbe2df8befab45c34b54d7c2a0b
VII	VII/08	books/vol07_differential_geometry/chapters/ch08_principal_and_frame_bundles/chapter.tex	0d3473569525ff7ef37fa9a54de65bdd2604ff9948d24e78e14ff5532359b132	YES	b61485a7abe63633dbcc06e3dda87df33e31d23a	YES	books/vol07_differential_geometry/chapters/ch08_principal_and_frame_bundles/pedagogy_expansion.tex	f15cbf933c420252583aa20af6cf5b6d5f260481574c6d762457dcaad586b570	YES	c369a17e6d23244dd0126557385d8184020073448a45e63d73bdfc18fcc5f28c
VII	VII/09	books/vol07_differential_geometry/chapters/ch09_differential_forms/chapter.tex	0210a4af8622331394f788554a58260c59f484b6f087d3cd3304b65c95d61165	YES	b87cd06931239ea23ce4840ea046258ba7cc4bac	YES	books/vol07_differential_geometry/chapters/ch09_differential_forms/pedagogy_expansion.tex	d4761417395a62a1408651f2e0c0f118f4c1917f6eabeac08bef959543dbe74a	YES	9a8e8838d40fb774dc0baf4ea91d8928cb3ebc71376fabeec7eb7e2e61ac652b
VII	VII/10	books/vol07_differential_geometry/chapters/ch10_orientation_and_integration/chapter.tex	bc0a9aeb2ea127536ad97b52acd4e2e094c07f678931d84382cf76ff01587891	YES	d6e63b58ebb805c9dd7801421b13d9ab715996b2	YES	books/vol07_differential_geometry/chapters/ch10_orientation_and_integration/pedagogy_expansion.tex	eff985687ca5cc52229f2116a39d507b42695ee1e08c7873e57a6b3faca6447e	YES	3116ee88cf0de519f21e191657787ea1620f3df8c66781ccb585480a540664b5
VII	VII/11	books/vol07_differential_geometry/chapters/ch11_stokes_theorem/chapter.tex	4d7841917147eb47019e4aa02a0f2adb593dc9e8b8ebb5797b232f550f47e88e	YES	576084231d5809846c61a19ce25ebedddd94cd91	YES	books/vol07_differential_geometry/chapters/ch11_stokes_theorem/pedagogy_expansion.tex	cb07afb417e718f81491fc1c0e56126a38c1868b04565cc938fd51f9d22d6b64	YES	2188a330990ff73c992c6c5c4a988fdb2768e49bc2e3dabd1819609e2e21da5e
VII	VII/12	books/vol07_differential_geometry/chapters/ch12_regular_curves/chapter.tex	604739a5ce7cc2b62a8ba45d9648580302c814035c0bdd72e79aebf24aa635a5	YES	c4b0ef110a9519393e6c7809d72ce58d218576f6	YES	books/vol07_differential_geometry/chapters/ch12_regular_curves/pedagogy_expansion.tex	d7c5a43405c4f43762480a1b972002d4932046ea0d4fb8abc5059b5d4a7d38bd	YES	5ab0b2117cb055b9528c40fbeccfaf2f801866c3622c3afa4c4fcabcd8f2cfc2
VII	VII/13	books/vol07_differential_geometry/chapters/ch13_frenet_frames_curvature_and_torsion/chapter.tex	203e98212e64c8488f624d06531a11b55682d16e0050122275b72cb214c2ac58	YES	d65ba789ba1237dd2cb5b29bb8056c1876c62090	YES	books/vol07_differential_geometry/chapters/ch13_frenet_frames_curvature_and_torsion/pedagogy_expansion.tex	8f9ae2a8b9e0daa874d97d2be4b841daddaf27a312f43f0cd70ebd7c20a9f5d0	YES	42bd65d41a2a4fa0c76e84a835688fadf66eae078816457c561e2820ef735171
VII	VII/14	books/vol07_differential_geometry/chapters/ch14_regular_surfaces/chapter.tex	c2b47b412abd660d09c829a8374fec7c7bea4436705011e7d2262d7dd07cba42	YES	89251adf9a9fae39eede551164e408a49d41a099	YES	books/vol07_differential_geometry/chapters/ch14_regular_surfaces/pedagogy_expansion.tex	b96188b67304a525b108ceb281437992a39b849855495a3301716dc3bd1669fa	YES	721efee7cd52498b90b7a9221d99bcd803d56c5ac06436c6de588764475010bd
VII	VII/15	books/vol07_differential_geometry/chapters/ch15_first_and_second_fundamental_forms/chapter.tex	b8f5951b841ff94a03cbf097c327a2062d8360fd1bb2eafbd397f7ba7c44defa	YES	9faab7602f8e81435f99fd515d0858df55b1e96f	YES	books/vol07_differential_geometry/chapters/ch15_first_and_second_fundamental_forms/pedagogy_expansion.tex	acc8618bcc62e14e43d139be050f121ddff88bcc27be4898e72e9eebf5becc3c	YES	6f04ce8e4564642d12e8087cf3794a58893d540e5c4c5a8158e4de492ceaa663
VII	VII/16	books/vol07_differential_geometry/chapters/ch16_the_gauss_map_and_shape_operator/chapter.tex	da28de05742f0493cc0744c93cc083b10a7aec4c0f538974168bc02323f140c0	YES	a3442f4ddefcbd95f0359502c057b95d4a634f74	YES	books/vol07_differential_geometry/chapters/ch16_the_gauss_map_and_shape_operator/pedagogy_expansion.tex	770074e084ad47536970b665da9176ce893202cbb74248017cc95b2a62f62ab7	YES	926a63e3e8ea2756bb84326fd98d679bcc9e7d63dcff8b8a654a9dddffce3712
VII	VII/17	books/vol07_differential_geometry/chapters/ch17_principal_gaussian_and_mean_curvature/chapter.tex	c6d7af1d9d06019b1e784b6ab2955b150c9bc9ef09a5f2c5baecb1ca4a6d1ece	YES	5282683292b465f0e1dd1dbfe8e4b86a2953b782	YES	books/vol07_differential_geometry/chapters/ch17_principal_gaussian_and_mean_curvature/pedagogy_expansion.tex	019d4991a1ce5166fabb951caf57c485809761ca1aaab4ded5d106620949fa97	YES	908ed061ad7de05f19f1abe27e1d28cfb05bc03817a4cc3e108a87f196b2cdfa
VII	VII/18	books/vol07_differential_geometry/chapters/ch18_ruled_and_developable_surfaces/chapter.tex	1396153a58e2b7ede6d2daccb149c20c668774ba73ae816b373f69460fb1e614	YES	ab33d944b8c9b12c93f52e43e2c8a309812bb511	YES	books/vol07_differential_geometry/chapters/ch18_ruled_and_developable_surfaces/pedagogy_expansion.tex	260586e5bd22d383c98d275b67c5209b96b6af6aa06d757d4841895c93912509	YES	f86f8f601b7afa7f5893ddea70ea83dd7acb24d8af327114dbde3a069676c7ef
VII	VII/19	books/vol07_differential_geometry/chapters/ch19_minimal_surfaces/chapter.tex	c7caf2f06d094786e706492e26f22ef8866952af84ca76f4db0391d0d74bf275	YES	69f07ebc66ed08d14f8779a2c17da95c50a6bed4	YES	books/vol07_differential_geometry/chapters/ch19_minimal_surfaces/pedagogy_expansion.tex	0b85b50ff7bfd9391e23e5b7c55f1778e9e6c1dddc9566b02dc3669e9fa6374f	YES	3416403f89b0436a956f5687feb4d12e42fee57b5d9630ec539033d339150fe2
VII	VII/20	books/vol07_differential_geometry/chapters/ch20_riemannian_metrics/chapter.tex	2927c217da57d88e9592603179a2a361b8a9800df95748c19c58ab8618b35c8d	YES	38150c9522fd9d1232d3d45c4a54c43b8171376c	YES	books/vol07_differential_geometry/chapters/ch20_riemannian_metrics/pedagogy_expansion.tex	c055fe8d3863db268135a9414aba1333c4beb7682b80371ed45e3bfebeee337a	YES	bbe10be71c1b2ec3b1fa1b70f15e18bcdde6e6eecbb0bf3655dd190622f13931
VII	VII/21	books/vol07_differential_geometry/chapters/ch21_connections/chapter.tex	90c3eb709b3d9479987d44e4af32bf8a2e4d1fed6fd980b852e6b6f28076587a	YES	1ac5c1a6619e7cf1428f4ab1de0858ec64991032	YES	books/vol07_differential_geometry/chapters/ch21_connections/pedagogy_expansion.tex	ee31a7de5df0e3602bbeee184c671d5709f6ba39af0afc63b6a5f411710a679d	YES	9a94498415c0e8233febc5b37fe0e57103739fa979eefca8171b69c0b3b337a6
VII	VII/22	books/vol07_differential_geometry/chapters/ch22_the_levi_civita_connection/chapter.tex	4d741ff99fb246d8be2f04a1962c8824cca5bb49b32e77d1b7bcc0f3c36893ad	YES	d9555d4b6a897828121a08ad5bdd4e417662d047	YES	books/vol07_differential_geometry/chapters/ch22_the_levi_civita_connection/pedagogy_expansion.tex	325d78a38dd9e7e8da41f2fe539b8692250535f536c17b734fc8b68586ef8974	YES	54fc8540a855d43c55ce3876431bf728e492a678f08e934cf9cdd963e781603f
VII	VII/23	books/vol07_differential_geometry/chapters/ch23_geodesics/chapter.tex	be6360581a891ec208ddc89e2770b28f6abea9749f13e4648ada8f84aa170d7a	YES	6b8d3ebafcde29724793a1d231e4320363d943a2	YES	books/vol07_differential_geometry/chapters/ch23_geodesics/pedagogy_expansion.tex	52a4ff02d1eb3eca908f31a028847e111ad1b99235dd605ed097b4697483de6c	YES	331a287cd4bd8d37425db297d1d5056bdac1c714cbf7b7d5b0846d735b169dc4
VII	VII/24	books/vol07_differential_geometry/chapters/ch24_parallel_transport/chapter.tex	91e244261996669258bb01e8babee00e2494c1b43a5d4d822cc124a562f52f6e	YES	5f24d170eb893dedb45ca412915dead77802526b	YES	books/vol07_differential_geometry/chapters/ch24_parallel_transport/pedagogy_expansion.tex	c6878ca925f4adc6dbc0abea5286f04f69d4957267dea0bbd3fca5ce050c88af	YES	8d05085b46987ec51fec76b182db49ea6901865e7640a1571fce369cb4aed51d
VII	VII/25	books/vol07_differential_geometry/chapters/ch25_holonomy/chapter.tex	8eda3ce83fefa92b6a61f00806e2012004ef0428c6a97cf5fb5a9e5c2c576a32	YES	6eaa01b9d02bf09c17a5986d2378befa03a98930	YES	books/vol07_differential_geometry/chapters/ch25_holonomy/pedagogy_expansion.tex	8d5bfa610237f4d506188ef1fa1df32b4261cbdc95ed9563fe2f8b0197d20c61	YES	968370df2590a17d40d36beee5262d8b7c7adcbbc8c02e7c46b6e36d39d702ad
VII	VII/26	books/vol07_differential_geometry/chapters/ch26_the_riemann_curvature_tensor/chapter.tex	8be93d99615b07d7a041010f8069e9cbeff81d797ea2105191c8d430f8b74244	YES	1e98f9de59d0689580b6277440b9f81d1833047f	YES	books/vol07_differential_geometry/chapters/ch26_the_riemann_curvature_tensor/pedagogy_expansion.tex	eaafb9df2539f77d59c26175d05b0a68956b1a172611474a909d88e3ceb0cf4c	YES	b36f6fabe4d96a62dff64a380f76ef42f3447ced359931a5eadb7ba79c8629b8
VII	VII/27	books/vol07_differential_geometry/chapters/ch27_ricci_and_scalar_curvature/chapter.tex	33fed3fffaa6ab31ccb1fe263c807896ac048ca15eddc85593fb9abb05ac92a9	YES	2f112e52fe6149394888a0b3bac33c0d3e49b437	YES	books/vol07_differential_geometry/chapters/ch27_ricci_and_scalar_curvature/pedagogy_expansion.tex	0dd50633a1a3e25f83cdf272a04b0d3b02ecb2300663010b1a9ac8d7cd40be1b	YES	91de9a4ad3cf63455050410380af2b991cc967d11297d571338d5401571e9b21
VII	VII/28	books/vol07_differential_geometry/chapters/ch28_weyl_curvature/chapter.tex	eada8893bad2b4c59f781b71ceb60358c76f7c01d16374b21f67b05d60f6a9ff	YES	f6f2bd2a9a7975df2677f9b06d99467061f03a55	YES	books/vol07_differential_geometry/chapters/ch28_weyl_curvature/pedagogy_expansion.tex	75bbab6786e02b62a0d0cc580a37bdddc28e1461cb818db91bd7ad220021c9fb	YES	81ada810af718fc932de9106dd25d1c168f25c8bc8c302e47ba8a4eff42ccbae
VII	VII/29	books/vol07_differential_geometry/chapters/ch29_indefinite_metrics/chapter.tex	dec641a14387464877f38401fba8731c66b07ec5125e4830904518dcbc4afc7b	YES	0e0e530b6d616696dfee2acb5e955bc915b920b7	YES	books/vol07_differential_geometry/chapters/ch29_indefinite_metrics/pedagogy_expansion.tex	0cbafe13c9e96ba1da99bfc5548eeedffc8022316e88eb3ef119bce03c31c655	YES	db185a7952612505673e142f1cac728f77213ac30303d9bfca6250bc886a8e02
VII	VII/30	books/vol07_differential_geometry/chapters/ch30_riemannian_versus_lorentzian_geometry/chapter.tex	d2f72ce1d92775e68dd749ee910e5fe6de64d1e9dee6a40d673d618b96d3dfba	YES	a1d6cb8fa2cbaf20be098996ca8641130ffcd2d8	YES	books/vol07_differential_geometry/chapters/ch30_riemannian_versus_lorentzian_geometry/pedagogy_expansion.tex	37df6d31ca733e5390725b3f2da31445a73b01a484056bc44b47bb1b26ef37aa	YES	84e7d557fd969afe090021f7a4c88d1daf8c1c8666c6cf2e38e5a8e1f45d2006
VII	VII/31	books/vol07_differential_geometry/chapters/ch31_hyperbolic_plane_models/chapter.tex	d7ca84d919b2586e67f49e496302b1cd85cfccf0d9a27078e153f403511896e7	YES	a8424eeccacb8158132b8f429ec4c1f78fe64552	YES	books/vol07_differential_geometry/chapters/ch31_hyperbolic_plane_models/pedagogy_expansion.tex	7457f2577e1f17bbfa00384ffb32d652f068f1851d17b0cd60a2018ad4628778	YES	24ab72a14c7d3028e403c2f8a767618d9ae49a388e8894f9804db76a795b4f6a
VII	VII/32	books/vol07_differential_geometry/chapters/ch32_the_poincar_metric/chapter.tex	fe4df27e9a87609a43c167d7a27d8efed5a588bdcb193e710fe0b0b53ab24e8c	YES	6bb8bbe2b59bf3117389c673df2838d749378681	YES	books/vol07_differential_geometry/chapters/ch32_the_poincar_metric/pedagogy_expansion.tex	4d95ae2119bcec00449ae3282a90376f1222bcd4121fdcd265da61cb621083ee	YES	c3d327bdaa57a1793b251efd277d3476a571aa4d671cb135bc68cb9480054316
VII	VII/33	books/vol07_differential_geometry/chapters/ch33_m_bius_transformations_and_psl_2_r/chapter.tex	ead32dec789f47d24fed895deb8c6c4a8abc27092534fca1a1472a47ec999df0	YES	6c40627937a79726b08dbe430be1941b078c75eb	YES	books/vol07_differential_geometry/chapters/ch33_m_bius_transformations_and_psl_2_r/pedagogy_expansion.tex	3a3576cba7a67bc567bec39b4b360be92493e9f5f34676b38577333834ce877d	YES	a79342980e45b3c7c00d9c9d3c48c2dd41c6ef02868fb71768dc2525162f5ae8
VII	VII/34	books/vol07_differential_geometry/chapters/ch34_hyperbolic_isometries/chapter.tex	494ff3601c6924026de54e83e45ab29a60fe44ac39f2a54294dbbdf09c89fba0	YES	e011e2384976f8e7a5406e8a11baff8118be9a7e	YES	books/vol07_differential_geometry/chapters/ch34_hyperbolic_isometries/pedagogy_expansion.tex	db7bb722ff78cbda65c1b20be46b32c0678a2c2294b74890f657fc3891eabe9f	YES	a8d2fc4464150e45dddb2c45b9a917e10d311a7aa43e2cb319f1d11509ba435d
VII	VII/35	books/vol07_differential_geometry/chapters/ch35_fuchsian_groups/chapter.tex	3dbcde272f307a07b4996b634e40b9b89a8c795cda98be4fb0d5ca497fce060a	YES	1200760449532ddd20e3b14b746f44861eec8443	YES	books/vol07_differential_geometry/chapters/ch35_fuchsian_groups/pedagogy_expansion.tex	0ba2e154adcbc4c4407252f037e6d1ce8d54703654ccbfc0e353d594803dcd3d	YES	2190cad1f90e99ea86f2e5ad83c5800024a8d4e0509032ef459e1c3f63071528
VII	VII/36	books/vol07_differential_geometry/chapters/ch36_hyperbolic_three_space_and_psl_2_c/chapter.tex	3fa0b1f66fb68d99217ad0c2f726fbe5fa4daec4909fc6a0c77f5a62df1dbaed	YES	df9660bce55adb0ea494f86a8d09cd94bee1800e	YES	books/vol07_differential_geometry/chapters/ch36_hyperbolic_three_space_and_psl_2_c/pedagogy_expansion.tex	47a654d97bf913b6e222947c1a6916636eb88a366c532cb448760f66991624cd	YES	3957a3d2403042da4c95acd62e7e3a4c311b9d56ada4ad810da470dd61cfe789
VII	VII/37	books/vol07_differential_geometry/chapters/ch37_kleinian_groups_and_boundary_geometry/chapter.tex	aa4c036313cb13fb5d00f0fa7f41c21b8c92498564aad476ba0685c0098ec752	YES	f53d63717716124d1b200a5eb5a44076af76e0c0	YES	books/vol07_differential_geometry/chapters/ch37_kleinian_groups_and_boundary_geometry/pedagogy_expansion.tex	9786d28fe499f6c546323dff72f6e61e1d5714a0a633614ce67b6ae055a20e7e	YES	4e1ecb8aa4aeaa0de0dc0450609ec05d46bcb75d63fdafff3964da9dc0238dd9
VII	VII/38	books/vol07_differential_geometry/chapters/ch38_discrete_geodesic_problems/chapter.tex	754532db8cb2a52d6dcdb243945588f9835a635517326edaf5a8c5a4485634cd	YES	7224c1921951cea322c0dac159f1aeab0888e9b3	YES	books/vol07_differential_geometry/chapters/ch38_discrete_geodesic_problems/pedagogy_expansion.tex	68aa4649e71f95fa8f9e9d7036c6680bfa07b2a1ce4b783974b5e00e0a3f7e0b	YES	b4a664b2761403f5248f5e20b0139a6f866bd245d606f90960417fec67b7fed6
VII	VII/39	books/vol07_differential_geometry/chapters/ch39_graph_and_exact_mesh_geodesics/chapter.tex	efe121875299d168266802001dbc043b42cc87b4bc9601b66662ce8ffb5b4141	YES	7a74f942366a0e91fce8ed02f55dbed71fc8a85e	YES	books/vol07_differential_geometry/chapters/ch39_graph_and_exact_mesh_geodesics/pedagogy_expansion.tex	e975b6b721ff9404f1b53f9048df6933e2d60094d41d50cfbaa03c4c265a4955	YES	71ab322e8564b6f818d22f7a6296a95658146da27becf23e037256b251bd411a
VII	VII/40	books/vol07_differential_geometry/chapters/ch40_the_heat_method/chapter.tex	aebefcc19ef9c1b1d263ffa52cdbe2867db14b2d4f791bb9d1643bc978e58867	YES	c61b4ca0f2458f91b63dcdc17a0f560cbd0eb579	YES	books/vol07_differential_geometry/chapters/ch40_the_heat_method/pedagogy_expansion.tex	9da7e9f767430948d1a36025426bfb656f841fca4292ecb5247b1508d9295d66	YES	f9c0d915b23edf8a0f608bb8cf38aaec69364a15242710e1326cae39cffc815b
VII	VII/41	books/vol07_differential_geometry/chapters/ch41_discrete_laplacians/chapter.tex	e9602cb207c7fd07bfbbb3c1e44e696a621c362a3fd13a4037398a67cef6a202	YES	6ac4a571d36186216310db854da87afe8e652037	YES	books/vol07_differential_geometry/chapters/ch41_discrete_laplacians/pedagogy_expansion.tex	6baf06dbe78e0ef9a3fea6040bc7c0df3985c281dd982c1fe14eb2ccdfaae110	YES	a4756027ac39e8362d173f8306270ae8625cf410da66618afcf9a3f799440c86
VII	VII/42	books/vol07_differential_geometry/chapters/ch42_curvature_lines_ridges_and_valleys/chapter.tex	52cfef7087b6f60624ed08d72a5675c1c01f55e5e2145e0db0f13189646c1ffd	YES	69a17bdceca4ba28e25abdad00b86b17d995dc17	YES	books/vol07_differential_geometry/chapters/ch42_curvature_lines_ridges_and_valleys/pedagogy_expansion.tex	bd74bdd1544df4effaa0760a8851099984b12d651e4620c08f0e65c1e5931b72	YES	c47de5c52d8671f6690c2cb2794d39141f8a004452800fd19dd88c2313d92027
VIII	VIII/01	books/vol08_algebraic_topology/chapters/ch01_homotopies_of_maps/chapter.tex	7aee5a5a210ad076aae0ad02feffdf2300a5c552e973a0be15c40c85d01f8f98	YES	bf891c6b6efa5037a05dc5081daabfbec7c36aea	YES	books/vol08_algebraic_topology/chapters/ch01_homotopies_of_maps/pedagogy_expansion.tex	7408048b04d42aaf4702d9c18cc7242632d121b9c0021b53ddd68f5b3eb8b324	YES	e2fc0bdf1027584c60928e70ab3dc55f2cbc653f7fdb949df4a9fd7cb15f5203
VIII	VIII/02	books/vol08_algebraic_topology/chapters/ch02_homotopy_equivalence_and_contractibility/chapter.tex	b446702d26f45b6bdbcb4ba527cc718bc99f36735b86452479d0762b348597c8	YES	48825040c89d036663b203419e30ed3a33b34c5d	YES	books/vol08_algebraic_topology/chapters/ch02_homotopy_equivalence_and_contractibility/pedagogy_expansion.tex	960cfb959ab96c794c5ffcbfb6919a511182a6a1acdc77cbf9df141eae4a9c6f	YES	d87023ad9cf9d3fc351c48c08665ab033a51e175a53ca8ce0a8f2492a2b7eea9
VIII	VIII/03	books/vol08_algebraic_topology/chapters/ch03_degree_of_maps/chapter.tex	59231bade8bdb07ef1863de1985e27b05747ddeec31b3a20072905052e7af478	YES	cba4ba893bbcb31e0307fe71cf3a78d2e36dd347	YES	books/vol08_algebraic_topology/chapters/ch03_degree_of_maps/pedagogy_expansion.tex	f58dd1b24603938719fd038b0b813401ab3fd5c05815e8ad15c198ecb5f011d0	YES	b948f9a6221872a30112a17d3e718903310fa99f1f9d6d91d2dcf98423b55a06
VIII	VIII/04	books/vol08_algebraic_topology/chapters/ch04_spheres_and_antipodal_maps/chapter.tex	5403bd40a510b633d2d0c0b9af789ddb94eb6a5b5cfc98ef75ac1bdee36b4919	YES	3cfc2c7fec4bfac357d82744103d40a18252d592	YES	books/vol08_algebraic_topology/chapters/ch04_spheres_and_antipodal_maps/pedagogy_expansion.tex	070ee3a23e63e980b80a37a09ea99fd7cb0f6f1d77c33b9156207c21151f3339	YES	e20ee5880873c524c57b07e45402803535a80fb668bccb95acdd4c31f27cf139
VIII	VIII/05	books/vol08_algebraic_topology/chapters/ch05_cell_attachments/chapter.tex	fb93be0aa8688bfbcbebe3e11bf0d5104a7561bdf29e778a127cdac3fdd82964	YES	c501eb8cc3a031524ade7f96aea2c3c39e46f50b	YES	books/vol08_algebraic_topology/chapters/ch05_cell_attachments/pedagogy_expansion.tex	dd6aeb6dfa43db9f671178324c648f84a6d17afce639f90e398a1f7ce6c06cda	YES	6e8c3e4041cecd77ed13ff770b1ab87ddc95971440efeaa59d2fefee5cb3c82e
VIII	VIII/06	books/vol08_algebraic_topology/chapters/ch06_cw_complexes/chapter.tex	957ae835698d2c021b67f244cdd207d2f5dadcdb9fe284364dce75259c67fe74	YES	d4b514680a70e774a42cf13df3f7cecff5becc36	YES	books/vol08_algebraic_topology/chapters/ch06_cw_complexes/pedagogy_expansion.tex	ec76398d3175b060dd2526a13d2526e1ff2fab148cf7af1e32e9a215fc39ea7f	YES	24003dae3cd532c408dc2fe0f41edd87f7078b90e971ed4dfcfa1ff88794d882
VIII	VIII/07	books/vol08_algebraic_topology/chapters/ch07_mapping_cones/chapter.tex	eea37a5a3b6e9d5cc50315de8b3f328cda25a8e04d8d3feb63ce2790c101c76c	YES	f90dd96e411843e1787b38da8f3c94191a2d1edc	YES	books/vol08_algebraic_topology/chapters/ch07_mapping_cones/pedagogy_expansion.tex	d985c8da26428bb5401cb35594421f9d8bf101784c5b4ce720e06dac69a90dcd	YES	e223fa1e6adc69d3892c3b2f89cc518d3a3bedce09e79b49d799fc4a81a96580
VIII	VIII/08	books/vol08_algebraic_topology/chapters/ch08_homotopic_attaching_maps/chapter.tex	b2ccd5f081431fa4fc9dceb2ac4e61cd3e9b9197e58748e9c17d77eb6fe8b36a	YES	20497c1697f3b389cd3d286bc94db0099ca62224	YES	books/vol08_algebraic_topology/chapters/ch08_homotopic_attaching_maps/pedagogy_expansion.tex	8b191d55c468eea8df70a9df89161179c70930c64531447ec122ab49ab645c7a	YES	c84463e150536cbc6b969d699bef835f3e46893aab7ad85be8c1a2d802fd142d
VIII	VIII/09	books/vol08_algebraic_topology/chapters/ch09_paths_and_fundamental_groups/chapter.tex	14bc81b1d29f54a0508710ed72a6718dd382a90e969eb4089d7280f84939ba89	YES	ebf8e2dcee98e220ed50950eda271ec8e118e44e	YES	books/vol08_algebraic_topology/chapters/ch09_paths_and_fundamental_groups/pedagogy_expansion.tex	1b22b3f87eb1bac3e2ec55d0cc2e547de89348581ebeb378ae6eb973050fc299	YES	889d350be0d7260f81086123be01b509d435d7bd1530dafa750dd589468660ab
VIII	VIII/10	books/vol08_algebraic_topology/chapters/ch10_covering_spaces/chapter.tex	fa1c0274c432eabebcd85bae0e16e60f55a39800b60d2fbcd419c88f22bcde7a	YES	948785b98f9b5bcff8caf5782208a6cd295ed115	YES	books/vol08_algebraic_topology/chapters/ch10_covering_spaces/pedagogy_expansion.tex	9c46ec5a22e4b4585939374f79866e7ad70b4d990b9a0d56ef6ae4159e3a57be	YES	be8d2930f407c191e35b62a0ebf1b7863d6d29827959ca2d09340630584c63e6
VIII	VIII/11	books/vol08_algebraic_topology/chapters/ch11_lifting_properties/chapter.tex	d4ef9169d28186e47ca7a7e3bb9055a500ff2264735554c2b4dc8d5bbf822a9c	YES	a2659ba366aae4b9580991056dc16f0be8a06ef9	YES	books/vol08_algebraic_topology/chapters/ch11_lifting_properties/pedagogy_expansion.tex	559b982055cdf1a310f509cdb14398c423988d1932d8af0e5acd35d46414b3e5	YES	4df72e982e5488bbfc399b6aaec7ed899d09bd119fec7c8b27216aed20ddb9f9
VIII	VIII/12	books/vol08_algebraic_topology/chapters/ch12_deck_transformations_and_group_actions/chapter.tex	c19fcc5197945c08576c8f4734a00ba6fed1f58f7c087c5de06bf7d25e1a76e7	YES	af9dea27bebb2ee5a3dc89653f12adbbc39eae58	YES	books/vol08_algebraic_topology/chapters/ch12_deck_transformations_and_group_actions/pedagogy_expansion.tex	02973969dbc5aaa83b8660d796ab3b553e9e444d93d82ae2c145368f0f4f0fec	YES	07403aaa5f6fbcfaa32fb2f837c7a1d9cd7182d35cf4afca2245ad5eca01fd83
VIII	VIII/13	books/vol08_algebraic_topology/chapters/ch13_su2_to_so3/chapter.tex	5d3c36294c97beef5b61dc99b5e231316dae8bf0ef91f8e1e74264121329a127	YES	aa44467afb57f5b8a6ba4fe7abcf2dbdb8a2921f	YES	books/vol08_algebraic_topology/chapters/ch13_su2_to_so3/pedagogy_expansion.tex	aeb8b1a5e1e3682b99946278da69116662ad2ee1c81f2aae91a656fdfecba6df	YES	47b2ed9c76660026f30c53aa8068b900e8de4dfacb3b0a8e8f989d0db34f174f
VIII	VIII/14	books/vol08_algebraic_topology/chapters/ch14_free_groups_and_covering_graphs/chapter.tex	2270ca9b9f37f764cbfd8ba800a29dcbe3cb2feed9a81e2afe5a6bf39a3cb606	YES	d6405b31785460696d8df1cbda315e1a1922b800	YES	books/vol08_algebraic_topology/chapters/ch14_free_groups_and_covering_graphs/pedagogy_expansion.tex	34d1d57a0fec6ac52b78a47886da1f97fdc205a71f0e90dd522fe134dfb76e09	YES	185879f9e927a60fc58a56c94f57104459b0c61acb8df1d7170ee3db925efa53
VIII	VIII/15	books/vol08_algebraic_topology/chapters/ch15_simplicial_complexes/chapter.tex	4f44443bcb1c7028281d22a42111986f7a132942d7f12c76825c98411d568eb8	YES	0fa012a193bd84ad699ef19cdbbfa6a60eb9a931	YES	books/vol08_algebraic_topology/chapters/ch15_simplicial_complexes/pedagogy_expansion.tex	30c181a73509d721c2a820a956e662524800423ebaab8a14aed47eaf81721fde	YES	e8a44f40a123fb1038fcd03c96c98345b874c1a60853e73733e6598c32fb55be
VIII	VIII/16	books/vol08_algebraic_topology/chapters/ch16_chain_complexes/chapter.tex	aaa602e9d036e393a3433d94f4d91da66a977e1dbec60d42f1c7a67d9e18b2fb	YES	d0698c5c015f84318f077e26b9eb97e90673baab	YES	books/vol08_algebraic_topology/chapters/ch16_chain_complexes/pedagogy_expansion.tex	d31e1d1ba1b8acc50235e20f2293da27306eb0a6ff12e8a13fd756cb89685e04	YES	58f4c885e50e85e695a5086d5e1c4ede7556a3e7bce80870b4febe28bc9df846
VIII	VIII/17	books/vol08_algebraic_topology/chapters/ch17_simplicial_and_singular_homology/chapter.tex	f1183bf9a933b35b0f4f160ef7fbbf02465bba5d87935cd600b3844ca0f20207	YES	a6236fd15697f2bd891a4d6e50d609afe5f232ba	YES	books/vol08_algebraic_topology/chapters/ch17_simplicial_and_singular_homology/pedagogy_expansion.tex	b7b2c1e4ac78219400497d4f8387384f57b06bbbc5dc06e7bf758d49c505a0ce	YES	16b86e6ccbf350ff8c5435526364f5223b94eb6252fe82e1d418ae07a7d96272
VIII	VIII/18	books/vol08_algebraic_topology/chapters/ch18_cellular_homology/chapter.tex	265fe7bae82ccb19650c1af1884efe0f7553a7f2de9a9162db78d4e28f3f29b8	YES	1b816d0e9b26cea1e533116ef95035148cac8472	YES	books/vol08_algebraic_topology/chapters/ch18_cellular_homology/pedagogy_expansion.tex	004f4e0f4b10c705e3098a6665c1a8de3da165361f0477efedab8f4e5f290fdf	YES	d226bc983e335c50367f520f50c364e80595c53f8a11d811f9a48c21c661a15d
VIII	VIII/19	books/vol08_algebraic_topology/chapters/ch19_relative_homology_and_exact_sequences/chapter.tex	9a048fb962c60f7692454bdcffcae1770f69516e37a4e9eedc340eb908cef330	YES	d6a0e1d85b218c01ae3b4583a2b43cde1ffea11a	YES	books/vol08_algebraic_topology/chapters/ch19_relative_homology_and_exact_sequences/pedagogy_expansion.tex	22ac777aa51635d7386ecb62debbb8fc59f2d08a187662a7a98d743d0ca70131	YES	8e568f24bbd151d1f2f64da71a44dbefed05477f08a252ac71c87ffb8be35fd1
VIII	VIII/20	books/vol08_algebraic_topology/chapters/ch20_homotopy_invariance/chapter.tex	100e9594e430ce49bb8058ddd2c80bd313b0b3d65294011498446fdba1cca6ca	YES	7c317747c5bad98a51f9277577e5f677d00c15da	YES	books/vol08_algebraic_topology/chapters/ch20_homotopy_invariance/pedagogy_expansion.tex	4782a2f332e5731111c33bf53a76d2111f9304a161d5d6e6c524a04d29cbe04f	YES	95d185d8403151946348335342dc66504ae82a5c96532261674be9f983740c2d
VIII	VIII/21	books/vol08_algebraic_topology/chapters/ch21_euler_characteristic/chapter.tex	7bdfe1fc907ccc8f8e2cc34fbc67d2d214bf4b4e1363c71cae6dd8d826d3d698	YES	0c3b2f93ede6aac0da287bccf27893c87cc8f3ad	YES	books/vol08_algebraic_topology/chapters/ch21_euler_characteristic/pedagogy_expansion.tex	ea1563f96cabf6cdcf76a0441e02925db9a4f4866cbdbf1b17cb64d118178c83	YES	c6e7c74467572db3269328eeab8b7a929564859889e1ba3acd2af04f45166dee
VIII	VIII/22	books/vol08_algebraic_topology/chapters/ch22_chain_homotopies/chapter.tex	20f4f90579e102783893058726d45736bdfa00c923b819eab2bc06a00358c2e2	YES	2cac351aa5a69245d2a26dc23e39373885b577e2	YES	books/vol08_algebraic_topology/chapters/ch22_chain_homotopies/pedagogy_expansion.tex	451960643c242e8acdd6fbe275c62abb58260a204d9ad13d7323223feb2bf185	YES	ab7ad6d39be6f4bc6741064ba75b6896fdcb3ce6983b9a5bdfb7ae168ae29844
VIII	VIII/23	books/vol08_algebraic_topology/chapters/ch23_chain_contractions/chapter.tex	f223afde9ab52327af2d7c31a714245a5ca42a7a0acb13aa9bbc5c7e0094a831	YES	13322aae25d49e463101ad332eeddafef3feccca	YES	books/vol08_algebraic_topology/chapters/ch23_chain_contractions/pedagogy_expansion.tex	095d16255fddab420fbd104477594089ad796e6087c5954645c4d23eeb09bd15	YES	a3d1d82a55a4c2f8f5e470347cab7f0049f433307608b8547442afaf37d89545
VIII	VIII/24	books/vol08_algebraic_topology/chapters/ch24_mapping_cones_of_chain_maps/chapter.tex	f0e9bce23e70a90e78c0eecf2cd1f417503ea3ce561fa014de6a8d5610469880	YES	563e209edc53434e57efec3dde312e9e39d64115	YES	books/vol08_algebraic_topology/chapters/ch24_mapping_cones_of_chain_maps/pedagogy_expansion.tex	f4ccd67d92b0ba279c73048dfa282d5da664b89def38560d4ff01e1ca9090ae2	YES	8efd3f2888163fea2a74341611187c28fa1c2b7896ea74d6cd0fbdb5e07135a4
VIII	VIII/25	books/vol08_algebraic_topology/chapters/ch25_homology_with_coefficients/chapter.tex	a5dadc1c59dcf1899df701dca9ca2080c19d7fc22964f97eb3ba30e1a59b2410	YES	0feb82b59f6dc4bf8a0c56fd02f90664ef083273	YES	books/vol08_algebraic_topology/chapters/ch25_homology_with_coefficients/pedagogy_expansion.tex	19f6eed3272eecd480cdb78d31260dd1b768641103f34dba45a855b6467e0d55	YES	bc17accf07717b82ec73a94e9df99ef28e06901226a00a69f5e73e4bfa88c0a4
VIII	VIII/26	books/vol08_algebraic_topology/chapters/ch26_the_universal_coefficient_theorem/chapter.tex	53a8c5b9298427dc30d68e4b7c3fbdd0a0ec5c058be3016ae03f0587ded2359c	YES	7c7e9390f84572b7fa522a8adcc6d0466f44f72c	YES	books/vol08_algebraic_topology/chapters/ch26_the_universal_coefficient_theorem/pedagogy_expansion.tex	78f76c623ede4f488a21e31d9546ead497e8a33ec62ee786fb5ad1b57c09d360	YES	396d70faca8794f6b585c92d4e12b80b144035f96e8d4120a56e7c72951259ec
VIII	VIII/27	books/vol08_algebraic_topology/chapters/ch27_products_and_the_k_nneth_theorem/chapter.tex	577f8a17569abaa2c1ebfa7071c0ed4dddc3890d8735b59b8b0396309c96956c	YES	3f37f220528977cd5e494173d7726fbbb3567ac1	YES	books/vol08_algebraic_topology/chapters/ch27_products_and_the_k_nneth_theorem/pedagogy_expansion.tex	0185e49812c0279429c4b3beba5732cec6227221661e7e60dce5c147c39611c1	YES	2da03cd26d8f9791f29f25c359d3587090849729710bfd8edb3efa82e494e1ed
VIII	VIII/28	books/vol08_algebraic_topology/chapters/ch28_cohomology/chapter.tex	126e5723290e0712390f0a2284b809f35c453226e3903c7f0a1f2aaaa464807d	YES	e5bd0b184f6dd75ed09a2a39801b6569489e402d	YES	books/vol08_algebraic_topology/chapters/ch28_cohomology/pedagogy_expansion.tex	762e838f629e2a1dc1fe49ac68c90a8a0e201e927c47eee70169822d0f8ef0fc	YES	01549388a9fabe6f5cef0507d01540e02f1935ee5ddf6c2bad24b398fb7c33d7
VIII	VIII/29	books/vol08_algebraic_topology/chapters/ch29_cup_products/chapter.tex	3de841f6e321f7d3ead9171b5420b5910ca4b3a2e6c0c58d54334760893af150	YES	bbad2a033d59031825cd5f7eda5d5f5e06c98d45	YES	books/vol08_algebraic_topology/chapters/ch29_cup_products/pedagogy_expansion.tex	92390509d3d68352986925769bec494e98de182eb80115e006d623b45c097493	YES	417198b92d74d63974e63a0ff80139b72710705caa148d8bf551ea649c6798bc
VIII	VIII/30	books/vol08_algebraic_topology/chapters/ch30_vector_bundles_and_clutching/chapter.tex	dcfd1b413c0292052e94237b7c1b8764e7ee7d6be842843e3c83ebb5f97701c7	YES	0bf565a4be20930b03f2360055ab3aa495422409	YES	books/vol08_algebraic_topology/chapters/ch30_vector_bundles_and_clutching/pedagogy_expansion.tex	c7389739f3840f5184f3afe07373ca85bb1b8f6342074453a987dec09bedd568	YES	c1351bf4dfae43270eb151657c89f7ab28603d62ca9204584e3e7bacb4258150
VIII	VIII/31	books/vol08_algebraic_topology/chapters/ch31_thom_classes/chapter.tex	10f3dae43df21628b5aff7d974ad3d58c5ce27be30ad470d6f6cd7cf83295f6a	YES	d323d20ab4e44fbc839a30ba0aa18511fa046916	YES	books/vol08_algebraic_topology/chapters/ch31_thom_classes/pedagogy_expansion.tex	9655c98e5477ff6ed8e46fd54e997d9009823cd38fd0da6a5e1235306a23b564	YES	bc9b2612c43dc412c5abe4f3a2c0dfabe4deaba49eb5e4e2a2ddade0fb560188
VIII	VIII/32	books/vol08_algebraic_topology/chapters/ch32_sphere_bundles_and_euler_classes/chapter.tex	3a719c63022bd6b69555f5ff21ecadc661c74d1eaf3e98eb8c71498f96453369	YES	ae126b0f23ed8366d373d394191ab72af16144bf	YES	books/vol08_algebraic_topology/chapters/ch32_sphere_bundles_and_euler_classes/pedagogy_expansion.tex	16074ceaf763ada7effb0fae7268c0fe2cfd5c5a17fb32ac0c119d96ee111490	YES	146504d2f4ec52de5abed521b0242e3b1e7ca829fd9b5dc753e245c1553290d0
VIII	VIII/33	books/vol08_algebraic_topology/chapters/ch33_poincar_duality/chapter.tex	cc3054eee4458fcfebabba357e5cb2cf23745021c852f6d1d1840b0db3ed8808	YES	3642efb2cad6c5161db990b8a9a3b32a1f671404	YES	books/vol08_algebraic_topology/chapters/ch33_poincar_duality/pedagogy_expansion.tex	9aea15b9eda31b8bc6eda1e7f5a6bd4a983b98bbef5e8bfa52311375a555f3b2	YES	6152c24126ce80444ea191bd51463219afde1a59c1fbf9d5d798225328721b60
VIII	VIII/34	books/vol08_algebraic_topology/chapters/ch34_intersection_forms/chapter.tex	84b1bd36a4da0f8d28bcc1525e8903ddf159d56f90fe3ae205edd68500eeba9b	YES	e75e943ce9975f12e7a9dfe85b4f7fe10ca4f4b2	YES	books/vol08_algebraic_topology/chapters/ch34_intersection_forms/pedagogy_expansion.tex	273aabc97816b50b779b73fb357930cd8221946e213ee1f0dfd98dbe6fa84f1f	YES	d7fdc3aed045db8740c380213742702359a522b858171fee81285239e685173d
VIII	VIII/35	books/vol08_algebraic_topology/chapters/ch35_lefschetz_theory/chapter.tex	6a94c298a9a8a5168e2a789ede3aea006573896b70f3b0b0026f079f2d60be24	YES	4792f4374a128c3ff2317b19ca42b9232697a409	YES	books/vol08_algebraic_topology/chapters/ch35_lefschetz_theory/pedagogy_expansion.tex	417fb965861ef66205f01c6e5e8b267e5a6004ffb58f49d1a39e9fd25583e6c9	YES	62fe0e8ada5a858769ba44983707ffef19a7e15ef40389d2910319b092d4ae92
